2025-05-24 22:27:14,189 - INFO - ChamadoId 12102 processado e salvo no banco de dados.
2025-05-24 22:27:14,195 - INFO - Enviando 10 chamados para geracao de keywords
2025-05-24 22:27:14,196 - INFO - ChamadoId 12122 processado e salvo no banco de dados.
2025-05-24 22:27:14,197 - INFO - Enviando 10 chamados para geracao de keywords
2025-05-24 22:27:15,031 - ERROR - Erro ao enviar lote para Flask: HTTPConnectionPool(host='localhost', port=8081): Max retries exceeded with url: /extrair-keywords (Caused by NewConnectionError('<urllib3.connection.HTTPConnection object at 0x0000023208704E30>: Failed to establish a new connection: [WinError 10061] Nenhuma conexão pôde ser feita porque a máquina de destino as recusou ativamente'))
2025-05-24 22:27:15,036 - INFO - Enviando 10 chamados para análise de emoções no Flask.
2025-05-24 22:27:17,219 - ERROR - Erro ao enviar lote para Flask: HTTPConnectionPool(host='localhost', port=8081): Max retries exceeded with url: /extrair-keywords (Caused by NewConnectionError('<urllib3.connection.HTTPConnection object at 0x00000232077E2C00>: Failed to establish a new connection: [WinError 10061] Nenhuma conexão pôde ser feita porque a máquina de destino as recusou ativamente'))
2025-05-24 22:27:17,219 - INFO - Enviando 10 chamados para análise de emoções no Flask.
2025-05-24 22:27:17,234 - ERROR - Erro ao enviar lote para Flask: HTTPConnectionPool(host='localhost', port=8081): Max retries exceeded with url: /extrair-keywords (Caused by NewConnectionError('<urllib3.connection.HTTPConnection object at 0x000002336EF36F00>: Failed to establish a new connection: [WinError 10061] Nenhuma conexão pôde ser feita porque a máquina de destino as recusou ativamente'))
2025-05-24 22:27:17,235 - INFO - Enviando 10 chamados para análise de emoções no Flask.
2025-05-24 22:27:17,250 - ERROR - Erro ao enviar lote para Flask: HTTPConnectionPool(host='localhost', port=8081): Max retries exceeded with url: /extrair-keywords (Caused by NewConnectionError('<urllib3.connection.HTTPConnection object at 0x000002336EF377D0>: Failed to establish a new connection: [WinError 10061] Nenhuma conexão pôde ser feita porque a máquina de destino as recusou ativamente'))
2025-05-24 22:27:17,251 - INFO - Enviando 10 chamados para análise de emoções no Flask.
2025-05-24 22:27:17,251 - ERROR - Erro ao enviar lote para Flask: HTTPConnectionPool(host='localhost', port=8081): Max retries exceeded with url: /extrair-keywords (Caused by NewConnectionError('<urllib3.connection.HTTPConnection object at 0x0000023208707800>: Failed to establish a new connection: [WinError 10061] Nenhuma conexão pôde ser feita porque a máquina de destino as recusou ativamente'))
2025-05-24 22:27:17,253 - INFO - Enviando 10 chamados para análise de emoções no Flask.
2025-05-24 22:27:17,425 - ERROR - Erro ao enviar lote para Flask: HTTPConnectionPool(host='localhost', port=8080): Max retries exceeded with url: /prever (Caused by NewConnectionError('<urllib3.connection.HTTPConnection object at 0x000002320F802ED0>: Failed to establish a new connection: [WinError 10061] Nenhuma conexão pôde ser feita porque a máquina de destino as recusou ativamente'))
2025-05-24 22:27:17,436 - INFO - Processando chamadoId: 12120
2025-05-24 22:27:17,464 - INFO - ChamadoId 12120 processado e salvo no banco de dados.
2025-05-24 22:27:17,474 - INFO - Processando chamadoId: 12118
2025-05-24 22:27:17,496 - INFO - ChamadoId 12118 processado e salvo no banco de dados.
2025-05-24 22:27:17,508 - INFO - Processando chamadoId: 12116
2025-05-24 22:27:17,530 - INFO - ChamadoId 12116 processado e salvo no banco de dados.
2025-05-24 22:27:17,542 - INFO - Processando chamadoId: 12114
2025-05-24 22:27:17,564 - INFO - ChamadoId 12114 processado e salvo no banco de dados.
2025-05-24 22:27:17,576 - INFO - Processando chamadoId: 12112
2025-05-24 22:27:17,599 - INFO - ChamadoId 12112 processado e salvo no banco de dados.
2025-05-24 22:27:17,610 - INFO - Processando chamadoId: 12110
2025-05-24 22:27:17,633 - INFO - ChamadoId 12110 processado e salvo no banco de dados.
2025-05-24 22:27:17,645 - INFO - Processando chamadoId: 12108
2025-05-24 22:27:17,666 - INFO - ChamadoId 12108 processado e salvo no banco de dados.
2025-05-24 22:27:17,677 - ERROR - Erro ao enviar lote para Flask: HTTPConnectionPool(host='localhost', port=8081): Max retries exceeded with url: /extrair-keywords (Caused by NewConnectionError('<urllib3.connection.HTTPConnection object at 0x000002320B9FDDC0>: Failed to establish a new connection: [WinError 10061] Nenhuma conexão pôde ser feita porque a máquina de destino as recusou ativamente'))
2025-05-24 22:27:17,677 - INFO - Enviando 10 chamados para análise de emoções no Flask.
2025-05-24 22:27:17,679 - INFO - Processando chamadoId: 12106
2025-05-24 22:27:17,703 - INFO - ChamadoId 12106 processado e salvo no banco de dados.
2025-05-24 22:27:17,714 - INFO - Processando chamadoId: 12104
2025-05-24 22:27:17,736 - INFO - ChamadoId 12104 processado e salvo no banco de dados.
2025-05-24 22:27:17,747 - INFO - Processando chamadoId: 12102
2025-05-24 22:27:17,767 - INFO - ChamadoId 12102 processado e salvo no banco de dados.
2025-05-24 22:27:17,768 - INFO - Enviando 10 chamados para geracao de keywords
2025-05-24 22:27:17,896 - ERROR - Erro ao enviar lote para Flask: HTTPConnectionPool(host='localhost', port=8080): Max retries exceeded with url: /prever (Caused by NewConnectionError('<urllib3.connection.HTTPConnection object at 0x0000023207730560>: Failed to establish a new connection: [WinError 10061] Nenhuma conexão pôde ser feita porque a máquina de destino as recusou ativamente'))
2025-05-24 22:27:17,906 - INFO - Processando chamadoId: 12120
2025-05-24 22:27:17,932 - INFO - ChamadoId 12120 processado e salvo no banco de dados.
2025-05-24 22:27:17,941 - INFO - Processando chamadoId: 12118
2025-05-24 22:27:17,963 - INFO - ChamadoId 12118 processado e salvo no banco de dados.
2025-05-24 22:27:17,973 - INFO - Processando chamadoId: 12116
2025-05-24 22:27:17,995 - INFO - ChamadoId 12116 processado e salvo no banco de dados.
2025-05-24 22:27:18,006 - INFO - Processando chamadoId: 12114
2025-05-24 22:27:18,029 - INFO - ChamadoId 12114 processado e salvo no banco de dados.
2025-05-24 22:27:18,040 - INFO - Processando chamadoId: 12112
2025-05-24 22:27:18,062 - INFO - ChamadoId 12112 processado e salvo no banco de dados.
2025-05-24 22:27:18,072 - INFO - Processando chamadoId: 12110
2025-05-24 22:27:18,094 - INFO - ChamadoId 12110 processado e salvo no banco de dados.
2025-05-24 22:27:18,103 - INFO - Processando chamadoId: 12108
2025-05-24 22:27:18,126 - INFO - ChamadoId 12108 processado e salvo no banco de dados.
2025-05-24 22:27:18,135 - INFO - Processando chamadoId: 12106
2025-05-24 22:27:18,157 - INFO - ChamadoId 12106 processado e salvo no banco de dados.
2025-05-24 22:27:18,167 - INFO - Processando chamadoId: 12104
2025-05-24 22:27:18,187 - INFO - ChamadoId 12104 processado e salvo no banco de dados.
2025-05-24 22:27:18,196 - INFO - Processando chamadoId: 12102
2025-05-24 22:27:18,217 - INFO - ChamadoId 12102 processado e salvo no banco de dados.
2025-05-24 22:27:18,217 - INFO - Enviando 10 chamados para geracao de keywords
2025-05-24 22:27:18,262 - ERROR - Erro ao enviar lote para Flask: HTTPConnectionPool(host='localhost', port=8081): Max retries exceeded with url: /extrair-keywords (Caused by NewConnectionError('<urllib3.connection.HTTPConnection object at 0x00000232077E2A50>: Failed to establish a new connection: [WinError 10061] Nenhuma conexão pôde ser feita porque a máquina de destino as recusou ativamente'))
2025-05-24 22:27:18,263 - INFO - Enviando 10 chamados para análise de emoções no Flask.
2025-05-24 22:27:18,277 - ERROR - Erro ao enviar lote para Flask: HTTPConnectionPool(host='localhost', port=8081): Max retries exceeded with url: /extrair-keywords (Caused by NewConnectionError('<urllib3.connection.HTTPConnection object at 0x000002327F85B170>: Failed to establish a new connection: [WinError 10061] Nenhuma conexão pôde ser feita porque a máquina de destino as recusou ativamente'))
2025-05-24 22:27:18,278 - INFO - Enviando 10 chamados para análise de emoções no Flask.
2025-05-24 22:27:19,089 - ERROR - Erro ao enviar lote para Flask: HTTPConnectionPool(host='localhost', port=8080): Max retries exceeded with url: /prever (Caused by NewConnectionError('<urllib3.connection.HTTPConnection object at 0x000002327F8160C0>: Failed to establish a new connection: [WinError 10061] Nenhuma conexão pôde ser feita porque a máquina de destino as recusou ativamente'))
2025-05-24 22:27:19,103 - INFO - Processando chamadoId: 12120
2025-05-24 22:27:19,129 - INFO - ChamadoId 12120 processado e salvo no banco de dados.
2025-05-24 22:27:19,140 - INFO - Processando chamadoId: 12118
2025-05-24 22:27:19,165 - INFO - ChamadoId 12118 processado e salvo no banco de dados.
2025-05-24 22:27:19,176 - INFO - Processando chamadoId: 12116
2025-05-24 22:27:19,201 - INFO - ChamadoId 12116 processado e salvo no banco de dados.
2025-05-24 22:27:19,214 - INFO - Processando chamadoId: 12114
2025-05-24 22:27:19,238 - INFO - ChamadoId 12114 processado e salvo no banco de dados.
2025-05-24 22:27:19,251 - INFO - Processando chamadoId: 12112
2025-05-24 22:27:19,273 - INFO - ChamadoId 12112 processado e salvo no banco de dados.
2025-05-24 22:27:19,287 - INFO - Processando chamadoId: 12110
2025-05-24 22:27:19,312 - INFO - ChamadoId 12110 processado e salvo no banco de dados.
2025-05-24 22:27:19,323 - INFO - Processando chamadoId: 12108
2025-05-24 22:27:19,347 - INFO - ChamadoId 12108 processado e salvo no banco de dados.
2025-05-24 22:27:19,358 - INFO - Processando chamadoId: 12106
2025-05-24 22:27:19,383 - INFO - ChamadoId 12106 processado e salvo no banco de dados.
2025-05-24 22:27:19,394 - INFO - Processando chamadoId: 12104
2025-05-24 22:27:19,418 - INFO - ChamadoId 12104 processado e salvo no banco de dados.
2025-05-24 22:27:19,430 - INFO - Processando chamadoId: 12102
2025-05-24 22:27:19,452 - INFO - ChamadoId 12102 processado e salvo no banco de dados.
2025-05-24 22:27:19,452 - INFO - Enviando 10 chamados para geracao de keywords
2025-05-24 22:27:21,266 - ERROR - Erro ao enviar lote para Flask: HTTPConnectionPool(host='localhost', port=8080): Max retries exceeded with url: /prever (Caused by NewConnectionError('<urllib3.connection.HTTPConnection object at 0x000002327F814B60>: Failed to establish a new connection: [WinError 10061] Nenhuma conexão pôde ser feita porque a máquina de destino as recusou ativamente'))
2025-05-24 22:27:21,277 - INFO - Processando chamadoId: 12100
2025-05-24 22:27:21,298 - ERROR - Erro ao enviar lote para Flask: HTTPConnectionPool(host='localhost', port=8080): Max retries exceeded with url: /prever (Caused by NewConnectionError('<urllib3.connection.HTTPConnection object at 0x000002336EF373E0>: Failed to establish a new connection: [WinError 10061] Nenhuma conexão pôde ser feita porque a máquina de destino as recusou ativamente'))
2025-05-24 22:27:21,303 - INFO - ChamadoId 12100 processado e salvo no banco de dados.
2025-05-24 22:27:21,309 - INFO - Processando chamadoId: 12100
2025-05-24 22:27:21,313 - INFO - Processando chamadoId: 12098
2025-05-24 22:27:21,317 - ERROR - Erro ao enviar lote para Flask: HTTPConnectionPool(host='localhost', port=8080): Max retries exceeded with url: /prever (Caused by NewConnectionError('<urllib3.connection.HTTPConnection object at 0x00000232077E1D00>: Failed to establish a new connection: [WinError 10061] Nenhuma conexão pôde ser feita porque a máquina de destino as recusou ativamente'))
2025-05-24 22:27:21,328 - ERROR - Erro ao enviar lote para Flask: HTTPConnectionPool(host='localhost', port=8080): Max retries exceeded with url: /prever (Caused by NewConnectionError('<urllib3.connection.HTTPConnection object at 0x0000023255585100>: Failed to establish a new connection: [WinError 10061] Nenhuma conexão pôde ser feita porque a máquina de destino as recusou ativamente'))
2025-05-24 22:27:21,329 - INFO - Processando chamadoId: 12120
2025-05-24 22:27:21,339 - INFO - Processando chamadoId: 12120
2025-05-24 22:27:21,339 - INFO - ChamadoId 12100 processado e salvo no banco de dados.
2025-05-24 22:27:21,351 - INFO - ChamadoId 12098 processado e salvo no banco de dados.
2025-05-24 22:27:21,352 - INFO - Processando chamadoId: 12098
2025-05-24 22:27:21,361 - INFO - Processando chamadoId: 12096
2025-05-24 22:27:21,363 - INFO - ChamadoId 12120 processado e salvo no banco de dados.
2025-05-24 22:27:21,375 - INFO - Processando chamadoId: 12118
2025-05-24 22:27:21,390 - INFO - ChamadoId 12120 processado e salvo no banco de dados.
2025-05-24 22:27:21,394 - INFO - ChamadoId 12096 processado e salvo no banco de dados.
2025-05-24 22:27:21,412 - INFO - ChamadoId 12098 processado e salvo no banco de dados.
2025-05-24 22:27:21,428 - INFO - ChamadoId 12118 processado e salvo no banco de dados.
2025-05-24 22:27:21,428 - INFO - Processando chamadoId: 12095
2025-05-24 22:27:21,428 - INFO - Processando chamadoId: 12118
2025-05-24 22:27:21,429 - INFO - Processando chamadoId: 12096
2025-05-24 22:27:21,440 - INFO - Processando chamadoId: 12116
2025-05-24 22:27:21,468 - INFO - ChamadoId 12096 processado e salvo no banco de dados.
2025-05-24 22:27:21,492 - INFO - Processando chamadoId: 12095
2025-05-24 22:27:21,495 - INFO - ChamadoId 12116 processado e salvo no banco de dados.
2025-05-24 22:27:21,496 - INFO - ChamadoId 12118 processado e salvo no banco de dados.
2025-05-24 22:27:21,496 - INFO - ChamadoId 12095 processado e salvo no banco de dados.
2025-05-24 22:27:21,507 - INFO - Processando chamadoId: 12093
2025-05-24 22:27:21,507 - INFO - Processando chamadoId: 12114
2025-05-24 22:27:21,510 - INFO - Processando chamadoId: 12116
2025-05-24 22:27:21,519 - INFO - ChamadoId 12095 processado e salvo no banco de dados.
2025-05-24 22:27:21,533 - INFO - Processando chamadoId: 12093
2025-05-24 22:27:21,563 - INFO - ChamadoId 12093 processado e salvo no banco de dados.
2025-05-24 22:27:21,575 - INFO - Processando chamadoId: 12092
2025-05-24 22:27:21,582 - INFO - ChamadoId 12093 processado e salvo no banco de dados.
2025-05-24 22:27:21,596 - INFO - Processando chamadoId: 12092
2025-05-24 22:27:21,599 - INFO - ChamadoId 12114 processado e salvo no banco de dados.
2025-05-24 22:27:21,601 - INFO - ChamadoId 12116 processado e salvo no banco de dados.
2025-05-24 22:27:21,613 - INFO - Processando chamadoId: 12112
2025-05-24 22:27:21,613 - INFO - Processando chamadoId: 12114
2025-05-24 22:27:21,624 - INFO - ChamadoId 12092 processado e salvo no banco de dados.
2025-05-24 22:27:21,636 - INFO - Processando chamadoId: 12090
2025-05-24 22:27:21,647 - INFO - ChamadoId 12092 processado e salvo no banco de dados.
2025-05-24 22:27:21,658 - INFO - ChamadoId 12114 processado e salvo no banco de dados.
2025-05-24 22:27:21,658 - INFO - Processando chamadoId: 12090
2025-05-24 22:27:21,660 - INFO - ChamadoId 12112 processado e salvo no banco de dados.
2025-05-24 22:27:21,669 - INFO - ChamadoId 12090 processado e salvo no banco de dados.
2025-05-24 22:27:21,669 - INFO - Processando chamadoId: 12112
2025-05-24 22:27:21,671 - INFO - Processando chamadoId: 12110
2025-05-24 22:27:21,679 - INFO - Processando chamadoId: 12088
2025-05-24 22:27:21,685 - INFO - ChamadoId 12090 processado e salvo no banco de dados.
2025-05-24 22:27:21,697 - INFO - Processando chamadoId: 12088
2025-05-24 22:27:21,715 - INFO - ChamadoId 12110 processado e salvo no banco de dados.
2025-05-24 22:27:21,717 - INFO - ChamadoId 12112 processado e salvo no banco de dados.
2025-05-24 22:27:21,724 - INFO - Processando chamadoId: 12108
2025-05-24 22:27:21,726 - ERROR - Erro ao enviar lote para Flask: HTTPConnectionPool(host='localhost', port=8080): Max retries exceeded with url: /prever (Caused by NewConnectionError('<urllib3.connection.HTTPConnection object at 0x000002336EF35C40>: Failed to establish a new connection: [WinError 10061] Nenhuma conexão pôde ser feita porque a máquina de destino as recusou ativamente'))
2025-05-24 22:27:21,728 - INFO - Processando chamadoId: 12110
2025-05-24 22:27:21,730 - INFO - ChamadoId 12088 processado e salvo no banco de dados.
2025-05-24 22:27:21,730 - INFO - ChamadoId 12088 processado e salvo no banco de dados.
2025-05-24 22:27:21,738 - INFO - Processando chamadoId: 12120
2025-05-24 22:27:21,741 - INFO - Processando chamadoId: 12086
2025-05-24 22:27:21,744 - INFO - Processando chamadoId: 12086
2025-05-24 22:27:21,770 - INFO - ChamadoId 12108 processado e salvo no banco de dados.
2025-05-24 22:27:21,783 - INFO - Processando chamadoId: 12106
2025-05-24 22:27:21,785 - INFO - ChamadoId 12110 processado e salvo no banco de dados.
2025-05-24 22:27:21,798 - INFO - Processando chamadoId: 12108
2025-05-24 22:27:21,806 - INFO - ChamadoId 12120 processado e salvo no banco de dados.
2025-05-24 22:27:21,810 - INFO - ChamadoId 12086 processado e salvo no banco de dados.
2025-05-24 22:27:21,811 - INFO - ChamadoId 12086 processado e salvo no banco de dados.
2025-05-24 22:27:21,817 - INFO - Processando chamadoId: 12118
2025-05-24 22:27:21,818 - ERROR - Erro ao enviar lote para Flask: HTTPConnectionPool(host='localhost', port=8081): Max retries exceeded with url: /extrair-keywords (Caused by NewConnectionError('<urllib3.connection.HTTPConnection object at 0x000002336EF356D0>: Failed to establish a new connection: [WinError 10061] Nenhuma conexão pôde ser feita porque a máquina de destino as recusou ativamente'))
2025-05-24 22:27:21,819 - INFO - Enviando 10 chamados para análise de emoções no Flask.
2025-05-24 22:27:21,824 - INFO - Processando chamadoId: 12084
2025-05-24 22:27:21,825 - INFO - ChamadoId 12106 processado e salvo no banco de dados.
2025-05-24 22:27:21,828 - INFO - Processando chamadoId: 12084
2025-05-24 22:27:21,834 - INFO - ChamadoId 12108 processado e salvo no banco de dados.
2025-05-24 22:27:21,837 - INFO - Processando chamadoId: 12104
2025-05-24 22:27:21,845 - INFO - Processando chamadoId: 12106
2025-05-24 22:27:21,867 - INFO - ChamadoId 12118 processado e salvo no banco de dados.
2025-05-24 22:27:21,878 - INFO - Processando chamadoId: 12116
2025-05-24 22:27:21,890 - INFO - ChamadoId 12084 processado e salvo no banco de dados.
2025-05-24 22:27:21,891 - INFO - Enviando 10 chamados para geracao de keywords
2025-05-24 22:27:21,900 - INFO - ChamadoId 12084 processado e salvo no banco de dados.
2025-05-24 22:27:21,901 - INFO - Enviando 10 chamados para geracao de keywords
2025-05-24 22:27:21,906 - INFO - ChamadoId 12104 processado e salvo no banco de dados.
2025-05-24 22:27:21,916 - INFO - ChamadoId 12106 processado e salvo no banco de dados.
2025-05-24 22:27:21,919 - INFO - Processando chamadoId: 12102
2025-05-24 22:27:21,924 - INFO - ChamadoId 12116 processado e salvo no banco de dados.
2025-05-24 22:27:21,929 - INFO - Processando chamadoId: 12104
2025-05-24 22:27:21,935 - INFO - Processando chamadoId: 12114
2025-05-24 22:27:21,942 - INFO - ChamadoId 12102 processado e salvo no banco de dados.
2025-05-24 22:27:21,942 - INFO - Enviando 10 chamados para geracao de keywords
2025-05-24 22:27:21,964 - INFO - ChamadoId 12104 processado e salvo no banco de dados.
2025-05-24 22:27:21,971 - INFO - ChamadoId 12114 processado e salvo no banco de dados.
2025-05-24 22:27:21,975 - INFO - Processando chamadoId: 12102
2025-05-24 22:27:21,981 - INFO - Processando chamadoId: 12112
2025-05-24 22:27:22,000 - INFO - ChamadoId 12102 processado e salvo no banco de dados.
2025-05-24 22:27:22,001 - INFO - Enviando 10 chamados para geracao de keywords
2025-05-24 22:27:22,005 - INFO - ChamadoId 12112 processado e salvo no banco de dados.
2025-05-24 22:27:22,014 - INFO - Processando chamadoId: 12110
2025-05-24 22:27:22,034 - INFO - ChamadoId 12110 processado e salvo no banco de dados.
2025-05-24 22:27:22,043 - INFO - Processando chamadoId: 12108
2025-05-24 22:27:22,066 - INFO - ChamadoId 12108 processado e salvo no banco de dados.
2025-05-24 22:27:22,075 - INFO - Processando chamadoId: 12106
2025-05-24 22:27:22,098 - INFO - ChamadoId 12106 processado e salvo no banco de dados.
2025-05-24 22:27:22,110 - INFO - Processando chamadoId: 12104
2025-05-24 22:27:22,132 - INFO - ChamadoId 12104 processado e salvo no banco de dados.
2025-05-24 22:27:22,144 - INFO - Processando chamadoId: 12102
2025-05-24 22:27:22,163 - INFO - ChamadoId 12102 processado e salvo no banco de dados.
2025-05-24 22:27:22,164 - INFO - Enviando 10 chamados para geracao de keywords
2025-05-24 22:27:22,257 - ERROR - Erro ao enviar lote para Flask: HTTPConnectionPool(host='localhost', port=8081): Max retries exceeded with url: /extrair-keywords (Caused by NewConnectionError('<urllib3.connection.HTTPConnection object at 0x0000023208706120>: Failed to establish a new connection: [WinError 10061] Nenhuma conexão pôde ser feita porque a máquina de destino as recusou ativamente'))
2025-05-24 22:27:22,258 - INFO - Enviando 10 chamados para análise de emoções no Flask.
2025-05-24 22:27:22,325 - ERROR - Erro ao enviar lote para Flask: HTTPConnectionPool(host='localhost', port=8080): Max retries exceeded with url: /prever (Caused by NewConnectionError('<urllib3.connection.HTTPConnection object at 0x00000232087079B0>: Failed to establish a new connection: [WinError 10061] Nenhuma conexão pôde ser feita porque a máquina de destino as recusou ativamente'))
2025-05-24 22:27:22,326 - ERROR - Erro ao enviar lote para Flask: HTTPConnectionPool(host='localhost', port=8080): Max retries exceeded with url: /prever (Caused by NewConnectionError('<urllib3.connection.HTTPConnection object at 0x000002336EF378F0>: Failed to establish a new connection: [WinError 10061] Nenhuma conexão pôde ser feita porque a máquina de destino as recusou ativamente'))
2025-05-24 22:27:22,339 - INFO - Processando chamadoId: 12120
2025-05-24 22:27:22,339 - INFO - Processando chamadoId: 12100
2025-05-24 22:27:22,371 - INFO - ChamadoId 12100 processado e salvo no banco de dados.
2025-05-24 22:27:22,372 - INFO - ChamadoId 12120 processado e salvo no banco de dados.
2025-05-24 22:27:22,384 - INFO - Processando chamadoId: 12098
2025-05-24 22:27:22,384 - INFO - Processando chamadoId: 12118
2025-05-24 22:27:22,418 - INFO - ChamadoId 12118 processado e salvo no banco de dados.
2025-05-24 22:27:22,418 - INFO - ChamadoId 12098 processado e salvo no banco de dados.
2025-05-24 22:27:22,430 - INFO - Processando chamadoId: 12096
2025-05-24 22:27:22,431 - INFO - Processando chamadoId: 12116
2025-05-24 22:27:22,454 - INFO - ChamadoId 12096 processado e salvo no banco de dados.
2025-05-24 22:27:22,464 - INFO - ChamadoId 12116 processado e salvo no banco de dados.
2025-05-24 22:27:22,464 - INFO - Processando chamadoId: 12095
2025-05-24 22:27:22,478 - INFO - Processando chamadoId: 12114
2025-05-24 22:27:22,494 - INFO - ChamadoId 12095 processado e salvo no banco de dados.
2025-05-24 22:27:22,504 - INFO - Processando chamadoId: 12093
2025-05-24 22:27:22,505 - INFO - ChamadoId 12114 processado e salvo no banco de dados.
2025-05-24 22:27:22,517 - INFO - Processando chamadoId: 12112
2025-05-24 22:27:22,525 - INFO - ChamadoId 12093 processado e salvo no banco de dados.
2025-05-24 22:27:22,538 - INFO - Processando chamadoId: 12092
2025-05-24 22:27:22,544 - INFO - ChamadoId 12112 processado e salvo no banco de dados.
2025-05-24 22:27:22,558 - INFO - Processando chamadoId: 12110
2025-05-24 22:27:22,566 - INFO - ChamadoId 12092 processado e salvo no banco de dados.
2025-05-24 22:27:22,578 - INFO - Processando chamadoId: 12090
2025-05-24 22:27:22,581 - INFO - ChamadoId 12110 processado e salvo no banco de dados.
2025-05-24 22:27:22,595 - INFO - Processando chamadoId: 12108
2025-05-24 22:27:22,601 - INFO - ChamadoId 12090 processado e salvo no banco de dados.
2025-05-24 22:27:22,614 - INFO - Processando chamadoId: 12088
2025-05-24 22:27:22,619 - INFO - ChamadoId 12108 processado e salvo no banco de dados.
2025-05-24 22:27:22,632 - INFO - Processando chamadoId: 12106
2025-05-24 22:27:22,636 - INFO - ChamadoId 12088 processado e salvo no banco de dados.
2025-05-24 22:27:22,648 - INFO - Processando chamadoId: 12086
2025-05-24 22:27:22,657 - INFO - ChamadoId 12106 processado e salvo no banco de dados.
2025-05-24 22:27:22,824 - INFO - Processando chamadoId: 12104
2025-05-24 22:27:22,824 - INFO - ChamadoId 12086 processado e salvo no banco de dados.
2025-05-24 22:27:22,837 - INFO - Processando chamadoId: 12084
2025-05-24 22:27:22,848 - INFO - ChamadoId 12104 processado e salvo no banco de dados.
2025-05-24 22:27:22,860 - INFO - Processando chamadoId: 12102
2025-05-24 22:27:22,862 - INFO - ChamadoId 12084 processado e salvo no banco de dados.
2025-05-24 22:27:22,863 - INFO - Enviando 10 chamados para geracao de keywords
2025-05-24 22:27:22,883 - INFO - ChamadoId 12102 processado e salvo no banco de dados.
2025-05-24 22:27:22,883 - INFO - Enviando 10 chamados para geracao de keywords
2025-05-24 22:27:23,536 - ERROR - Erro ao enviar lote para Flask: HTTPConnectionPool(host='localhost', port=8081): Max retries exceeded with url: /extrair-keywords (Caused by NewConnectionError('<urllib3.connection.HTTPConnection object at 0x0000023207731B50>: Failed to establish a new connection: [WinError 10061] Nenhuma conexão pôde ser feita porque a máquina de destino as recusou ativamente'))
2025-05-24 22:27:23,537 - INFO - Enviando 10 chamados para análise de emoções no Flask.
2025-05-24 22:27:25,907 - ERROR - Erro ao enviar lote para Flask: HTTPConnectionPool(host='localhost', port=8080): Max retries exceeded with url: /prever (Caused by NewConnectionError('<urllib3.connection.HTTPConnection object at 0x000002320F800CB0>: Failed to establish a new connection: [WinError 10061] Nenhuma conexão pôde ser feita porque a máquina de destino as recusou ativamente'))
2025-05-24 22:27:25,920 - INFO - Processando chamadoId: 12100
2025-05-24 22:27:25,941 - INFO - ChamadoId 12100 processado e salvo no banco de dados.
2025-05-24 22:27:25,952 - INFO - Processando chamadoId: 12098
2025-05-24 22:27:25,971 - ERROR - Erro ao enviar lote para Flask: HTTPConnectionPool(host='localhost', port=8081): Max retries exceeded with url: /extrair-keywords (Caused by NewConnectionError('<urllib3.connection.HTTPConnection object at 0x00000232087056A0>: Failed to establish a new connection: [WinError 10061] Nenhuma conexão pôde ser feita porque a máquina de destino as recusou ativamente'))
2025-05-24 22:27:25,971 - INFO - Enviando 10 chamados para análise de emoções no Flask.
2025-05-24 22:27:25,979 - INFO - ChamadoId 12098 processado e salvo no banco de dados.
2025-05-24 22:27:25,986 - ERROR - Erro ao enviar lote para Flask: HTTPConnectionPool(host='localhost', port=8081): Max retries exceeded with url: /extrair-keywords (Caused by NewConnectionError('<urllib3.connection.HTTPConnection object at 0x00000232077E3A10>: Failed to establish a new connection: [WinError 10061] Nenhuma conexão pôde ser feita porque a máquina de destino as recusou ativamente'))
2025-05-24 22:27:25,986 - INFO - Enviando 10 chamados para análise de emoções no Flask.
2025-05-24 22:27:25,990 - INFO - Processando chamadoId: 12096
2025-05-24 22:27:26,011 - INFO - ChamadoId 12096 processado e salvo no banco de dados.
2025-05-24 22:27:26,017 - ERROR - Erro ao enviar lote para Flask: HTTPConnectionPool(host='localhost', port=8081): Max retries exceeded with url: /extrair-keywords (Caused by NewConnectionError('<urllib3.connection.HTTPConnection object at 0x000002320F800AD0>: Failed to establish a new connection: [WinError 10061] Nenhuma conexão pôde ser feita porque a máquina de destino as recusou ativamente'))
2025-05-24 22:27:26,017 - INFO - Enviando 10 chamados para análise de emoções no Flask.
2025-05-24 22:27:26,024 - INFO - Processando chamadoId: 12095
2025-05-24 22:27:26,048 - INFO - ChamadoId 12095 processado e salvo no banco de dados.
2025-05-24 22:27:26,058 - INFO - Processando chamadoId: 12093
2025-05-24 22:27:26,063 - ERROR - Erro ao enviar lote para Flask: HTTPConnectionPool(host='localhost', port=8081): Max retries exceeded with url: /extrair-keywords (Caused by NewConnectionError('<urllib3.connection.HTTPConnection object at 0x000002327F814140>: Failed to establish a new connection: [WinError 10061] Nenhuma conexão pôde ser feita porque a máquina de destino as recusou ativamente'))
2025-05-24 22:27:26,063 - INFO - Enviando 10 chamados para análise de emoções no Flask.
2025-05-24 22:27:26,078 - INFO - ChamadoId 12093 processado e salvo no banco de dados.
2025-05-24 22:27:26,089 - INFO - Processando chamadoId: 12092
2025-05-24 22:27:26,114 - INFO - ChamadoId 12092 processado e salvo no banco de dados.
2025-05-24 22:27:26,126 - INFO - Processando chamadoId: 12090
2025-05-24 22:27:26,148 - INFO - ChamadoId 12090 processado e salvo no banco de dados.
2025-05-24 22:27:26,159 - INFO - Processando chamadoId: 12088
2025-05-24 22:27:26,181 - INFO - ChamadoId 12088 processado e salvo no banco de dados.
2025-05-24 22:27:26,193 - INFO - Processando chamadoId: 12086
2025-05-24 22:27:26,229 - INFO - ChamadoId 12086 processado e salvo no banco de dados.
2025-05-24 22:27:26,231 - ERROR - Erro ao enviar lote para Flask: HTTPConnectionPool(host='localhost', port=8081): Max retries exceeded with url: /extrair-keywords (Caused by NewConnectionError('<urllib3.connection.HTTPConnection object at 0x0000023208704BC0>: Failed to establish a new connection: [WinError 10061] Nenhuma conexão pôde ser feita porque a máquina de destino as recusou ativamente'))
2025-05-24 22:27:26,232 - INFO - Enviando 10 chamados para análise de emoções no Flask.
2025-05-24 22:27:26,245 - INFO - Processando chamadoId: 12084
2025-05-24 22:27:26,268 - INFO - ChamadoId 12084 processado e salvo no banco de dados.
2025-05-24 22:27:26,268 - INFO - Enviando 10 chamados para geracao de keywords
2025-05-24 22:27:26,324 - ERROR - Erro ao enviar lote para Flask: HTTPConnectionPool(host='localhost', port=8080): Max retries exceeded with url: /prever (Caused by NewConnectionError('<urllib3.connection.HTTPConnection object at 0x000002327F815940>: Failed to establish a new connection: [WinError 10061] Nenhuma conexão pôde ser feita porque a máquina de destino as recusou ativamente'))
2025-05-24 22:27:26,335 - INFO - Processando chamadoId: 12100
2025-05-24 22:27:26,361 - INFO - ChamadoId 12100 processado e salvo no banco de dados.
2025-05-24 22:27:26,372 - INFO - Processando chamadoId: 12098
2025-05-24 22:27:26,394 - INFO - ChamadoId 12098 processado e salvo no banco de dados.
2025-05-24 22:27:26,406 - INFO - Processando chamadoId: 12096
2025-05-24 22:27:26,424 - INFO - ChamadoId 12096 processado e salvo no banco de dados.
2025-05-24 22:27:26,436 - INFO - Processando chamadoId: 12095
2025-05-24 22:27:26,460 - INFO - ChamadoId 12095 processado e salvo no banco de dados.
2025-05-24 22:27:26,472 - INFO - Processando chamadoId: 12093
2025-05-24 22:27:26,491 - INFO - ChamadoId 12093 processado e salvo no banco de dados.
2025-05-24 22:27:26,501 - INFO - Processando chamadoId: 12092
2025-05-24 22:27:26,530 - INFO - ChamadoId 12092 processado e salvo no banco de dados.
2025-05-24 22:27:26,540 - INFO - Processando chamadoId: 12090
2025-05-24 22:27:26,561 - INFO - ChamadoId 12090 processado e salvo no banco de dados.
2025-05-24 22:27:26,572 - INFO - Processando chamadoId: 12088
2025-05-24 22:27:26,595 - INFO - ChamadoId 12088 processado e salvo no banco de dados.
2025-05-24 22:27:26,604 - INFO - Processando chamadoId: 12086
2025-05-24 22:27:26,626 - INFO - ChamadoId 12086 processado e salvo no banco de dados.
2025-05-24 22:27:26,635 - INFO - Processando chamadoId: 12084
2025-05-24 22:27:26,658 - INFO - ChamadoId 12084 processado e salvo no banco de dados.
2025-05-24 22:27:26,658 - INFO - Enviando 10 chamados para geracao de keywords
2025-05-24 22:27:26,941 - ERROR - Erro ao enviar lote para Flask: HTTPConnectionPool(host='localhost', port=8081): Max retries exceeded with url: /extrair-keywords (Caused by NewConnectionError('<urllib3.connection.HTTPConnection object at 0x00000232077E2960>: Failed to establish a new connection: [WinError 10061] Nenhuma conexão pôde ser feita porque a máquina de destino as recusou ativamente'))
2025-05-24 22:27:26,942 - INFO - Enviando 10 chamados para análise de emoções no Flask.
2025-05-24 22:27:26,957 - ERROR - Erro ao enviar lote para Flask: HTTPConnectionPool(host='localhost', port=8081): Max retries exceeded with url: /extrair-keywords (Caused by NewConnectionError('<urllib3.connection.HTTPConnection object at 0x00000232077E28A0>: Failed to establish a new connection: [WinError 10061] Nenhuma conexão pôde ser feita porque a máquina de destino as recusou ativamente'))
2025-05-24 22:27:26,957 - INFO - Enviando 10 chamados para análise de emoções no Flask.
2025-05-24 22:27:27,613 - ERROR - Erro ao enviar lote para Flask: HTTPConnectionPool(host='localhost', port=8080): Max retries exceeded with url: /prever (Caused by NewConnectionError('<urllib3.connection.HTTPConnection object at 0x0000023208707350>: Failed to establish a new connection: [WinError 10061] Nenhuma conexão pôde ser feita porque a máquina de destino as recusou ativamente'))
2025-05-24 22:27:27,626 - INFO - Processando chamadoId: 12100
2025-05-24 22:27:27,647 - INFO - ChamadoId 12100 processado e salvo no banco de dados.
2025-05-24 22:27:27,659 - INFO - Processando chamadoId: 12098
2025-05-24 22:27:27,683 - INFO - ChamadoId 12098 processado e salvo no banco de dados.
2025-05-24 22:27:27,694 - INFO - Processando chamadoId: 12096
2025-05-24 22:27:27,713 - INFO - ChamadoId 12096 processado e salvo no banco de dados.
2025-05-24 22:27:27,724 - INFO - Processando chamadoId: 12095
2025-05-24 22:27:27,750 - INFO - ChamadoId 12095 processado e salvo no banco de dados.
2025-05-24 22:27:27,762 - INFO - Processando chamadoId: 12093
2025-05-24 22:27:27,780 - INFO - ChamadoId 12093 processado e salvo no banco de dados.
2025-05-24 22:27:27,793 - INFO - Processando chamadoId: 12092
2025-05-24 22:27:27,819 - INFO - ChamadoId 12092 processado e salvo no banco de dados.
2025-05-24 22:27:27,831 - INFO - Processando chamadoId: 12090
2025-05-24 22:27:27,853 - INFO - ChamadoId 12090 processado e salvo no banco de dados.
2025-05-24 22:27:27,865 - INFO - Processando chamadoId: 12088
2025-05-24 22:27:27,887 - INFO - ChamadoId 12088 processado e salvo no banco de dados.
2025-05-24 22:27:27,898 - INFO - Processando chamadoId: 12086
2025-05-24 22:27:27,923 - INFO - ChamadoId 12086 processado e salvo no banco de dados.
2025-05-24 22:27:27,934 - INFO - Processando chamadoId: 12084
2025-05-24 22:27:27,958 - INFO - ChamadoId 12084 processado e salvo no banco de dados.
2025-05-24 22:27:27,959 - INFO - Enviando 10 chamados para geracao de keywords
2025-05-24 22:27:30,029 - ERROR - Erro ao enviar lote para Flask: HTTPConnectionPool(host='localhost', port=8080): Max retries exceeded with url: /prever (Caused by NewConnectionError('<urllib3.connection.HTTPConnection object at 0x000002320F803DD0>: Failed to establish a new connection: [WinError 10061] Nenhuma conexão pôde ser feita porque a máquina de destino as recusou ativamente'))
2025-05-24 22:27:30,042 - INFO - Processando chamadoId: 12082
2025-05-24 22:27:30,044 - ERROR - Erro ao enviar lote para Flask: HTTPConnectionPool(host='localhost', port=8080): Max retries exceeded with url: /prever (Caused by NewConnectionError('<urllib3.connection.HTTPConnection object at 0x000002327F815E20>: Failed to establish a new connection: [WinError 10061] Nenhuma conexão pôde ser feita porque a máquina de destino as recusou ativamente'))
2025-05-24 22:27:30,056 - INFO - Processando chamadoId: 12082
2025-05-24 22:27:30,074 - INFO - ChamadoId 12082 processado e salvo no banco de dados.
2025-05-24 22:27:30,080 - INFO - ChamadoId 12082 processado e salvo no banco de dados.
2025-05-24 22:27:30,085 - INFO - Processando chamadoId: 12080
2025-05-24 22:27:30,092 - INFO - Processando chamadoId: 12080
2025-05-24 22:27:30,095 - ERROR - Erro ao enviar lote para Flask: HTTPConnectionPool(host='localhost', port=8080): Max retries exceeded with url: /prever (Caused by NewConnectionError('<urllib3.connection.HTTPConnection object at 0x000002327F688BC0>: Failed to establish a new connection: [WinError 10061] Nenhuma conexão pôde ser feita porque a máquina de destino as recusou ativamente'))
2025-05-24 22:27:30,107 - INFO - Processando chamadoId: 12100
2025-05-24 22:27:30,114 - INFO - ChamadoId 12080 processado e salvo no banco de dados.
2025-05-24 22:27:30,120 - INFO - ChamadoId 12080 processado e salvo no banco de dados.
2025-05-24 22:27:30,124 - INFO - Processando chamadoId: 12078
2025-05-24 22:27:30,129 - INFO - ChamadoId 12100 processado e salvo no banco de dados.
2025-05-24 22:27:30,129 - INFO - Processando chamadoId: 12078
2025-05-24 22:27:30,141 - INFO - Processando chamadoId: 12098
2025-05-24 22:27:30,142 - ERROR - Erro ao enviar lote para Flask: HTTPConnectionPool(host='localhost', port=8080): Max retries exceeded with url: /prever (Caused by NewConnectionError('<urllib3.connection.HTTPConnection object at 0x000002320F803650>: Failed to establish a new connection: [WinError 10061] Nenhuma conexão pôde ser feita porque a máquina de destino as recusou ativamente'))
2025-05-24 22:27:30,154 - INFO - Processando chamadoId: 12100
2025-05-24 22:27:30,164 - INFO - ChamadoId 12078 processado e salvo no banco de dados.
2025-05-24 22:27:30,172 - INFO - ChamadoId 12078 processado e salvo no banco de dados.
2025-05-24 22:27:30,174 - INFO - Processando chamadoId: 12076
2025-05-24 22:27:30,181 - INFO - ChamadoId 12098 processado e salvo no banco de dados.
2025-05-24 22:27:30,181 - INFO - Processando chamadoId: 12076
2025-05-24 22:27:30,183 - INFO - ChamadoId 12100 processado e salvo no banco de dados.
2025-05-24 22:27:30,192 - INFO - Processando chamadoId: 12096
2025-05-24 22:27:30,196 - INFO - Processando chamadoId: 12098
2025-05-24 22:27:30,203 - INFO - ChamadoId 12076 processado e salvo no banco de dados.
2025-05-24 22:27:30,213 - INFO - Processando chamadoId: 12074
2025-05-24 22:27:30,221 - INFO - ChamadoId 12076 processado e salvo no banco de dados.
2025-05-24 22:27:30,222 - INFO - ChamadoId 12096 processado e salvo no banco de dados.
2025-05-24 22:27:30,233 - INFO - Processando chamadoId: 12074
2025-05-24 22:27:30,233 - INFO - Processando chamadoId: 12095
2025-05-24 22:27:30,238 - INFO - ChamadoId 12098 processado e salvo no banco de dados.
2025-05-24 22:27:30,248 - INFO - Processando chamadoId: 12096
2025-05-24 22:27:30,249 - INFO - ChamadoId 12074 processado e salvo no banco de dados.
2025-05-24 22:27:30,260 - INFO - Processando chamadoId: 12072
2025-05-24 22:27:30,279 - ERROR - Erro ao enviar lote para Flask: HTTPConnectionPool(host='localhost', port=8080): Max retries exceeded with url: /prever (Caused by NewConnectionError('<urllib3.connection.HTTPConnection object at 0x0000023255586630>: Failed to establish a new connection: [WinError 10061] Nenhuma conexão pôde ser feita porque a máquina de destino as recusou ativamente'))
2025-05-24 22:27:30,283 - INFO - ChamadoId 12095 processado e salvo no banco de dados.
2025-05-24 22:27:30,283 - INFO - ChamadoId 12074 processado e salvo no banco de dados.
2025-05-24 22:27:30,285 - INFO - ChamadoId 12096 processado e salvo no banco de dados.
2025-05-24 22:27:30,289 - INFO - Processando chamadoId: 12100
2025-05-24 22:27:30,294 - INFO - Processando chamadoId: 12093
2025-05-24 22:27:30,294 - INFO - Processando chamadoId: 12072
2025-05-24 22:27:30,296 - INFO - ChamadoId 12072 processado e salvo no banco de dados.
2025-05-24 22:27:30,297 - INFO - Processando chamadoId: 12095
2025-05-24 22:27:30,306 - INFO - Processando chamadoId: 12070
2025-05-24 22:27:30,333 - INFO - ChamadoId 12100 processado e salvo no banco de dados.
2025-05-24 22:27:30,342 - INFO - ChamadoId 12093 processado e salvo no banco de dados.
2025-05-24 22:27:30,345 - INFO - Processando chamadoId: 12098
2025-05-24 22:27:30,352 - ERROR - Erro ao enviar lote para Flask: HTTPConnectionPool(host='localhost', port=8081): Max retries exceeded with url: /extrair-keywords (Caused by NewConnectionError('<urllib3.connection.HTTPConnection object at 0x0000023208706990>: Failed to establish a new connection: [WinError 10061] Nenhuma conexão pôde ser feita porque a máquina de destino as recusou ativamente'))
2025-05-24 22:27:30,352 - INFO - Enviando 10 chamados para análise de emoções no Flask.
2025-05-24 22:27:30,353 - INFO - Processando chamadoId: 12092
2025-05-24 22:27:30,368 - INFO - ChamadoId 12072 processado e salvo no banco de dados.
2025-05-24 22:27:30,371 - INFO - ChamadoId 12070 processado e salvo no banco de dados.
2025-05-24 22:27:30,374 - INFO - ChamadoId 12095 processado e salvo no banco de dados.
2025-05-24 22:27:30,381 - INFO - Processando chamadoId: 12070
2025-05-24 22:27:30,381 - INFO - Processando chamadoId: 12068
2025-05-24 22:27:30,395 - INFO - ChamadoId 12098 processado e salvo no banco de dados.
2025-05-24 22:27:30,395 - INFO - Processando chamadoId: 12093
2025-05-24 22:27:30,402 - INFO - ChamadoId 12092 processado e salvo no banco de dados.
2025-05-24 22:27:30,406 - INFO - Processando chamadoId: 12096
2025-05-24 22:27:30,415 - INFO - Processando chamadoId: 12090
2025-05-24 22:27:30,440 - INFO - ChamadoId 12093 processado e salvo no banco de dados.
2025-05-24 22:27:30,443 - INFO - ChamadoId 12070 processado e salvo no banco de dados.
2025-05-24 22:27:30,443 - INFO - ChamadoId 12068 processado e salvo no banco de dados.
2025-05-24 22:27:30,443 - INFO - ChamadoId 12096 processado e salvo no banco de dados.
2025-05-24 22:27:30,452 - INFO - Processando chamadoId: 12092
2025-05-24 22:27:30,453 - INFO - Processando chamadoId: 12066
2025-05-24 22:27:30,453 - INFO - Processando chamadoId: 12095
2025-05-24 22:27:30,453 - INFO - ChamadoId 12090 processado e salvo no banco de dados.
2025-05-24 22:27:30,455 - INFO - Processando chamadoId: 12068
2025-05-24 22:27:30,468 - INFO - Processando chamadoId: 12088
2025-05-24 22:27:30,529 - INFO - ChamadoId 12068 processado e salvo no banco de dados.
2025-05-24 22:27:30,532 - INFO - ChamadoId 12066 processado e salvo no banco de dados.
2025-05-24 22:27:30,745 - ERROR - Erro ao enviar lote para Flask: HTTPConnectionPool(host='localhost', port=8081): Max retries exceeded with url: /extrair-keywords (Caused by NewConnectionError('<urllib3.connection.HTTPConnection object at 0x000002327F815130>: Failed to establish a new connection: [WinError 10061] Nenhuma conexão pôde ser feita porque a máquina de destino as recusou ativamente'))
2025-05-24 22:27:30,745 - INFO - Enviando 10 chamados para análise de emoções no Flask.
2025-05-24 22:27:31,035 - ERROR - Erro ao enviar lote para Flask: HTTPConnectionPool(host='localhost', port=8080): Max retries exceeded with url: /prever (Caused by NewConnectionError('<urllib3.connection.HTTPConnection object at 0x000002327F815730>: Failed to establish a new connection: [WinError 10061] Nenhuma conexão pôde ser feita porque a máquina de destino as recusou ativamente'))
2025-05-24 22:27:31,035 - ERROR - Erro ao enviar lote para Flask: HTTPConnectionPool(host='localhost', port=8080): Max retries exceeded with url: /prever (Caused by NewConnectionError('<urllib3.connection.HTTPConnection object at 0x000002336EF36720>: Failed to establish a new connection: [WinError 10061] Nenhuma conexão pôde ser feita porque a máquina de destino as recusou ativamente'))
2025-05-24 22:27:31,043 - INFO - ChamadoId 12095 processado e salvo no banco de dados.
2025-05-24 22:27:31,045 - INFO - Processando chamadoId: 12064
2025-05-24 22:27:31,046 - INFO - ChamadoId 12088 processado e salvo no banco de dados.
2025-05-24 22:27:31,048 - INFO - Processando chamadoId: 12066
2025-05-24 22:27:31,048 - INFO - Processando chamadoId: 12082
2025-05-24 22:27:31,048 - INFO - ChamadoId 12092 processado e salvo no banco de dados.
2025-05-24 22:27:31,050 - INFO - Processando chamadoId: 12100
2025-05-24 22:27:31,052 - INFO - Processando chamadoId: 12093
2025-05-24 22:27:31,058 - INFO - Processando chamadoId: 12086
2025-05-24 22:27:31,062 - INFO - Processando chamadoId: 12090
2025-05-24 22:27:31,106 - INFO - ChamadoId 12093 processado e salvo no banco de dados.
2025-05-24 22:27:31,116 - INFO - ChamadoId 12082 processado e salvo no banco de dados.
2025-05-24 22:27:31,117 - INFO - Processando chamadoId: 12092
2025-05-24 22:27:31,132 - INFO - Processando chamadoId: 12080
2025-05-24 22:27:31,151 - INFO - ChamadoId 12100 processado e salvo no banco de dados.
2025-05-24 22:27:31,155 - INFO - ChamadoId 12066 processado e salvo no banco de dados.
2025-05-24 22:27:31,155 - INFO - ChamadoId 12086 processado e salvo no banco de dados.
2025-05-24 22:27:31,156 - INFO - ChamadoId 12064 processado e salvo no banco de dados.
2025-05-24 22:27:31,158 - INFO - ChamadoId 12090 processado e salvo no banco de dados.
2025-05-24 22:27:31,159 - INFO - Enviando 10 chamados para geracao de keywords
2025-05-24 22:27:31,165 - INFO - Processando chamadoId: 12098
2025-05-24 22:27:31,169 - INFO - Processando chamadoId: 12084
2025-05-24 22:27:31,170 - INFO - Processando chamadoId: 12064
2025-05-24 22:27:31,174 - INFO - Processando chamadoId: 12088
2025-05-24 22:27:31,178 - INFO - ChamadoId 12080 processado e salvo no banco de dados.
2025-05-24 22:27:31,192 - INFO - ChamadoId 12092 processado e salvo no banco de dados.
2025-05-24 22:27:31,192 - INFO - Processando chamadoId: 12078
2025-05-24 22:27:31,203 - INFO - Processando chamadoId: 12090
2025-05-24 22:27:31,241 - INFO - ChamadoId 12064 processado e salvo no banco de dados.
2025-05-24 22:27:31,242 - INFO - Enviando 10 chamados para geracao de keywords
2025-05-24 22:27:31,246 - INFO - ChamadoId 12084 processado e salvo no banco de dados.
2025-05-24 22:27:31,246 - INFO - Enviando 10 chamados para geracao de keywords
2025-05-24 22:27:31,249 - INFO - ChamadoId 12088 processado e salvo no banco de dados.
2025-05-24 22:27:31,258 - INFO - ChamadoId 12098 processado e salvo no banco de dados.
2025-05-24 22:27:31,260 - INFO - Processando chamadoId: 12086
2025-05-24 22:27:31,265 - INFO - ChamadoId 12090 processado e salvo no banco de dados.
2025-05-24 22:27:31,265 - INFO - ChamadoId 12078 processado e salvo no banco de dados.
2025-05-24 22:27:31,271 - INFO - Processando chamadoId: 12096
2025-05-24 22:27:31,276 - INFO - Processando chamadoId: 12088
2025-05-24 22:27:31,279 - INFO - Processando chamadoId: 12076
2025-05-24 22:27:31,297 - INFO - ChamadoId 12086 processado e salvo no banco de dados.
2025-05-24 22:27:31,299 - INFO - ChamadoId 12096 processado e salvo no banco de dados.
2025-05-24 22:27:31,310 - INFO - Processando chamadoId: 12084
2025-05-24 22:27:31,312 - INFO - Processando chamadoId: 12095
2025-05-24 22:27:31,317 - INFO - ChamadoId 12088 processado e salvo no banco de dados.
2025-05-24 22:27:31,321 - INFO - ChamadoId 12076 processado e salvo no banco de dados.
2025-05-24 22:27:31,330 - INFO - Processando chamadoId: 12086
2025-05-24 22:27:31,333 - INFO - Processando chamadoId: 12074
2025-05-24 22:27:31,348 - INFO - ChamadoId 12084 processado e salvo no banco de dados.
2025-05-24 22:27:31,349 - INFO - Enviando 10 chamados para geracao de keywords
2025-05-24 22:27:31,361 - INFO - ChamadoId 12095 processado e salvo no banco de dados.
2025-05-24 22:27:31,374 - INFO - Processando chamadoId: 12093
2025-05-24 22:27:31,375 - INFO - ChamadoId 12086 processado e salvo no banco de dados.
2025-05-24 22:27:31,376 - INFO - ChamadoId 12074 processado e salvo no banco de dados.
2025-05-24 22:27:31,388 - INFO - Processando chamadoId: 12084
2025-05-24 22:27:31,390 - INFO - Processando chamadoId: 12072
2025-05-24 22:27:31,397 - INFO - ChamadoId 12093 processado e salvo no banco de dados.
2025-05-24 22:27:31,410 - INFO - Processando chamadoId: 12092
2025-05-24 22:27:31,424 - INFO - ChamadoId 12084 processado e salvo no banco de dados.
2025-05-24 22:27:31,425 - INFO - Enviando 10 chamados para geracao de keywords
2025-05-24 22:27:31,427 - INFO - ChamadoId 12072 processado e salvo no banco de dados.
2025-05-24 22:27:31,438 - INFO - ChamadoId 12092 processado e salvo no banco de dados.
2025-05-24 22:27:31,438 - INFO - Processando chamadoId: 12070
2025-05-24 22:27:31,452 - INFO - Processando chamadoId: 12090
2025-05-24 22:27:31,462 - INFO - ChamadoId 12070 processado e salvo no banco de dados.
2025-05-24 22:27:31,476 - INFO - Processando chamadoId: 12068
2025-05-24 22:27:31,477 - INFO - ChamadoId 12090 processado e salvo no banco de dados.
2025-05-24 22:27:31,489 - INFO - Processando chamadoId: 12088
2025-05-24 22:27:31,499 - INFO - ChamadoId 12068 processado e salvo no banco de dados.
2025-05-24 22:27:31,513 - INFO - ChamadoId 12088 processado e salvo no banco de dados.
2025-05-24 22:27:31,514 - INFO - Processando chamadoId: 12066
2025-05-24 22:27:31,528 - INFO - Processando chamadoId: 12086
2025-05-24 22:27:31,537 - INFO - ChamadoId 12066 processado e salvo no banco de dados.
2025-05-24 22:27:31,550 - INFO - Processando chamadoId: 12064
2025-05-24 22:27:32,021 - ERROR - Erro ao enviar lote para Flask: HTTPConnectionPool(host='localhost', port=8081): Max retries exceeded with url: /extrair-keywords (Caused by NewConnectionError('<urllib3.connection.HTTPConnection object at 0x00000232077E2960>: Failed to establish a new connection: [WinError 10061] Nenhuma conexão pôde ser feita porque a máquina de destino as recusou ativamente'))
2025-05-24 22:27:32,021 - INFO - Enviando 10 chamados para análise de emoções no Flask.
2025-05-24 22:27:32,042 - INFO - ChamadoId 12064 processado e salvo no banco de dados.
2025-05-24 22:27:32,043 - INFO - ChamadoId 12086 processado e salvo no banco de dados.
2025-05-24 22:27:32,043 - INFO - Enviando 10 chamados para geracao de keywords
2025-05-24 22:27:32,055 - INFO - Processando chamadoId: 12084
2025-05-24 22:27:32,079 - INFO - ChamadoId 12084 processado e salvo no banco de dados.
2025-05-24 22:27:32,080 - INFO - Enviando 10 chamados para geracao de keywords
2025-05-24 22:27:34,399 - ERROR - Erro ao enviar lote para Flask: HTTPConnectionPool(host='localhost', port=8080): Max retries exceeded with url: /prever (Caused by NewConnectionError('<urllib3.connection.HTTPConnection object at 0x000002336EF34AD0>: Failed to establish a new connection: [WinError 10061] Nenhuma conexão pôde ser feita porque a máquina de destino as recusou ativamente'))
2025-05-24 22:27:34,410 - INFO - Processando chamadoId: 12082
2025-05-24 22:27:34,434 - INFO - ChamadoId 12082 processado e salvo no banco de dados.
2025-05-24 22:27:34,445 - INFO - Processando chamadoId: 12080
2025-05-24 22:27:34,470 - INFO - ChamadoId 12080 processado e salvo no banco de dados.
2025-05-24 22:27:34,481 - INFO - Processando chamadoId: 12078
2025-05-24 22:27:34,503 - INFO - ChamadoId 12078 processado e salvo no banco de dados.
2025-05-24 22:27:34,514 - INFO - Processando chamadoId: 12076
2025-05-24 22:27:34,539 - INFO - ChamadoId 12076 processado e salvo no banco de dados.
2025-05-24 22:27:34,550 - INFO - Processando chamadoId: 12074
2025-05-24 22:27:34,573 - INFO - ChamadoId 12074 processado e salvo no banco de dados.
2025-05-24 22:27:34,586 - INFO - Processando chamadoId: 12072
2025-05-24 22:27:34,612 - INFO - ChamadoId 12072 processado e salvo no banco de dados.
2025-05-24 22:27:34,623 - INFO - Processando chamadoId: 12070
2025-05-24 22:27:34,648 - INFO - ChamadoId 12070 processado e salvo no banco de dados.
2025-05-24 22:27:34,659 - INFO - Processando chamadoId: 12068
2025-05-24 22:27:34,683 - INFO - ChamadoId 12068 processado e salvo no banco de dados.
2025-05-24 22:27:34,695 - INFO - Processando chamadoId: 12066
2025-05-24 22:27:34,717 - INFO - ChamadoId 12066 processado e salvo no banco de dados.
2025-05-24 22:27:34,728 - INFO - Processando chamadoId: 12064
2025-05-24 22:27:34,751 - INFO - ChamadoId 12064 processado e salvo no banco de dados.
2025-05-24 22:27:34,751 - INFO - Enviando 10 chamados para geracao de keywords
2025-05-24 22:27:34,780 - ERROR - Erro ao enviar lote para Flask: HTTPConnectionPool(host='localhost', port=8080): Max retries exceeded with url: /prever (Caused by NewConnectionError('<urllib3.connection.HTTPConnection object at 0x000002320772F560>: Failed to establish a new connection: [WinError 10061] Nenhuma conexão pôde ser feita porque a máquina de destino as recusou ativamente'))
2025-05-24 22:27:34,791 - INFO - Processando chamadoId: 12082
2025-05-24 22:27:34,815 - INFO - ChamadoId 12082 processado e salvo no banco de dados.
2025-05-24 22:27:34,825 - INFO - Processando chamadoId: 12080
2025-05-24 22:27:34,846 - INFO - ChamadoId 12080 processado e salvo no banco de dados.
2025-05-24 22:27:34,857 - INFO - Processando chamadoId: 12078
2025-05-24 22:27:34,881 - INFO - ChamadoId 12078 processado e salvo no banco de dados.
2025-05-24 22:27:34,893 - INFO - Processando chamadoId: 12076
2025-05-24 22:27:34,914 - INFO - ChamadoId 12076 processado e salvo no banco de dados.
2025-05-24 22:27:34,924 - INFO - Processando chamadoId: 12074
2025-05-24 22:27:34,947 - INFO - ChamadoId 12074 processado e salvo no banco de dados.
2025-05-24 22:27:34,957 - INFO - Processando chamadoId: 12072
2025-05-24 22:27:34,980 - INFO - ChamadoId 12072 processado e salvo no banco de dados.
2025-05-24 22:27:34,996 - INFO - Processando chamadoId: 12070
2025-05-24 22:27:35,020 - INFO - ChamadoId 12070 processado e salvo no banco de dados.
2025-05-24 22:27:35,031 - INFO - Processando chamadoId: 12068
2025-05-24 22:27:35,055 - INFO - ChamadoId 12068 processado e salvo no banco de dados.
2025-05-24 22:27:35,067 - INFO - Processando chamadoId: 12066
2025-05-24 22:27:35,091 - INFO - ChamadoId 12066 processado e salvo no banco de dados.
2025-05-24 22:27:35,102 - INFO - Processando chamadoId: 12064
2025-05-24 22:27:35,123 - INFO - ChamadoId 12064 processado e salvo no banco de dados.
2025-05-24 22:27:35,124 - INFO - Enviando 10 chamados para geracao de keywords
2025-05-24 22:27:35,213 - ERROR - Erro ao enviar lote para Flask: HTTPConnectionPool(host='localhost', port=8081): Max retries exceeded with url: /extrair-keywords (Caused by NewConnectionError('<urllib3.connection.HTTPConnection object at 0x000002336EF35B50>: Failed to establish a new connection: [WinError 10061] Nenhuma conexão pôde ser feita porque a máquina de destino as recusou ativamente'))
2025-05-24 22:27:35,214 - INFO - Enviando 10 chamados para análise de emoções no Flask.
2025-05-24 22:27:35,297 - ERROR - Erro ao enviar lote para Flask: HTTPConnectionPool(host='localhost', port=8081): Max retries exceeded with url: /extrair-keywords (Caused by NewConnectionError('<urllib3.connection.HTTPConnection object at 0x000002320772FE90>: Failed to establish a new connection: [WinError 10061] Nenhuma conexão pôde ser feita porque a máquina de destino as recusou ativamente'))
2025-05-24 22:27:35,298 - ERROR - Erro ao enviar lote para Flask: HTTPConnectionPool(host='localhost', port=8081): Max retries exceeded with url: /extrair-keywords (Caused by NewConnectionError('<urllib3.connection.HTTPConnection object at 0x000002327F814710>: Failed to establish a new connection: [WinError 10061] Nenhuma conexão pôde ser feita porque a máquina de destino as recusou ativamente'))
2025-05-24 22:27:35,298 - INFO - Enviando 10 chamados para análise de emoções no Flask.
2025-05-24 22:27:35,298 - INFO - Enviando 10 chamados para análise de emoções no Flask.
2025-05-24 22:27:35,413 - ERROR - Erro ao enviar lote para Flask: HTTPConnectionPool(host='localhost', port=8081): Max retries exceeded with url: /extrair-keywords (Caused by NewConnectionError('<urllib3.connection.HTTPConnection object at 0x000002320772EE40>: Failed to establish a new connection: [WinError 10061] Nenhuma conexão pôde ser feita porque a máquina de destino as recusou ativamente'))
2025-05-24 22:27:35,413 - INFO - Enviando 10 chamados para análise de emoções no Flask.
2025-05-24 22:27:35,479 - ERROR - Erro ao enviar lote para Flask: HTTPConnectionPool(host='localhost', port=8081): Max retries exceeded with url: /extrair-keywords (Caused by NewConnectionError('<urllib3.connection.HTTPConnection object at 0x000002336EF356D0>: Failed to establish a new connection: [WinError 10061] Nenhuma conexão pôde ser feita porque a máquina de destino as recusou ativamente'))
2025-05-24 22:27:35,480 - INFO - Enviando 10 chamados para análise de emoções no Flask.
2025-05-24 22:27:36,073 - ERROR - Erro ao enviar lote para Flask: HTTPConnectionPool(host='localhost', port=8080): Max retries exceeded with url: /prever (Caused by NewConnectionError('<urllib3.connection.HTTPConnection object at 0x000002327F815400>: Failed to establish a new connection: [WinError 10061] Nenhuma conexão pôde ser feita porque a máquina de destino as recusou ativamente'))
2025-05-24 22:27:36,086 - INFO - Processando chamadoId: 12082
2025-05-24 22:27:36,112 - INFO - ChamadoId 12082 processado e salvo no banco de dados.
2025-05-24 22:27:36,122 - ERROR - Erro ao enviar lote para Flask: HTTPConnectionPool(host='localhost', port=8081): Max retries exceeded with url: /extrair-keywords (Caused by NewConnectionError('<urllib3.connection.HTTPConnection object at 0x000002327F8178F0>: Failed to establish a new connection: [WinError 10061] Nenhuma conexão pôde ser feita porque a máquina de destino as recusou ativamente'))
2025-05-24 22:27:36,123 - INFO - Enviando 10 chamados para análise de emoções no Flask.
2025-05-24 22:27:36,126 - INFO - Processando chamadoId: 12080
2025-05-24 22:27:36,138 - ERROR - Erro ao enviar lote para Flask: HTTPConnectionPool(host='localhost', port=8081): Max retries exceeded with url: /extrair-keywords (Caused by NewConnectionError('<urllib3.connection.HTTPConnection object at 0x000002325C107500>: Failed to establish a new connection: [WinError 10061] Nenhuma conexão pôde ser feita porque a máquina de destino as recusou ativamente'))
2025-05-24 22:27:36,139 - INFO - Enviando 10 chamados para análise de emoções no Flask.
2025-05-24 22:27:36,152 - INFO - ChamadoId 12080 processado e salvo no banco de dados.
2025-05-24 22:27:36,165 - INFO - Processando chamadoId: 12078
2025-05-24 22:27:36,190 - INFO - ChamadoId 12078 processado e salvo no banco de dados.
2025-05-24 22:27:36,213 - INFO - Processando chamadoId: 12076
2025-05-24 22:27:36,237 - INFO - ChamadoId 12076 processado e salvo no banco de dados.
2025-05-24 22:27:36,254 - INFO - Processando chamadoId: 12074
2025-05-24 22:27:36,279 - INFO - ChamadoId 12074 processado e salvo no banco de dados.
2025-05-24 22:27:36,289 - INFO - Processando chamadoId: 12072
2025-05-24 22:27:36,314 - INFO - ChamadoId 12072 processado e salvo no banco de dados.
2025-05-24 22:27:36,326 - INFO - Processando chamadoId: 12070
2025-05-24 22:27:36,350 - INFO - ChamadoId 12070 processado e salvo no banco de dados.
2025-05-24 22:27:36,361 - INFO - Processando chamadoId: 12068
2025-05-24 22:27:36,385 - INFO - ChamadoId 12068 processado e salvo no banco de dados.
2025-05-24 22:27:36,397 - INFO - Processando chamadoId: 12066
2025-05-24 22:27:36,419 - INFO - ChamadoId 12066 processado e salvo no banco de dados.
2025-05-24 22:27:36,430 - INFO - Processando chamadoId: 12064
2025-05-24 22:27:36,454 - INFO - ChamadoId 12064 processado e salvo no banco de dados.
2025-05-24 22:27:36,455 - INFO - Enviando 10 chamados para geracao de keywords
2025-05-24 22:27:38,844 - ERROR - Erro ao enviar lote para Flask: HTTPConnectionPool(host='localhost', port=8081): Max retries exceeded with url: /extrair-keywords (Caused by NewConnectionError('<urllib3.connection.HTTPConnection object at 0x000002327F8158E0>: Failed to establish a new connection: [WinError 10061] Nenhuma conexão pôde ser feita porque a máquina de destino as recusou ativamente'))
2025-05-24 22:27:38,844 - INFO - Enviando 10 chamados para análise de emoções no Flask.
2025-05-24 22:27:39,161 - ERROR - Erro ao enviar lote para Flask: HTTPConnectionPool(host='localhost', port=8081): Max retries exceeded with url: /extrair-keywords (Caused by NewConnectionError('<urllib3.connection.HTTPConnection object at 0x000002336EF37E60>: Failed to establish a new connection: [WinError 10061] Nenhuma conexão pôde ser feita porque a máquina de destino as recusou ativamente'))
2025-05-24 22:27:39,161 - INFO - Enviando 10 chamados para análise de emoções no Flask.
2025-05-24 22:27:39,259 - ERROR - Erro ao enviar lote para Flask: HTTPConnectionPool(host='localhost', port=8080): Max retries exceeded with url: /prever (Caused by NewConnectionError('<urllib3.connection.HTTPConnection object at 0x000002336EF369C0>: Failed to establish a new connection: [WinError 10061] Nenhuma conexão pôde ser feita porque a máquina de destino as recusou ativamente'))
2025-05-24 22:27:39,270 - INFO - Processando chamadoId: 12062
2025-05-24 22:27:39,297 - INFO - ChamadoId 12062 processado e salvo no banco de dados.
2025-05-24 22:27:39,308 - INFO - Processando chamadoId: 12060
2025-05-24 22:27:39,336 - INFO - ChamadoId 12060 processado e salvo no banco de dados.
2025-05-24 22:27:39,346 - INFO - Processando chamadoId: 12058
2025-05-24 22:27:39,360 - ERROR - Erro ao enviar lote para Flask: HTTPConnectionPool(host='localhost', port=8080): Max retries exceeded with url: /prever (Caused by NewConnectionError('<urllib3.connection.HTTPConnection object at 0x000002336EF36BD0>: Failed to establish a new connection: [WinError 10061] Nenhuma conexão pôde ser feita porque a máquina de destino as recusou ativamente'))
2025-05-24 22:27:39,371 - INFO - Processando chamadoId: 12082
2025-05-24 22:27:39,373 - INFO - ChamadoId 12058 processado e salvo no banco de dados.
2025-05-24 22:27:39,375 - ERROR - Erro ao enviar lote para Flask: HTTPConnectionPool(host='localhost', port=8080): Max retries exceeded with url: /prever (Caused by NewConnectionError('<urllib3.connection.HTTPConnection object at 0x000002327C8FEB70>: Failed to establish a new connection: [WinError 10061] Nenhuma conexão pôde ser feita porque a máquina de destino as recusou ativamente'))
2025-05-24 22:27:39,383 - INFO - Processando chamadoId: 12056
2025-05-24 22:27:39,386 - INFO - Processando chamadoId: 12062
2025-05-24 22:27:39,397 - INFO - ChamadoId 12082 processado e salvo no banco de dados.
2025-05-24 22:27:39,408 - INFO - Processando chamadoId: 12080
2025-05-24 22:27:39,420 - INFO - ChamadoId 12062 processado e salvo no banco de dados.
2025-05-24 22:27:39,420 - INFO - ChamadoId 12056 processado e salvo no banco de dados.
2025-05-24 22:27:39,430 - INFO - ChamadoId 12080 processado e salvo no banco de dados.
2025-05-24 22:27:39,431 - INFO - Processando chamadoId: 12054
2025-05-24 22:27:39,433 - INFO - Processando chamadoId: 12060
2025-05-24 22:27:39,441 - INFO - Processando chamadoId: 12078
2025-05-24 22:27:39,470 - INFO - ChamadoId 12060 processado e salvo no banco de dados.
2025-05-24 22:27:39,476 - INFO - ChamadoId 12054 processado e salvo no banco de dados.
2025-05-24 22:27:39,476 - INFO - ChamadoId 12078 processado e salvo no banco de dados.
2025-05-24 22:27:39,479 - INFO - Processando chamadoId: 12058
2025-05-24 22:27:39,483 - ERROR - Erro ao enviar lote para Flask: HTTPConnectionPool(host='localhost', port=8080): Max retries exceeded with url: /prever (Caused by NewConnectionError('<urllib3.connection.HTTPConnection object at 0x000002327F815490>: Failed to establish a new connection: [WinError 10061] Nenhuma conexão pôde ser feita porque a máquina de destino as recusou ativamente'))
2025-05-24 22:27:39,486 - INFO - Processando chamadoId: 12076
2025-05-24 22:27:39,486 - INFO - Processando chamadoId: 12052
2025-05-24 22:27:39,497 - INFO - Processando chamadoId: 12082
2025-05-24 22:27:39,532 - ERROR - Erro ao enviar lote para Flask: HTTPConnectionPool(host='localhost', port=8080): Max retries exceeded with url: /prever (Caused by NewConnectionError('<urllib3.connection.HTTPConnection object at 0x000002327E4931A0>: Failed to establish a new connection: [WinError 10061] Nenhuma conexão pôde ser feita porque a máquina de destino as recusou ativamente'))
2025-05-24 22:27:39,541 - INFO - ChamadoId 12058 processado e salvo no banco de dados.
2025-05-24 22:27:39,542 - INFO - Processando chamadoId: 12082
2025-05-24 22:27:39,547 - INFO - ChamadoId 12076 processado e salvo no banco de dados.
2025-05-24 22:27:39,551 - INFO - Processando chamadoId: 12056
2025-05-24 22:27:39,553 - INFO - ChamadoId 12052 processado e salvo no banco de dados.
2025-05-24 22:27:39,558 - INFO - Processando chamadoId: 12074
2025-05-24 22:27:39,563 - INFO - ChamadoId 12082 processado e salvo no banco de dados.
2025-05-24 22:27:39,564 - INFO - Processando chamadoId: 12050
2025-05-24 22:27:39,577 - INFO - Processando chamadoId: 12080
2025-05-24 22:27:39,614 - INFO - ChamadoId 12082 processado e salvo no banco de dados.
2025-05-24 22:27:39,621 - INFO - ChamadoId 12050 processado e salvo no banco de dados.
2025-05-24 22:27:39,625 - INFO - Processando chamadoId: 12080
2025-05-24 22:27:39,632 - INFO - Processando chamadoId: 12049
2025-05-24 22:27:39,637 - INFO - ChamadoId 12056 processado e salvo no banco de dados.
2025-05-24 22:27:39,652 - INFO - Processando chamadoId: 12054
2025-05-24 22:27:39,662 - INFO - ChamadoId 12074 processado e salvo no banco de dados.
2025-05-24 22:27:39,667 - INFO - ChamadoId 12080 processado e salvo no banco de dados.
2025-05-24 22:27:39,675 - INFO - Processando chamadoId: 12072
2025-05-24 22:27:39,680 - INFO - Processando chamadoId: 12078
2025-05-24 22:27:39,704 - INFO - ChamadoId 12080 processado e salvo no banco de dados.
2025-05-24 22:27:39,706 - INFO - ChamadoId 12054 processado e salvo no banco de dados.
2025-05-24 22:27:39,716 - INFO - Processando chamadoId: 12078
2025-05-24 22:27:39,724 - INFO - Processando chamadoId: 12052
2025-05-24 22:27:39,726 - INFO - ChamadoId 12049 processado e salvo no banco de dados.
2025-05-24 22:27:39,729 - INFO - ChamadoId 12072 processado e salvo no banco de dados.
2025-05-24 22:27:39,731 - INFO - ChamadoId 12078 processado e salvo no banco de dados.
2025-05-24 22:27:39,737 - INFO - Processando chamadoId: 12047
2025-05-24 22:27:39,742 - INFO - Processando chamadoId: 12076
2025-05-24 22:27:39,742 - INFO - Processando chamadoId: 12070
2025-05-24 22:27:39,745 - INFO - ChamadoId 12078 processado e salvo no banco de dados.
2025-05-24 22:27:39,758 - INFO - Processando chamadoId: 12076
2025-05-24 22:27:39,780 - INFO - ChamadoId 12052 processado e salvo no banco de dados.
2025-05-24 22:27:39,781 - INFO - ChamadoId 12047 processado e salvo no banco de dados.
2025-05-24 22:27:39,792 - INFO - Processando chamadoId: 12046
2025-05-24 22:27:39,793 - INFO - Processando chamadoId: 12050
2025-05-24 22:27:39,799 - INFO - ChamadoId 12070 processado e salvo no banco de dados.
2025-05-24 22:27:39,801 - INFO - ChamadoId 12076 processado e salvo no banco de dados.
2025-05-24 22:27:39,809 - INFO - Processando chamadoId: 12068
2025-05-24 22:27:39,813 - INFO - Processando chamadoId: 12074
2025-05-24 22:27:39,817 - INFO - ChamadoId 12076 processado e salvo no banco de dados.
2025-05-24 22:27:39,835 - INFO - Processando chamadoId: 12074
2025-05-24 22:27:39,869 - INFO - ChamadoId 12068 processado e salvo no banco de dados.
2025-05-24 22:27:39,869 - INFO - ChamadoId 12074 processado e salvo no banco de dados.
2025-05-24 22:27:39,869 - INFO - ChamadoId 12050 processado e salvo no banco de dados.
2025-05-24 22:27:39,870 - INFO - ChamadoId 12074 processado e salvo no banco de dados.
2025-05-24 22:27:39,872 - INFO - ChamadoId 12046 processado e salvo no banco de dados.
2025-05-24 22:27:39,873 - INFO - Enviando 10 chamados para geracao de keywords
2025-05-24 22:27:39,881 - INFO - Processando chamadoId: 12049
2025-05-24 22:27:39,881 - INFO - Processando chamadoId: 12072
2025-05-24 22:27:39,881 - INFO - Processando chamadoId: 12066
2025-05-24 22:27:39,884 - INFO - Processando chamadoId: 12072
2025-05-24 22:27:39,970 - INFO - ChamadoId 12066 processado e salvo no banco de dados.
2025-05-24 22:27:39,972 - INFO - ChamadoId 12072 processado e salvo no banco de dados.
2025-05-24 22:27:39,975 - INFO - ChamadoId 12072 processado e salvo no banco de dados.
2025-05-24 22:27:39,975 - INFO - ChamadoId 12049 processado e salvo no banco de dados.
2025-05-24 22:27:39,982 - INFO - Processando chamadoId: 12064
2025-05-24 22:27:39,985 - INFO - Processando chamadoId: 12070
2025-05-24 22:27:39,988 - INFO - Processando chamadoId: 12047
2025-05-24 22:27:39,990 - INFO - Processando chamadoId: 12070
2025-05-24 22:27:40,031 - INFO - ChamadoId 12047 processado e salvo no banco de dados.
2025-05-24 22:27:40,045 - INFO - Processando chamadoId: 12046
2025-05-24 22:27:40,067 - INFO - ChamadoId 12064 processado e salvo no banco de dados.
2025-05-24 22:27:40,069 - INFO - Enviando 10 chamados para geracao de keywords
2025-05-24 22:27:40,071 - INFO - ChamadoId 12070 processado e salvo no banco de dados.
2025-05-24 22:27:40,077 - INFO - ChamadoId 12070 processado e salvo no banco de dados.
2025-05-24 22:27:40,082 - INFO - ChamadoId 12046 processado e salvo no banco de dados.
2025-05-24 22:27:40,082 - INFO - Processando chamadoId: 12068
2025-05-24 22:27:40,083 - INFO - Enviando 10 chamados para geracao de keywords
2025-05-24 22:27:40,088 - INFO - Processando chamadoId: 12068
2025-05-24 22:27:40,123 - INFO - ChamadoId 12068 processado e salvo no banco de dados.
2025-05-24 22:27:40,123 - INFO - ChamadoId 12068 processado e salvo no banco de dados.
2025-05-24 22:27:40,134 - INFO - Processando chamadoId: 12066
2025-05-24 22:27:40,134 - INFO - Processando chamadoId: 12066
2025-05-24 22:27:40,171 - INFO - ChamadoId 12066 processado e salvo no banco de dados.
2025-05-24 22:27:40,174 - INFO - ChamadoId 12066 processado e salvo no banco de dados.
2025-05-24 22:27:40,183 - INFO - Processando chamadoId: 12064
2025-05-24 22:27:40,184 - INFO - Processando chamadoId: 12064
2025-05-24 22:27:40,193 - ERROR - Erro ao enviar lote para Flask: HTTPConnectionPool(host='localhost', port=8080): Max retries exceeded with url: /prever (Caused by NewConnectionError('<urllib3.connection.HTTPConnection object at 0x000002327E4AC230>: Failed to establish a new connection: [WinError 10061] Nenhuma conexão pôde ser feita porque a máquina de destino as recusou ativamente'))
2025-05-24 22:27:40,198 - ERROR - Erro ao enviar lote para Flask: HTTPConnectionPool(host='localhost', port=8080): Max retries exceeded with url: /prever (Caused by NewConnectionError('<urllib3.connection.HTTPConnection object at 0x000002327F816030>: Failed to establish a new connection: [WinError 10061] Nenhuma conexão pôde ser feita porque a máquina de destino as recusou ativamente'))
2025-05-24 22:27:40,204 - INFO - Processando chamadoId: 12062
2025-05-24 22:27:40,213 - INFO - Processando chamadoId: 12082
2025-05-24 22:27:40,222 - INFO - ChamadoId 12064 processado e salvo no banco de dados.
2025-05-24 22:27:40,223 - INFO - Enviando 10 chamados para geracao de keywords
2025-05-24 22:27:40,230 - INFO - ChamadoId 12064 processado e salvo no banco de dados.
2025-05-24 22:27:40,231 - INFO - Enviando 10 chamados para geracao de keywords
2025-05-24 22:27:40,255 - INFO - ChamadoId 12062 processado e salvo no banco de dados.
2025-05-24 22:27:40,257 - INFO - ChamadoId 12082 processado e salvo no banco de dados.
2025-05-24 22:27:40,266 - INFO - Processando chamadoId: 12060
2025-05-24 22:27:40,269 - INFO - Processando chamadoId: 12080
2025-05-24 22:27:40,298 - INFO - ChamadoId 12060 processado e salvo no banco de dados.
2025-05-24 22:27:40,304 - INFO - ChamadoId 12080 processado e salvo no banco de dados.
2025-05-24 22:27:40,309 - INFO - Processando chamadoId: 12058
2025-05-24 22:27:40,319 - INFO - Processando chamadoId: 12078
2025-05-24 22:27:40,346 - INFO - ChamadoId 12058 processado e salvo no banco de dados.
2025-05-24 22:27:40,354 - INFO - ChamadoId 12078 processado e salvo no banco de dados.
2025-05-24 22:27:40,359 - INFO - Processando chamadoId: 12056
2025-05-24 22:27:40,368 - INFO - Processando chamadoId: 12076
2025-05-24 22:27:40,385 - INFO - ChamadoId 12056 processado e salvo no banco de dados.
2025-05-24 22:27:40,394 - INFO - ChamadoId 12076 processado e salvo no banco de dados.
2025-05-24 22:27:40,398 - INFO - Processando chamadoId: 12054
2025-05-24 22:27:40,409 - INFO - Processando chamadoId: 12074
2025-05-24 22:27:40,422 - INFO - ChamadoId 12054 processado e salvo no banco de dados.
2025-05-24 22:27:40,435 - INFO - Processando chamadoId: 12052
2025-05-24 22:27:40,438 - INFO - ChamadoId 12074 processado e salvo no banco de dados.
2025-05-24 22:27:40,452 - INFO - Processando chamadoId: 12072
2025-05-24 22:27:40,469 - INFO - ChamadoId 12052 processado e salvo no banco de dados.
2025-05-24 22:27:40,482 - INFO - Processando chamadoId: 12050
2025-05-24 22:27:40,487 - INFO - ChamadoId 12072 processado e salvo no banco de dados.
2025-05-24 22:27:40,491 - ERROR - Erro ao enviar lote para Flask: HTTPConnectionPool(host='localhost', port=8081): Max retries exceeded with url: /extrair-keywords (Caused by NewConnectionError('<urllib3.connection.HTTPConnection object at 0x000002327F85B4A0>: Failed to establish a new connection: [WinError 10061] Nenhuma conexão pôde ser feita porque a máquina de destino as recusou ativamente'))
2025-05-24 22:27:40,492 - INFO - Enviando 10 chamados para análise de emoções no Flask.
2025-05-24 22:27:40,503 - INFO - Processando chamadoId: 12070
2025-05-24 22:27:40,512 - INFO - ChamadoId 12050 processado e salvo no banco de dados.
2025-05-24 22:27:40,526 - INFO - Processando chamadoId: 12049
2025-05-24 22:27:40,535 - INFO - ChamadoId 12070 processado e salvo no banco de dados.
2025-05-24 22:27:40,548 - INFO - Processando chamadoId: 12068
2025-05-24 22:27:40,562 - INFO - ChamadoId 12049 processado e salvo no banco de dados.
2025-05-24 22:27:40,577 - INFO - Processando chamadoId: 12047
2025-05-24 22:27:40,580 - INFO - ChamadoId 12068 processado e salvo no banco de dados.
2025-05-24 22:27:40,594 - INFO - Processando chamadoId: 12066
2025-05-24 22:27:40,869 - INFO - ChamadoId 12066 processado e salvo no banco de dados.
2025-05-24 22:27:40,869 - INFO - ChamadoId 12047 processado e salvo no banco de dados.
2025-05-24 22:27:40,881 - INFO - Processando chamadoId: 12046
2025-05-24 22:27:40,884 - INFO - Processando chamadoId: 12064
2025-05-24 22:27:40,914 - INFO - ChamadoId 12046 processado e salvo no banco de dados.
2025-05-24 22:27:40,914 - INFO - Enviando 10 chamados para geracao de keywords
2025-05-24 22:27:40,923 - INFO - ChamadoId 12064 processado e salvo no banco de dados.
2025-05-24 22:27:40,923 - INFO - Enviando 10 chamados para geracao de keywords
2025-05-24 22:27:42,889 - ERROR - Erro ao enviar lote para Flask: HTTPConnectionPool(host='localhost', port=8080): Max retries exceeded with url: /prever (Caused by NewConnectionError('<urllib3.connection.HTTPConnection object at 0x000002336EF35C40>: Failed to establish a new connection: [WinError 10061] Nenhuma conexão pôde ser feita porque a máquina de destino as recusou ativamente'))
2025-05-24 22:27:42,901 - INFO - Processando chamadoId: 12062
2025-05-24 22:27:42,927 - INFO - ChamadoId 12062 processado e salvo no banco de dados.
2025-05-24 22:27:42,937 - INFO - Processando chamadoId: 12060
2025-05-24 22:27:42,966 - INFO - ChamadoId 12060 processado e salvo no banco de dados.
2025-05-24 22:27:42,977 - INFO - Processando chamadoId: 12058
2025-05-24 22:27:43,008 - INFO - ChamadoId 12058 processado e salvo no banco de dados.
2025-05-24 22:27:43,019 - INFO - Processando chamadoId: 12056
2025-05-24 22:27:43,043 - INFO - ChamadoId 12056 processado e salvo no banco de dados.
2025-05-24 22:27:43,054 - INFO - Processando chamadoId: 12054
2025-05-24 22:27:43,079 - INFO - ChamadoId 12054 processado e salvo no banco de dados.
2025-05-24 22:27:43,090 - INFO - Processando chamadoId: 12052
2025-05-24 22:27:43,116 - INFO - ChamadoId 12052 processado e salvo no banco de dados.
2025-05-24 22:27:43,128 - INFO - Processando chamadoId: 12050
2025-05-24 22:27:43,148 - INFO - ChamadoId 12050 processado e salvo no banco de dados.
2025-05-24 22:27:43,158 - INFO - Processando chamadoId: 12049
2025-05-24 22:27:43,188 - INFO - ChamadoId 12049 processado e salvo no banco de dados.
2025-05-24 22:27:43,199 - INFO - Processando chamadoId: 12047
2025-05-24 22:27:43,219 - INFO - ChamadoId 12047 processado e salvo no banco de dados.
2025-05-24 22:27:43,221 - ERROR - Erro ao enviar lote para Flask: HTTPConnectionPool(host='localhost', port=8080): Max retries exceeded with url: /prever (Caused by NewConnectionError('<urllib3.connection.HTTPConnection object at 0x000002327F814E60>: Failed to establish a new connection: [WinError 10061] Nenhuma conexão pôde ser feita porque a máquina de destino as recusou ativamente'))
2025-05-24 22:27:43,231 - INFO - Processando chamadoId: 12046
2025-05-24 22:27:43,231 - INFO - Processando chamadoId: 12062
2025-05-24 22:27:43,259 - INFO - ChamadoId 12046 processado e salvo no banco de dados.
2025-05-24 22:27:43,260 - INFO - Enviando 10 chamados para geracao de keywords
2025-05-24 22:27:43,266 - INFO - ChamadoId 12062 processado e salvo no banco de dados.
2025-05-24 22:27:43,278 - INFO - Processando chamadoId: 12060
2025-05-24 22:27:43,302 - INFO - ChamadoId 12060 processado e salvo no banco de dados.
2025-05-24 22:27:43,314 - INFO - Processando chamadoId: 12058
2025-05-24 22:27:43,338 - INFO - ChamadoId 12058 processado e salvo no banco de dados.
2025-05-24 22:27:43,347 - INFO - Processando chamadoId: 12056
2025-05-24 22:27:43,372 - INFO - ChamadoId 12056 processado e salvo no banco de dados.
2025-05-24 22:27:43,382 - INFO - Processando chamadoId: 12054
2025-05-24 22:27:43,409 - INFO - ChamadoId 12054 processado e salvo no banco de dados.
2025-05-24 22:27:43,421 - INFO - Processando chamadoId: 12052
2025-05-24 22:27:43,446 - INFO - ChamadoId 12052 processado e salvo no banco de dados.
2025-05-24 22:27:43,456 - INFO - Processando chamadoId: 12050
2025-05-24 22:27:43,480 - INFO - ChamadoId 12050 processado e salvo no banco de dados.
2025-05-24 22:27:43,490 - INFO - Processando chamadoId: 12049
2025-05-24 22:27:43,525 - INFO - ChamadoId 12049 processado e salvo no banco de dados.
2025-05-24 22:27:43,535 - INFO - Processando chamadoId: 12047
2025-05-24 22:27:43,555 - INFO - ChamadoId 12047 processado e salvo no banco de dados.
2025-05-24 22:27:43,565 - INFO - Processando chamadoId: 12046
2025-05-24 22:27:43,583 - INFO - ChamadoId 12046 processado e salvo no banco de dados.
2025-05-24 22:27:43,584 - INFO - Enviando 10 chamados para geracao de keywords
2025-05-24 22:27:43,909 - ERROR - Erro ao enviar lote para Flask: HTTPConnectionPool(host='localhost', port=8081): Max retries exceeded with url: /extrair-keywords (Caused by NewConnectionError('<urllib3.connection.HTTPConnection object at 0x000002327F85B6E0>: Failed to establish a new connection: [WinError 10061] Nenhuma conexão pôde ser feita porque a máquina de destino as recusou ativamente'))
2025-05-24 22:27:43,909 - INFO - Enviando 10 chamados para análise de emoções no Flask.
2025-05-24 22:27:44,134 - ERROR - Erro ao enviar lote para Flask: HTTPConnectionPool(host='localhost', port=8081): Max retries exceeded with url: /extrair-keywords (Caused by NewConnectionError('<urllib3.connection.HTTPConnection object at 0x00000232077E2630>: Failed to establish a new connection: [WinError 10061] Nenhuma conexão pôde ser feita porque a máquina de destino as recusou ativamente'))
2025-05-24 22:27:44,134 - INFO - Enviando 10 chamados para análise de emoções no Flask.
2025-05-24 22:27:44,163 - ERROR - Erro ao enviar lote para Flask: HTTPConnectionPool(host='localhost', port=8081): Max retries exceeded with url: /extrair-keywords (Caused by NewConnectionError('<urllib3.connection.HTTPConnection object at 0x000002327E4AF170>: Failed to establish a new connection: [WinError 10061] Nenhuma conexão pôde ser feita porque a máquina de destino as recusou ativamente'))
2025-05-24 22:27:44,164 - INFO - Enviando 10 chamados para análise de emoções no Flask.
2025-05-24 22:27:44,271 - ERROR - Erro ao enviar lote para Flask: HTTPConnectionPool(host='localhost', port=8081): Max retries exceeded with url: /extrair-keywords (Caused by NewConnectionError('<urllib3.connection.HTTPConnection object at 0x000002327E4AF110>: Failed to establish a new connection: [WinError 10061] Nenhuma conexão pôde ser feita porque a máquina de destino as recusou ativamente'))
2025-05-24 22:27:44,272 - INFO - Enviando 10 chamados para análise de emoções no Flask.
2025-05-24 22:27:44,286 - ERROR - Erro ao enviar lote para Flask: HTTPConnectionPool(host='localhost', port=8081): Max retries exceeded with url: /extrair-keywords (Caused by NewConnectionError('<urllib3.connection.HTTPConnection object at 0x000002327F816540>: Failed to establish a new connection: [WinError 10061] Nenhuma conexão pôde ser feita porque a máquina de destino as recusou ativamente'))
2025-05-24 22:27:44,287 - INFO - Enviando 10 chamados para análise de emoções no Flask.
2025-05-24 22:27:44,576 - ERROR - Erro ao enviar lote para Flask: HTTPConnectionPool(host='localhost', port=8080): Max retries exceeded with url: /prever (Caused by NewConnectionError('<urllib3.connection.HTTPConnection object at 0x000002327E4AE2A0>: Failed to establish a new connection: [WinError 10061] Nenhuma conexão pôde ser feita porque a máquina de destino as recusou ativamente'))
2025-05-24 22:27:44,588 - INFO - Processando chamadoId: 12062
2025-05-24 22:27:44,618 - INFO - ChamadoId 12062 processado e salvo no banco de dados.
2025-05-24 22:27:44,630 - INFO - Processando chamadoId: 12060
2025-05-24 22:27:44,654 - INFO - ChamadoId 12060 processado e salvo no banco de dados.
2025-05-24 22:27:44,667 - INFO - Processando chamadoId: 12058
2025-05-24 22:27:44,694 - INFO - ChamadoId 12058 processado e salvo no banco de dados.
2025-05-24 22:27:44,707 - INFO - Processando chamadoId: 12056
2025-05-24 22:27:44,733 - INFO - ChamadoId 12056 processado e salvo no banco de dados.
2025-05-24 22:27:44,747 - INFO - Processando chamadoId: 12054
2025-05-24 22:27:44,778 - INFO - ChamadoId 12054 processado e salvo no banco de dados.
2025-05-24 22:27:44,790 - INFO - Processando chamadoId: 12052
2025-05-24 22:27:44,817 - INFO - ChamadoId 12052 processado e salvo no banco de dados.
2025-05-24 22:27:44,829 - INFO - Processando chamadoId: 12050
2025-05-24 22:27:44,855 - INFO - ChamadoId 12050 processado e salvo no banco de dados.
2025-05-24 22:27:44,867 - INFO - Processando chamadoId: 12049
2025-05-24 22:27:44,898 - INFO - ChamadoId 12049 processado e salvo no banco de dados.
2025-05-24 22:27:44,911 - INFO - Processando chamadoId: 12047
2025-05-24 22:27:44,931 - INFO - ChamadoId 12047 processado e salvo no banco de dados.
2025-05-24 22:27:44,942 - INFO - Processando chamadoId: 12046
2025-05-24 22:27:44,963 - INFO - ChamadoId 12046 processado e salvo no banco de dados.
2025-05-24 22:27:44,963 - INFO - Enviando 10 chamados para geracao de keywords
2025-05-24 22:27:44,973 - ERROR - Erro ao enviar lote para Flask: HTTPConnectionPool(host='localhost', port=8081): Max retries exceeded with url: /extrair-keywords (Caused by NewConnectionError('<urllib3.connection.HTTPConnection object at 0x000002320B9FC380>: Failed to establish a new connection: [WinError 10061] Nenhuma conexão pôde ser feita porque a máquina de destino as recusou ativamente'))
2025-05-24 22:27:44,973 - ERROR - Erro ao enviar lote para Flask: HTTPConnectionPool(host='localhost', port=8081): Max retries exceeded with url: /extrair-keywords (Caused by NewConnectionError('<urllib3.connection.HTTPConnection object at 0x000002327E4AF260>: Failed to establish a new connection: [WinError 10061] Nenhuma conexão pôde ser feita porque a máquina de destino as recusou ativamente'))
2025-05-24 22:27:44,974 - INFO - Enviando 10 chamados para análise de emoções no Flask.
2025-05-24 22:27:44,974 - INFO - Enviando 10 chamados para análise de emoções no Flask.
2025-05-24 22:27:47,336 - ERROR - Erro ao enviar lote para Flask: HTTPConnectionPool(host='localhost', port=8081): Max retries exceeded with url: /extrair-keywords (Caused by NewConnectionError('<urllib3.connection.HTTPConnection object at 0x000002320772F440>: Failed to establish a new connection: [WinError 10061] Nenhuma conexão pôde ser feita porque a máquina de destino as recusou ativamente'))
2025-05-24 22:27:47,336 - INFO - Enviando 10 chamados para análise de emoções no Flask.
2025-05-24 22:27:47,656 - ERROR - Erro ao enviar lote para Flask: HTTPConnectionPool(host='localhost', port=8081): Max retries exceeded with url: /extrair-keywords (Caused by NewConnectionError('<urllib3.connection.HTTPConnection object at 0x000002336EF34110>: Failed to establish a new connection: [WinError 10061] Nenhuma conexão pôde ser feita porque a máquina de destino as recusou ativamente'))
2025-05-24 22:27:47,656 - INFO - Enviando 10 chamados para análise de emoções no Flask.
2025-05-24 22:27:47,953 - ERROR - Erro ao enviar lote para Flask: HTTPConnectionPool(host='localhost', port=8080): Max retries exceeded with url: /prever (Caused by NewConnectionError('<urllib3.connection.HTTPConnection object at 0x000002336EF35550>: Failed to establish a new connection: [WinError 10061] Nenhuma conexão pôde ser feita porque a máquina de destino as recusou ativamente'))
2025-05-24 22:27:47,964 - INFO - Processando chamadoId: 12045
2025-05-24 22:27:47,987 - INFO - ChamadoId 12045 processado e salvo no banco de dados.
2025-05-24 22:27:47,998 - INFO - Processando chamadoId: 12044
2025-05-24 22:27:48,026 - INFO - ChamadoId 12044 processado e salvo no banco de dados.
2025-05-24 22:27:48,036 - INFO - Processando chamadoId: 12043
2025-05-24 22:27:48,065 - INFO - ChamadoId 12043 processado e salvo no banco de dados.
2025-05-24 22:27:48,076 - INFO - Processando chamadoId: 12042
2025-05-24 22:27:48,096 - INFO - ChamadoId 12042 processado e salvo no banco de dados.
2025-05-24 22:27:48,108 - INFO - Processando chamadoId: 12041
2025-05-24 22:27:48,131 - INFO - ChamadoId 12041 processado e salvo no banco de dados.
2025-05-24 22:27:48,141 - INFO - Processando chamadoId: 12040
2025-05-24 22:27:48,170 - INFO - ChamadoId 12040 processado e salvo no banco de dados.
2025-05-24 22:27:48,180 - INFO - Processando chamadoId: 12038
2025-05-24 22:27:48,185 - ERROR - Erro ao enviar lote para Flask: HTTPConnectionPool(host='localhost', port=8080): Max retries exceeded with url: /prever (Caused by NewConnectionError('<urllib3.connection.HTTPConnection object at 0x000002336EF34CE0>: Failed to establish a new connection: [WinError 10061] Nenhuma conexão pôde ser feita porque a máquina de destino as recusou ativamente'))
2025-05-24 22:27:48,198 - INFO - Processando chamadoId: 12062
2025-05-24 22:27:48,223 - INFO - ChamadoId 12038 processado e salvo no banco de dados.
2025-05-24 22:27:48,229 - INFO - ChamadoId 12062 processado e salvo no banco de dados.
2025-05-24 22:27:48,231 - ERROR - Erro ao enviar lote para Flask: HTTPConnectionPool(host='localhost', port=8080): Max retries exceeded with url: /prever (Caused by NewConnectionError('<urllib3.connection.HTTPConnection object at 0x000002327E4AC500>: Failed to establish a new connection: [WinError 10061] Nenhuma conexão pôde ser feita porque a máquina de destino as recusou ativamente'))
2025-05-24 22:27:48,234 - INFO - Processando chamadoId: 12036
2025-05-24 22:27:48,241 - INFO - Processando chamadoId: 12060
2025-05-24 22:27:48,243 - INFO - Processando chamadoId: 12045
2025-05-24 22:27:48,285 - INFO - ChamadoId 12045 processado e salvo no banco de dados.
2025-05-24 22:27:48,292 - INFO - ChamadoId 12036 processado e salvo no banco de dados.
2025-05-24 22:27:48,294 - INFO - ChamadoId 12060 processado e salvo no banco de dados.
2025-05-24 22:27:48,296 - INFO - Processando chamadoId: 12044
2025-05-24 22:27:48,302 - INFO - Processando chamadoId: 12034
2025-05-24 22:27:48,304 - INFO - Processando chamadoId: 12058
2025-05-24 22:27:48,319 - ERROR - Erro ao enviar lote para Flask: HTTPConnectionPool(host='localhost', port=8080): Max retries exceeded with url: /prever (Caused by NewConnectionError('<urllib3.connection.HTTPConnection object at 0x000002336EC2E840>: Failed to establish a new connection: [WinError 10061] Nenhuma conexão pôde ser feita porque a máquina de destino as recusou ativamente'))
2025-05-24 22:27:48,321 - INFO - ChamadoId 12044 processado e salvo no banco de dados.
2025-05-24 22:27:48,333 - INFO - Processando chamadoId: 12062
2025-05-24 22:27:48,336 - INFO - Processando chamadoId: 12043
2025-05-24 22:27:48,354 - INFO - ChamadoId 12058 processado e salvo no banco de dados.
2025-05-24 22:27:48,354 - INFO - ChamadoId 12034 processado e salvo no banco de dados.
2025-05-24 22:27:48,365 - INFO - Processando chamadoId: 12056
2025-05-24 22:27:48,365 - INFO - Processando chamadoId: 12032
2025-05-24 22:27:48,371 - INFO - ChamadoId 12043 processado e salvo no banco de dados.
2025-05-24 22:27:48,375 - ERROR - Erro ao enviar lote para Flask: HTTPConnectionPool(host='localhost', port=8080): Max retries exceeded with url: /prever (Caused by NewConnectionError('<urllib3.connection.HTTPConnection object at 0x0000023254E13E90>: Failed to establish a new connection: [WinError 10061] Nenhuma conexão pôde ser feita porque a máquina de destino as recusou ativamente'))
2025-05-24 22:27:48,376 - INFO - ChamadoId 12062 processado e salvo no banco de dados.
2025-05-24 22:27:48,384 - INFO - Processando chamadoId: 12042
2025-05-24 22:27:48,387 - INFO - Processando chamadoId: 12062
2025-05-24 22:27:48,391 - INFO - Processando chamadoId: 12060
2025-05-24 22:27:48,423 - INFO - ChamadoId 12056 processado e salvo no banco de dados.
2025-05-24 22:27:48,430 - INFO - ChamadoId 12032 processado e salvo no banco de dados.
2025-05-24 22:27:48,431 - INFO - Enviando 10 chamados para geracao de keywords
2025-05-24 22:27:48,434 - INFO - Processando chamadoId: 12054
2025-05-24 22:27:48,434 - INFO - ChamadoId 12042 processado e salvo no banco de dados.
2025-05-24 22:27:48,447 - INFO - Processando chamadoId: 12041
2025-05-24 22:27:48,457 - INFO - ChamadoId 12062 processado e salvo no banco de dados.
2025-05-24 22:27:48,459 - INFO - ChamadoId 12060 processado e salvo no banco de dados.
2025-05-24 22:27:48,470 - INFO - Processando chamadoId: 12060
2025-05-24 22:27:48,473 - INFO - Processando chamadoId: 12058
2025-05-24 22:27:48,483 - INFO - ChamadoId 12041 processado e salvo no banco de dados.
2025-05-24 22:27:48,492 - INFO - ChamadoId 12054 processado e salvo no banco de dados.
2025-05-24 22:27:48,494 - INFO - Processando chamadoId: 12040
2025-05-24 22:27:48,504 - INFO - Processando chamadoId: 12052
2025-05-24 22:27:48,545 - INFO - ChamadoId 12060 processado e salvo no banco de dados.
2025-05-24 22:27:48,557 - INFO - Processando chamadoId: 12058
2025-05-24 22:27:48,560 - INFO - ChamadoId 12058 processado e salvo no banco de dados.
2025-05-24 22:27:48,575 - INFO - Processando chamadoId: 12056
2025-05-24 22:27:48,578 - INFO - ChamadoId 12052 processado e salvo no banco de dados.
2025-05-24 22:27:48,580 - INFO - ChamadoId 12040 processado e salvo no banco de dados.
2025-05-24 22:27:48,590 - INFO - Processando chamadoId: 12050
2025-05-24 22:27:48,592 - INFO - Processando chamadoId: 12038
2025-05-24 22:27:48,613 - INFO - ChamadoId 12058 processado e salvo no banco de dados.
2025-05-24 22:27:48,625 - INFO - Processando chamadoId: 12056
2025-05-24 22:27:48,627 - INFO - ChamadoId 12050 processado e salvo no banco de dados.
2025-05-24 22:27:48,638 - INFO - Processando chamadoId: 12049
2025-05-24 22:27:48,648 - INFO - ChamadoId 12056 processado e salvo no banco de dados.
2025-05-24 22:27:48,661 - INFO - Processando chamadoId: 12054
2025-05-24 22:27:48,666 - INFO - ChamadoId 12038 processado e salvo no banco de dados.
2025-05-24 22:27:48,680 - INFO - Processando chamadoId: 12036
2025-05-24 22:27:48,686 - INFO - ChamadoId 12056 processado e salvo no banco de dados.
2025-05-24 22:27:48,699 - INFO - Processando chamadoId: 12054
2025-05-24 22:27:48,967 - INFO - ChamadoId 12049 processado e salvo no banco de dados.
2025-05-24 22:27:48,967 - INFO - ChamadoId 12036 processado e salvo no banco de dados.
2025-05-24 22:27:48,968 - INFO - ChamadoId 12054 processado e salvo no banco de dados.
2025-05-24 22:27:48,969 - INFO - ChamadoId 12054 processado e salvo no banco de dados.
2025-05-24 22:27:48,978 - INFO - Processando chamadoId: 12047
2025-05-24 22:27:48,979 - INFO - Processando chamadoId: 12034
2025-05-24 22:27:48,982 - INFO - Processando chamadoId: 12052
2025-05-24 22:27:48,987 - INFO - Processando chamadoId: 12052
2025-05-24 22:27:49,003 - ERROR - Erro ao enviar lote para Flask: HTTPConnectionPool(host='localhost', port=8080): Max retries exceeded with url: /prever (Caused by NewConnectionError('<urllib3.connection.HTTPConnection object at 0x000002327E4AE180>: Failed to establish a new connection: [WinError 10061] Nenhuma conexão pôde ser feita porque a máquina de destino as recusou ativamente'))
2025-05-24 22:27:49,005 - ERROR - Erro ao enviar lote para Flask: HTTPConnectionPool(host='localhost', port=8080): Max retries exceeded with url: /prever (Caused by NewConnectionError('<urllib3.connection.HTTPConnection object at 0x000002336EF34050>: Failed to establish a new connection: [WinError 10061] Nenhuma conexão pôde ser feita porque a máquina de destino as recusou ativamente'))
2025-05-24 22:27:49,005 - ERROR - Erro ao enviar lote para Flask: HTTPConnectionPool(host='localhost', port=8081): Max retries exceeded with url: /extrair-keywords (Caused by NewConnectionError('<urllib3.connection.HTTPConnection object at 0x00000232077E3AA0>: Failed to establish a new connection: [WinError 10061] Nenhuma conexão pôde ser feita porque a máquina de destino as recusou ativamente'))
2025-05-24 22:27:49,008 - INFO - Enviando 10 chamados para análise de emoções no Flask.
2025-05-24 22:27:49,020 - INFO - Processando chamadoId: 12045
2025-05-24 22:27:49,021 - INFO - Processando chamadoId: 12062
2025-05-24 22:27:49,051 - INFO - ChamadoId 12047 processado e salvo no banco de dados.
2025-05-24 22:27:49,063 - INFO - Processando chamadoId: 12046
2025-05-24 22:27:49,102 - INFO - ChamadoId 12045 processado e salvo no banco de dados.
2025-05-24 22:27:49,108 - INFO - ChamadoId 12052 processado e salvo no banco de dados.
2025-05-24 22:27:49,109 - INFO - ChamadoId 12034 processado e salvo no banco de dados.
2025-05-24 22:27:49,110 - INFO - ChamadoId 12052 processado e salvo no banco de dados.
2025-05-24 22:27:49,115 - INFO - Processando chamadoId: 12044
2025-05-24 22:27:49,115 - INFO - ChamadoId 12046 processado e salvo no banco de dados.
2025-05-24 22:27:49,116 - INFO - Enviando 10 chamados para geracao de keywords
2025-05-24 22:27:49,121 - INFO - Processando chamadoId: 12050
2025-05-24 22:27:49,122 - INFO - Processando chamadoId: 12050
2025-05-24 22:27:49,122 - INFO - Processando chamadoId: 12032
2025-05-24 22:27:49,127 - INFO - ChamadoId 12062 processado e salvo no banco de dados.
2025-05-24 22:27:49,143 - INFO - Processando chamadoId: 12060
2025-05-24 22:27:49,166 - INFO - ChamadoId 12044 processado e salvo no banco de dados.
2025-05-24 22:27:49,173 - INFO - ChamadoId 12050 processado e salvo no banco de dados.
2025-05-24 22:27:49,177 - INFO - Processando chamadoId: 12043
2025-05-24 22:27:49,177 - INFO - ChamadoId 12050 processado e salvo no banco de dados.
2025-05-24 22:27:49,185 - INFO - Processando chamadoId: 12049
2025-05-24 22:27:49,191 - INFO - Processando chamadoId: 12049
2025-05-24 22:27:49,219 - INFO - ChamadoId 12032 processado e salvo no banco de dados.
2025-05-24 22:27:49,220 - INFO - Enviando 10 chamados para geracao de keywords
2025-05-24 22:27:49,223 - INFO - ChamadoId 12060 processado e salvo no banco de dados.
2025-05-24 22:27:49,236 - INFO - Processando chamadoId: 12058
2025-05-24 22:27:49,240 - INFO - ChamadoId 12043 processado e salvo no banco de dados.
2025-05-24 22:27:49,254 - INFO - Processando chamadoId: 12042
2025-05-24 22:27:49,258 - INFO - ChamadoId 12049 processado e salvo no banco de dados.
2025-05-24 22:27:49,259 - INFO - ChamadoId 12049 processado e salvo no banco de dados.
2025-05-24 22:27:49,272 - INFO - Processando chamadoId: 12047
2025-05-24 22:27:49,272 - INFO - Processando chamadoId: 12047
2025-05-24 22:27:49,280 - INFO - ChamadoId 12058 processado e salvo no banco de dados.
2025-05-24 22:27:49,284 - INFO - ChamadoId 12042 processado e salvo no banco de dados.
2025-05-24 22:27:49,295 - INFO - Processando chamadoId: 12056
2025-05-24 22:27:49,297 - INFO - Processando chamadoId: 12041
2025-05-24 22:27:49,309 - INFO - ChamadoId 12047 processado e salvo no banco de dados.
2025-05-24 22:27:49,312 - INFO - ChamadoId 12047 processado e salvo no banco de dados.
2025-05-24 22:27:49,324 - INFO - Processando chamadoId: 12046
2025-05-24 22:27:49,324 - INFO - Processando chamadoId: 12046
2025-05-24 22:27:49,330 - INFO - ChamadoId 12041 processado e salvo no banco de dados.
2025-05-24 22:27:49,343 - INFO - Processando chamadoId: 12040
2025-05-24 22:27:49,368 - INFO - ChamadoId 12056 processado e salvo no banco de dados.
2025-05-24 22:27:49,373 - INFO - ChamadoId 12046 processado e salvo no banco de dados.
2025-05-24 22:27:49,373 - INFO - ChamadoId 12046 processado e salvo no banco de dados.
2025-05-24 22:27:49,374 - INFO - Enviando 10 chamados para geracao de keywords
2025-05-24 22:27:49,374 - INFO - Enviando 10 chamados para geracao de keywords
2025-05-24 22:27:49,381 - INFO - Processando chamadoId: 12054
2025-05-24 22:27:49,388 - INFO - ChamadoId 12040 processado e salvo no banco de dados.
2025-05-24 22:27:49,401 - INFO - Processando chamadoId: 12038
2025-05-24 22:27:49,414 - INFO - ChamadoId 12054 processado e salvo no banco de dados.
2025-05-24 22:27:49,427 - INFO - ChamadoId 12038 processado e salvo no banco de dados.
2025-05-24 22:27:49,427 - INFO - Processando chamadoId: 12052
2025-05-24 22:27:49,440 - INFO - Processando chamadoId: 12036
2025-05-24 22:27:49,459 - INFO - ChamadoId 12052 processado e salvo no banco de dados.
2025-05-24 22:27:49,468 - INFO - ChamadoId 12036 processado e salvo no banco de dados.
2025-05-24 22:27:49,471 - INFO - Processando chamadoId: 12050
2025-05-24 22:27:49,480 - INFO - Processando chamadoId: 12034
2025-05-24 22:27:49,492 - INFO - ChamadoId 12050 processado e salvo no banco de dados.
2025-05-24 22:27:49,506 - INFO - Processando chamadoId: 12049
2025-05-24 22:27:49,506 - INFO - ChamadoId 12034 processado e salvo no banco de dados.
2025-05-24 22:27:49,521 - INFO - Processando chamadoId: 12032
2025-05-24 22:27:49,544 - INFO - ChamadoId 12049 processado e salvo no banco de dados.
2025-05-24 22:27:49,967 - INFO - ChamadoId 12032 processado e salvo no banco de dados.
2025-05-24 22:27:49,967 - INFO - Processando chamadoId: 12047
2025-05-24 22:27:49,967 - INFO - Enviando 10 chamados para geracao de keywords
2025-05-24 22:27:49,989 - INFO - ChamadoId 12047 processado e salvo no banco de dados.
2025-05-24 22:27:50,003 - INFO - Processando chamadoId: 12046
2025-05-24 22:27:50,025 - INFO - ChamadoId 12046 processado e salvo no banco de dados.
2025-05-24 22:27:50,025 - INFO - Enviando 10 chamados para geracao de keywords
2025-05-24 22:27:51,413 - ERROR - Erro ao enviar lote para Flask: HTTPConnectionPool(host='localhost', port=8080): Max retries exceeded with url: /prever (Caused by NewConnectionError('<urllib3.connection.HTTPConnection object at 0x000002327E4AFE90>: Failed to establish a new connection: [WinError 10061] Nenhuma conexão pôde ser feita porque a máquina de destino as recusou ativamente'))
2025-05-24 22:27:51,424 - INFO - Processando chamadoId: 12045
2025-05-24 22:27:51,446 - INFO - ChamadoId 12045 processado e salvo no banco de dados.
2025-05-24 22:27:51,458 - INFO - Processando chamadoId: 12044
2025-05-24 22:27:51,480 - INFO - ChamadoId 12044 processado e salvo no banco de dados.
2025-05-24 22:27:51,496 - INFO - Processando chamadoId: 12043
2025-05-24 22:27:51,520 - INFO - ChamadoId 12043 processado e salvo no banco de dados.
2025-05-24 22:27:51,531 - INFO - Processando chamadoId: 12042
2025-05-24 22:27:51,553 - INFO - ChamadoId 12042 processado e salvo no banco de dados.
2025-05-24 22:27:51,565 - INFO - Processando chamadoId: 12041
2025-05-24 22:27:51,585 - INFO - ChamadoId 12041 processado e salvo no banco de dados.
2025-05-24 22:27:51,597 - INFO - Processando chamadoId: 12040
2025-05-24 22:27:51,621 - INFO - ChamadoId 12040 processado e salvo no banco de dados.
2025-05-24 22:27:51,632 - INFO - Processando chamadoId: 12038
2025-05-24 22:27:51,654 - INFO - ChamadoId 12038 processado e salvo no banco de dados.
2025-05-24 22:27:51,666 - INFO - Processando chamadoId: 12036
2025-05-24 22:27:51,690 - INFO - ChamadoId 12036 processado e salvo no banco de dados.
2025-05-24 22:27:51,701 - INFO - Processando chamadoId: 12034
2025-05-24 22:27:51,726 - INFO - ChamadoId 12034 processado e salvo no banco de dados.
2025-05-24 22:27:51,737 - INFO - Processando chamadoId: 12032
2025-05-24 22:27:51,742 - ERROR - Erro ao enviar lote para Flask: HTTPConnectionPool(host='localhost', port=8080): Max retries exceeded with url: /prever (Caused by NewConnectionError('<urllib3.connection.HTTPConnection object at 0x000002327F814E30>: Failed to establish a new connection: [WinError 10061] Nenhuma conexão pôde ser feita porque a máquina de destino as recusou ativamente'))
2025-05-24 22:27:51,753 - INFO - Processando chamadoId: 12045
2025-05-24 22:27:51,762 - INFO - ChamadoId 12032 processado e salvo no banco de dados.
2025-05-24 22:27:51,763 - INFO - Enviando 10 chamados para geracao de keywords
2025-05-24 22:27:51,773 - INFO - ChamadoId 12045 processado e salvo no banco de dados.
2025-05-24 22:27:51,782 - INFO - Processando chamadoId: 12044
2025-05-24 22:27:51,802 - INFO - ChamadoId 12044 processado e salvo no banco de dados.
2025-05-24 22:27:51,812 - INFO - Processando chamadoId: 12043
2025-05-24 22:27:51,832 - INFO - ChamadoId 12043 processado e salvo no banco de dados.
2025-05-24 22:27:51,842 - INFO - Processando chamadoId: 12042
2025-05-24 22:27:51,860 - INFO - ChamadoId 12042 processado e salvo no banco de dados.
2025-05-24 22:27:51,869 - INFO - Processando chamadoId: 12041
2025-05-24 22:27:51,888 - INFO - ChamadoId 12041 processado e salvo no banco de dados.
2025-05-24 22:27:51,899 - INFO - Processando chamadoId: 12040
2025-05-24 22:27:51,923 - INFO - ChamadoId 12040 processado e salvo no banco de dados.
2025-05-24 22:27:51,932 - INFO - Processando chamadoId: 12038
2025-05-24 22:27:51,955 - INFO - ChamadoId 12038 processado e salvo no banco de dados.
2025-05-24 22:27:51,966 - INFO - Processando chamadoId: 12036
2025-05-24 22:27:51,993 - INFO - ChamadoId 12036 processado e salvo no banco de dados.
2025-05-24 22:27:52,004 - INFO - Processando chamadoId: 12034
2025-05-24 22:27:52,026 - INFO - ChamadoId 12034 processado e salvo no banco de dados.
2025-05-24 22:27:52,038 - INFO - Processando chamadoId: 12032
2025-05-24 22:27:52,060 - INFO - ChamadoId 12032 processado e salvo no banco de dados.
2025-05-24 22:27:52,061 - INFO - Enviando 10 chamados para geracao de keywords
2025-05-24 22:27:52,493 - ERROR - Erro ao enviar lote para Flask: HTTPConnectionPool(host='localhost', port=8081): Max retries exceeded with url: /extrair-keywords (Caused by NewConnectionError('<urllib3.connection.HTTPConnection object at 0x00000233D6AFEF60>: Failed to establish a new connection: [WinError 10061] Nenhuma conexão pôde ser feita porque a máquina de destino as recusou ativamente'))
2025-05-24 22:27:52,494 - INFO - Enviando 10 chamados para análise de emoções no Flask.
2025-05-24 22:27:53,103 - ERROR - Erro ao enviar lote para Flask: HTTPConnectionPool(host='localhost', port=8080): Max retries exceeded with url: /prever (Caused by NewConnectionError('<urllib3.connection.HTTPConnection object at 0x0000023208707FE0>: Failed to establish a new connection: [WinError 10061] Nenhuma conexão pôde ser feita porque a máquina de destino as recusou ativamente'))
2025-05-24 22:27:53,115 - INFO - Processando chamadoId: 12045
2025-05-24 22:27:53,139 - INFO - ChamadoId 12045 processado e salvo no banco de dados.
2025-05-24 22:27:53,150 - INFO - Processando chamadoId: 12044
2025-05-24 22:27:53,174 - INFO - ChamadoId 12044 processado e salvo no banco de dados.
2025-05-24 22:27:53,188 - INFO - Processando chamadoId: 12043
2025-05-24 22:27:53,196 - ERROR - Erro ao enviar lote para Flask: HTTPConnectionPool(host='localhost', port=8081): Max retries exceeded with url: /extrair-keywords (Caused by NewConnectionError('<urllib3.connection.HTTPConnection object at 0x000002320F8015B0>: Failed to establish a new connection: [WinError 10061] Nenhuma conexão pôde ser feita porque a máquina de destino as recusou ativamente'))
2025-05-24 22:27:53,196 - INFO - Enviando 10 chamados para análise de emoções no Flask.
2025-05-24 22:27:53,224 - INFO - ChamadoId 12043 processado e salvo no banco de dados.
2025-05-24 22:27:53,237 - INFO - Processando chamadoId: 12042
2025-05-24 22:27:53,259 - INFO - ChamadoId 12042 processado e salvo no banco de dados.
2025-05-24 22:27:53,271 - INFO - Processando chamadoId: 12041
2025-05-24 22:27:53,281 - ERROR - Erro ao enviar lote para Flask: HTTPConnectionPool(host='localhost', port=8081): Max retries exceeded with url: /extrair-keywords (Caused by NewConnectionError('<urllib3.connection.HTTPConnection object at 0x000002336EF34170>: Failed to establish a new connection: [WinError 10061] Nenhuma conexão pôde ser feita porque a máquina de destino as recusou ativamente'))
2025-05-24 22:27:53,282 - INFO - Enviando 10 chamados para análise de emoções no Flask.
2025-05-24 22:27:53,290 - INFO - ChamadoId 12041 processado e salvo no banco de dados.
2025-05-24 22:27:53,303 - INFO - Processando chamadoId: 12040
2025-05-24 22:27:53,333 - INFO - ChamadoId 12040 processado e salvo no banco de dados.
2025-05-24 22:27:53,346 - INFO - Processando chamadoId: 12038
2025-05-24 22:27:53,376 - INFO - ChamadoId 12038 processado e salvo no banco de dados.
2025-05-24 22:27:53,387 - INFO - Processando chamadoId: 12036
2025-05-24 22:27:53,416 - INFO - ChamadoId 12036 processado e salvo no banco de dados.
2025-05-24 22:27:53,427 - INFO - Processando chamadoId: 12034
2025-05-24 22:27:53,436 - ERROR - Erro ao enviar lote para Flask: HTTPConnectionPool(host='localhost', port=8081): Max retries exceeded with url: /extrair-keywords (Caused by NewConnectionError('<urllib3.connection.HTTPConnection object at 0x000002327F68A5A0>: Failed to establish a new connection: [WinError 10061] Nenhuma conexão pôde ser feita porque a máquina de destino as recusou ativamente'))
2025-05-24 22:27:53,436 - ERROR - Erro ao enviar lote para Flask: HTTPConnectionPool(host='localhost', port=8081): Max retries exceeded with url: /extrair-keywords (Caused by NewConnectionError('<urllib3.connection.HTTPConnection object at 0x000002320772EED0>: Failed to establish a new connection: [WinError 10061] Nenhuma conexão pôde ser feita porque a máquina de destino as recusou ativamente'))
2025-05-24 22:27:53,437 - INFO - Enviando 10 chamados para análise de emoções no Flask.
2025-05-24 22:27:53,438 - INFO - Enviando 10 chamados para análise de emoções no Flask.
2025-05-24 22:27:53,459 - INFO - ChamadoId 12034 processado e salvo no banco de dados.
2025-05-24 22:27:53,471 - INFO - Processando chamadoId: 12032
2025-05-24 22:27:53,501 - INFO - ChamadoId 12032 processado e salvo no banco de dados.
2025-05-24 22:27:53,501 - INFO - Enviando 10 chamados para geracao de keywords
2025-05-24 22:27:54,013 - ERROR - Erro ao enviar lote para Flask: HTTPConnectionPool(host='localhost', port=8081): Max retries exceeded with url: /extrair-keywords (Caused by NewConnectionError('<urllib3.connection.HTTPConnection object at 0x000002327E4AD670>: Failed to establish a new connection: [WinError 10061] Nenhuma conexão pôde ser feita porque a máquina de destino as recusou ativamente'))
2025-05-24 22:27:54,014 - INFO - Enviando 10 chamados para análise de emoções no Flask.
2025-05-24 22:27:54,097 - ERROR - Erro ao enviar lote para Flask: HTTPConnectionPool(host='localhost', port=8081): Max retries exceeded with url: /extrair-keywords (Caused by NewConnectionError('<urllib3.connection.HTTPConnection object at 0x00000232077E0050>: Failed to establish a new connection: [WinError 10061] Nenhuma conexão pôde ser feita porque a máquina de destino as recusou ativamente'))
2025-05-24 22:27:54,098 - INFO - Enviando 10 chamados para análise de emoções no Flask.
2025-05-24 22:27:55,830 - ERROR - Erro ao enviar lote para Flask: HTTPConnectionPool(host='localhost', port=8081): Max retries exceeded with url: /extrair-keywords (Caused by NewConnectionError('<urllib3.connection.HTTPConnection object at 0x000002320F802450>: Failed to establish a new connection: [WinError 10061] Nenhuma conexão pôde ser feita porque a máquina de destino as recusou ativamente'))
2025-05-24 22:27:55,830 - INFO - Enviando 10 chamados para análise de emoções no Flask.
2025-05-24 22:27:56,116 - ERROR - Erro ao enviar lote para Flask: HTTPConnectionPool(host='localhost', port=8081): Max retries exceeded with url: /extrair-keywords (Caused by NewConnectionError('<urllib3.connection.HTTPConnection object at 0x0000023254F71DF0>: Failed to establish a new connection: [WinError 10061] Nenhuma conexão pôde ser feita porque a máquina de destino as recusou ativamente'))
2025-05-24 22:27:56,117 - INFO - Enviando 10 chamados para análise de emoções no Flask.
2025-05-24 22:27:56,555 - ERROR - Erro ao enviar lote para Flask: HTTPConnectionPool(host='localhost', port=8080): Max retries exceeded with url: /prever (Caused by NewConnectionError('<urllib3.connection.HTTPConnection object at 0x0000023208705100>: Failed to establish a new connection: [WinError 10061] Nenhuma conexão pôde ser feita porque a máquina de destino as recusou ativamente'))
2025-05-24 22:27:56,570 - INFO - Processando chamadoId: 12030
2025-05-24 22:27:56,600 - INFO - ChamadoId 12030 processado e salvo no banco de dados.
2025-05-24 22:27:56,631 - INFO - Processando chamadoId: 12028
2025-05-24 22:27:56,659 - INFO - ChamadoId 12028 processado e salvo no banco de dados.
2025-05-24 22:27:56,696 - INFO - Processando chamadoId: 12026
2025-05-24 22:27:56,735 - INFO - ChamadoId 12026 processado e salvo no banco de dados.
2025-05-24 22:27:56,766 - INFO - Processando chamadoId: 12024
2025-05-24 22:27:56,791 - INFO - ChamadoId 12024 processado e salvo no banco de dados.
2025-05-24 22:27:56,802 - INFO - Processando chamadoId: 12022
2025-05-24 22:27:56,850 - INFO - ChamadoId 12022 processado e salvo no banco de dados.
2025-05-24 22:27:56,861 - INFO - Processando chamadoId: 12020
2025-05-24 22:27:56,915 - INFO - ChamadoId 12020 processado e salvo no banco de dados.
2025-05-24 22:27:56,926 - INFO - Processando chamadoId: 12018
2025-05-24 22:27:56,984 - INFO - ChamadoId 12018 processado e salvo no banco de dados.
2025-05-24 22:27:56,996 - INFO - Processando chamadoId: 12016
2025-05-24 22:27:57,041 - INFO - ChamadoId 12016 processado e salvo no banco de dados.
2025-05-24 22:27:57,051 - INFO - Processando chamadoId: 12014
2025-05-24 22:27:57,105 - INFO - ChamadoId 12014 processado e salvo no banco de dados.
2025-05-24 22:27:57,116 - INFO - Processando chamadoId: 12012
2025-05-24 22:27:57,144 - INFO - ChamadoId 12012 processado e salvo no banco de dados.
2025-05-24 22:27:57,146 - INFO - Enviando 10 chamados para geracao de keywords
2025-05-24 22:27:57,244 - ERROR - Erro ao enviar lote para Flask: HTTPConnectionPool(host='localhost', port=8080): Max retries exceeded with url: /prever (Caused by NewConnectionError('<urllib3.connection.HTTPConnection object at 0x000002327E4ADEB0>: Failed to establish a new connection: [WinError 10061] Nenhuma conexão pôde ser feita porque a máquina de destino as recusou ativamente'))
2025-05-24 22:27:57,256 - INFO - Processando chamadoId: 12045
2025-05-24 22:27:57,278 - INFO - ChamadoId 12045 processado e salvo no banco de dados.
2025-05-24 22:27:57,310 - INFO - Processando chamadoId: 12044
2025-05-24 22:27:57,330 - INFO - ChamadoId 12044 processado e salvo no banco de dados.
2025-05-24 22:27:57,340 - INFO - Processando chamadoId: 12043
2025-05-24 22:27:57,344 - ERROR - Erro ao enviar lote para Flask: HTTPConnectionPool(host='localhost', port=8080): Max retries exceeded with url: /prever (Caused by NewConnectionError('<urllib3.connection.HTTPConnection object at 0x000002320772F380>: Failed to establish a new connection: [WinError 10061] Nenhuma conexão pôde ser feita porque a máquina de destino as recusou ativamente'))
2025-05-24 22:27:57,380 - INFO - Processando chamadoId: 12030
2025-05-24 22:27:57,391 - INFO - ChamadoId 12043 processado e salvo no banco de dados.
2025-05-24 22:27:57,402 - INFO - Processando chamadoId: 12042
2025-05-24 22:27:57,406 - INFO - ChamadoId 12030 processado e salvo no banco de dados.
2025-05-24 22:27:57,419 - INFO - Processando chamadoId: 12028
2025-05-24 22:27:57,422 - INFO - ChamadoId 12042 processado e salvo no banco de dados.
2025-05-24 22:27:57,459 - INFO - Processando chamadoId: 12041
2025-05-24 22:27:57,462 - INFO - ChamadoId 12028 processado e salvo no banco de dados.
2025-05-24 22:27:57,474 - INFO - Processando chamadoId: 12026
2025-05-24 22:27:57,476 - ERROR - Erro ao enviar lote para Flask: HTTPConnectionPool(host='localhost', port=8080): Max retries exceeded with url: /prever (Caused by NewConnectionError('<urllib3.connection.HTTPConnection object at 0x000002336EF357C0>: Failed to establish a new connection: [WinError 10061] Nenhuma conexão pôde ser feita porque a máquina de destino as recusou ativamente'))
2025-05-24 22:27:57,480 - INFO - ChamadoId 12041 processado e salvo no banco de dados.
2025-05-24 22:27:57,490 - INFO - Processando chamadoId: 12040
2025-05-24 22:27:57,490 - INFO - Processando chamadoId: 12045
2025-05-24 22:27:57,503 - INFO - ChamadoId 12026 processado e salvo no banco de dados.
2025-05-24 22:27:57,507 - ERROR - Erro ao enviar lote para Flask: HTTPConnectionPool(host='localhost', port=8080): Max retries exceeded with url: /prever (Caused by NewConnectionError('<urllib3.connection.HTTPConnection object at 0x000002336EF37500>: Failed to establish a new connection: [WinError 10061] Nenhuma conexão pôde ser feita porque a máquina de destino as recusou ativamente'))
2025-05-24 22:27:57,516 - INFO - Processando chamadoId: 12024
2025-05-24 22:27:57,519 - INFO - Processando chamadoId: 12045
2025-05-24 22:27:57,522 - INFO - ChamadoId 12045 processado e salvo no banco de dados.
2025-05-24 22:27:57,536 - INFO - ChamadoId 12040 processado e salvo no banco de dados.
2025-05-24 22:27:57,536 - INFO - Processando chamadoId: 12044
2025-05-24 22:27:57,548 - INFO - Processando chamadoId: 12038
2025-05-24 22:27:57,551 - INFO - ChamadoId 12045 processado e salvo no banco de dados.
2025-05-24 22:27:57,565 - INFO - Processando chamadoId: 12044
2025-05-24 22:27:57,568 - INFO - ChamadoId 12044 processado e salvo no banco de dados.
2025-05-24 22:27:57,568 - INFO - ChamadoId 12024 processado e salvo no banco de dados.
2025-05-24 22:27:57,575 - ERROR - Erro ao enviar lote para Flask: HTTPConnectionPool(host='localhost', port=8081): Max retries exceeded with url: /extrair-keywords (Caused by NewConnectionError('<urllib3.connection.HTTPConnection object at 0x000002327E4AF6B0>: Failed to establish a new connection: [WinError 10061] Nenhuma conexão pôde ser feita porque a máquina de destino as recusou ativamente'))
2025-05-24 22:27:57,576 - INFO - Enviando 10 chamados para análise de emoções no Flask.
2025-05-24 22:27:57,580 - INFO - Processando chamadoId: 12043
2025-05-24 22:27:57,580 - INFO - Processando chamadoId: 12022
2025-05-24 22:27:57,601 - INFO - ChamadoId 12044 processado e salvo no banco de dados.
2025-05-24 22:27:57,602 - INFO - ChamadoId 12038 processado e salvo no banco de dados.
2025-05-24 22:27:57,612 - INFO - Processando chamadoId: 12043
2025-05-24 22:27:57,613 - INFO - Processando chamadoId: 12036
2025-05-24 22:27:57,619 - INFO - ChamadoId 12043 processado e salvo no banco de dados.
2025-05-24 22:27:57,626 - INFO - ChamadoId 12022 processado e salvo no banco de dados.
2025-05-24 22:27:57,631 - INFO - Processando chamadoId: 12042
2025-05-24 22:27:57,640 - INFO - Processando chamadoId: 12020
2025-05-24 22:27:57,641 - INFO - ChamadoId 12043 processado e salvo no banco de dados.
2025-05-24 22:27:57,654 - INFO - Processando chamadoId: 12042
2025-05-24 22:27:57,663 - INFO - ChamadoId 12036 processado e salvo no banco de dados.
2025-05-24 22:27:57,664 - INFO - ChamadoId 12042 processado e salvo no banco de dados.
2025-05-24 22:27:57,673 - INFO - Processando chamadoId: 12034
2025-05-24 22:27:57,676 - INFO - Processando chamadoId: 12041
2025-05-24 22:27:57,682 - INFO - ChamadoId 12042 processado e salvo no banco de dados.
2025-05-24 22:27:57,684 - INFO - ChamadoId 12020 processado e salvo no banco de dados.
2025-05-24 22:27:57,693 - INFO - Processando chamadoId: 12041
2025-05-24 22:27:57,695 - INFO - Processando chamadoId: 12018
2025-05-24 22:27:57,704 - INFO - ChamadoId 12041 processado e salvo no banco de dados.
2025-05-24 22:27:57,717 - INFO - ChamadoId 12034 processado e salvo no banco de dados.
2025-05-24 22:27:57,717 - INFO - Processando chamadoId: 12040
2025-05-24 22:27:57,725 - INFO - ChamadoId 12041 processado e salvo no banco de dados.
2025-05-24 22:27:57,726 - INFO - Processando chamadoId: 12032
2025-05-24 22:27:57,736 - INFO - Processando chamadoId: 12040
2025-05-24 22:27:57,745 - INFO - ChamadoId 12018 processado e salvo no banco de dados.
2025-05-24 22:27:57,758 - INFO - Processando chamadoId: 12016
2025-05-24 22:27:57,765 - INFO - ChamadoId 12040 processado e salvo no banco de dados.
2025-05-24 22:27:57,778 - INFO - Processando chamadoId: 12038
2025-05-24 22:27:57,782 - INFO - ChamadoId 12032 processado e salvo no banco de dados.
2025-05-24 22:27:57,783 - INFO - Enviando 10 chamados para geracao de keywords
2025-05-24 22:27:57,784 - INFO - ChamadoId 12040 processado e salvo no banco de dados.
2025-05-24 22:27:57,796 - INFO - Processando chamadoId: 12038
2025-05-24 22:27:57,799 - INFO - ChamadoId 12016 processado e salvo no banco de dados.
2025-05-24 22:27:57,810 - INFO - Processando chamadoId: 12014
2025-05-24 22:27:57,810 - INFO - ChamadoId 12038 processado e salvo no banco de dados.
2025-05-24 22:27:57,819 - INFO - ChamadoId 12038 processado e salvo no banco de dados.
2025-05-24 22:27:57,820 - INFO - Processando chamadoId: 12036
2025-05-24 22:27:57,830 - INFO - Processando chamadoId: 12036
2025-05-24 22:27:57,838 - INFO - ChamadoId 12014 processado e salvo no banco de dados.
2025-05-24 22:27:57,851 - INFO - Processando chamadoId: 12012
2025-05-24 22:27:57,853 - INFO - ChamadoId 12036 processado e salvo no banco de dados.
2025-05-24 22:27:57,860 - INFO - ChamadoId 12036 processado e salvo no banco de dados.
2025-05-24 22:27:57,865 - INFO - Processando chamadoId: 12034
2025-05-24 22:27:57,871 - INFO - Processando chamadoId: 12034
2025-05-24 22:27:57,881 - INFO - ChamadoId 12012 processado e salvo no banco de dados.
2025-05-24 22:27:57,882 - INFO - Enviando 10 chamados para geracao de keywords
2025-05-24 22:27:57,901 - INFO - ChamadoId 12034 processado e salvo no banco de dados.
2025-05-24 22:27:57,903 - INFO - ChamadoId 12034 processado e salvo no banco de dados.
2025-05-24 22:27:57,912 - INFO - Processando chamadoId: 12032
2025-05-24 22:27:57,912 - INFO - Processando chamadoId: 12032
2025-05-24 22:27:57,956 - INFO - ChamadoId 12032 processado e salvo no banco de dados.
2025-05-24 22:27:57,956 - INFO - ChamadoId 12032 processado e salvo no banco de dados.
2025-05-24 22:27:57,956 - INFO - Enviando 10 chamados para geracao de keywords
2025-05-24 22:27:57,956 - INFO - Enviando 10 chamados para geracao de keywords
2025-05-24 22:27:58,109 - ERROR - Erro ao enviar lote para Flask: HTTPConnectionPool(host='localhost', port=8080): Max retries exceeded with url: /prever (Caused by NewConnectionError('<urllib3.connection.HTTPConnection object at 0x000002327E4ACD10>: Failed to establish a new connection: [WinError 10061] Nenhuma conexão pôde ser feita porque a máquina de destino as recusou ativamente'))
2025-05-24 22:27:58,121 - INFO - Processando chamadoId: 12030
2025-05-24 22:27:58,147 - INFO - ChamadoId 12030 processado e salvo no banco de dados.
2025-05-24 22:27:58,160 - INFO - Processando chamadoId: 12028
2025-05-24 22:27:58,177 - ERROR - Erro ao enviar lote para Flask: HTTPConnectionPool(host='localhost', port=8080): Max retries exceeded with url: /prever (Caused by NewConnectionError('<urllib3.connection.HTTPConnection object at 0x000002327E4AC560>: Failed to establish a new connection: [WinError 10061] Nenhuma conexão pôde ser feita porque a máquina de destino as recusou ativamente'))
2025-05-24 22:27:58,186 - INFO - ChamadoId 12028 processado e salvo no banco de dados.
2025-05-24 22:27:58,189 - INFO - Processando chamadoId: 12045
2025-05-24 22:27:58,199 - INFO - Processando chamadoId: 12026
2025-05-24 22:27:58,213 - INFO - ChamadoId 12045 processado e salvo no banco de dados.
2025-05-24 22:27:58,224 - INFO - ChamadoId 12026 processado e salvo no banco de dados.
2025-05-24 22:27:58,226 - INFO - Processando chamadoId: 12044
2025-05-24 22:27:58,235 - INFO - Processando chamadoId: 12024
2025-05-24 22:27:58,249 - INFO - ChamadoId 12044 processado e salvo no banco de dados.
2025-05-24 22:27:58,262 - INFO - ChamadoId 12024 processado e salvo no banco de dados.
2025-05-24 22:27:58,262 - INFO - Processando chamadoId: 12043
2025-05-24 22:27:58,277 - INFO - Processando chamadoId: 12022
2025-05-24 22:27:58,580 - INFO - ChamadoId 12022 processado e salvo no banco de dados.
2025-05-24 22:27:58,580 - INFO - ChamadoId 12043 processado e salvo no banco de dados.
2025-05-24 22:27:58,591 - INFO - Processando chamadoId: 12020
2025-05-24 22:27:58,593 - INFO - Processando chamadoId: 12042
2025-05-24 22:27:58,618 - INFO - ChamadoId 12042 processado e salvo no banco de dados.
2025-05-24 22:27:58,629 - INFO - ChamadoId 12020 processado e salvo no banco de dados.
2025-05-24 22:27:58,629 - INFO - Processando chamadoId: 12041
2025-05-24 22:27:58,641 - INFO - Processando chamadoId: 12018
2025-05-24 22:27:58,653 - INFO - ChamadoId 12041 processado e salvo no banco de dados.
2025-05-24 22:27:58,666 - INFO - Processando chamadoId: 12040
2025-05-24 22:27:58,668 - INFO - ChamadoId 12018 processado e salvo no banco de dados.
2025-05-24 22:27:58,685 - INFO - Processando chamadoId: 12016
2025-05-24 22:27:58,700 - INFO - ChamadoId 12040 processado e salvo no banco de dados.
2025-05-24 22:27:58,711 - INFO - ChamadoId 12016 processado e salvo no banco de dados.
2025-05-24 22:27:58,713 - INFO - Processando chamadoId: 12038
2025-05-24 22:27:58,725 - INFO - Processando chamadoId: 12014
2025-05-24 22:27:58,740 - INFO - ChamadoId 12038 processado e salvo no banco de dados.
2025-05-24 22:27:58,750 - INFO - ChamadoId 12014 processado e salvo no banco de dados.
2025-05-24 22:27:58,753 - INFO - Processando chamadoId: 12036
2025-05-24 22:27:58,765 - INFO - Processando chamadoId: 12012
2025-05-24 22:27:58,783 - INFO - ChamadoId 12036 processado e salvo no banco de dados.
2025-05-24 22:27:58,796 - INFO - ChamadoId 12012 processado e salvo no banco de dados.
2025-05-24 22:27:58,796 - INFO - Processando chamadoId: 12034
2025-05-24 22:27:58,797 - INFO - Enviando 10 chamados para geracao de keywords
2025-05-24 22:27:58,823 - INFO - ChamadoId 12034 processado e salvo no banco de dados.
2025-05-24 22:27:58,836 - INFO - Processando chamadoId: 12032
2025-05-24 22:27:58,869 - INFO - ChamadoId 12032 processado e salvo no banco de dados.
2025-05-24 22:27:58,870 - INFO - Enviando 10 chamados para geracao de keywords
2025-05-24 22:27:59,891 - ERROR - Erro ao enviar lote para Flask: HTTPConnectionPool(host='localhost', port=8080): Max retries exceeded with url: /prever (Caused by NewConnectionError('<urllib3.connection.HTTPConnection object at 0x000002336EF37E60>: Failed to establish a new connection: [WinError 10061] Nenhuma conexão pôde ser feita porque a máquina de destino as recusou ativamente'))
2025-05-24 22:27:59,901 - INFO - Processando chamadoId: 12030
2025-05-24 22:27:59,953 - INFO - ChamadoId 12030 processado e salvo no banco de dados.
2025-05-24 22:27:59,964 - INFO - Processando chamadoId: 12028
2025-05-24 22:27:59,991 - INFO - ChamadoId 12028 processado e salvo no banco de dados.
2025-05-24 22:28:00,001 - INFO - Processando chamadoId: 12026
2025-05-24 22:28:00,042 - INFO - ChamadoId 12026 processado e salvo no banco de dados.
2025-05-24 22:28:00,054 - INFO - Processando chamadoId: 12024
2025-05-24 22:28:00,086 - INFO - ChamadoId 12024 processado e salvo no banco de dados.
2025-05-24 22:28:00,096 - INFO - Processando chamadoId: 12022
2025-05-24 22:28:00,119 - INFO - ChamadoId 12022 processado e salvo no banco de dados.
2025-05-24 22:28:00,130 - INFO - Processando chamadoId: 12020
2025-05-24 22:28:00,152 - INFO - ChamadoId 12020 processado e salvo no banco de dados.
2025-05-24 22:28:00,162 - INFO - Processando chamadoId: 12018
2025-05-24 22:28:00,185 - INFO - ChamadoId 12018 processado e salvo no banco de dados.
2025-05-24 22:28:00,191 - ERROR - Erro ao enviar lote para Flask: HTTPConnectionPool(host='localhost', port=8080): Max retries exceeded with url: /prever (Caused by NewConnectionError('<urllib3.connection.HTTPConnection object at 0x000002336EF36300>: Failed to establish a new connection: [WinError 10061] Nenhuma conexão pôde ser feita porque a máquina de destino as recusou ativamente'))
2025-05-24 22:28:00,196 - INFO - Processando chamadoId: 12016
2025-05-24 22:28:00,202 - INFO - Processando chamadoId: 12030
2025-05-24 22:28:00,232 - INFO - ChamadoId 12016 processado e salvo no banco de dados.
2025-05-24 22:28:00,232 - INFO - ChamadoId 12030 processado e salvo no banco de dados.
2025-05-24 22:28:00,243 - INFO - Processando chamadoId: 12028
2025-05-24 22:28:00,244 - INFO - Processando chamadoId: 12014
2025-05-24 22:28:00,278 - INFO - ChamadoId 12028 processado e salvo no banco de dados.
2025-05-24 22:28:00,280 - INFO - ChamadoId 12014 processado e salvo no banco de dados.
2025-05-24 22:28:00,289 - INFO - Processando chamadoId: 12026
2025-05-24 22:28:00,289 - INFO - Processando chamadoId: 12012
2025-05-24 22:28:00,327 - INFO - ChamadoId 12012 processado e salvo no banco de dados.
2025-05-24 22:28:00,328 - INFO - Enviando 10 chamados para geracao de keywords
2025-05-24 22:28:00,329 - INFO - ChamadoId 12026 processado e salvo no banco de dados.
2025-05-24 22:28:00,344 - INFO - Processando chamadoId: 12024
2025-05-24 22:28:00,372 - INFO - ChamadoId 12024 processado e salvo no banco de dados.
2025-05-24 22:28:00,382 - INFO - Processando chamadoId: 12022
2025-05-24 22:28:00,404 - INFO - ChamadoId 12022 processado e salvo no banco de dados.
2025-05-24 22:28:00,414 - INFO - Processando chamadoId: 12020
2025-05-24 22:28:00,435 - INFO - ChamadoId 12020 processado e salvo no banco de dados.
2025-05-24 22:28:00,445 - INFO - Processando chamadoId: 12018
2025-05-24 22:28:00,471 - INFO - ChamadoId 12018 processado e salvo no banco de dados.
2025-05-24 22:28:00,480 - INFO - Processando chamadoId: 12016
2025-05-24 22:28:00,501 - INFO - ChamadoId 12016 processado e salvo no banco de dados.
2025-05-24 22:28:00,511 - INFO - Processando chamadoId: 12014
2025-05-24 22:28:00,536 - INFO - ChamadoId 12014 processado e salvo no banco de dados.
2025-05-24 22:28:00,546 - INFO - Processando chamadoId: 12012
2025-05-24 22:28:00,574 - INFO - ChamadoId 12012 processado e salvo no banco de dados.
2025-05-24 22:28:00,574 - INFO - Enviando 10 chamados para geracao de keywords
2025-05-24 22:28:01,214 - ERROR - Erro ao enviar lote para Flask: HTTPConnectionPool(host='localhost', port=8081): Max retries exceeded with url: /extrair-keywords (Caused by NewConnectionError('<urllib3.connection.HTTPConnection object at 0x00000232077E1FD0>: Failed to establish a new connection: [WinError 10061] Nenhuma conexão pôde ser feita porque a máquina de destino as recusou ativamente'))
2025-05-24 22:28:01,214 - INFO - Enviando 10 chamados para análise de emoções no Flask.
2025-05-24 22:28:01,650 - ERROR - Erro ao enviar lote para Flask: HTTPConnectionPool(host='localhost', port=8080): Max retries exceeded with url: /prever (Caused by NewConnectionError('<urllib3.connection.HTTPConnection object at 0x000002327E4AF200>: Failed to establish a new connection: [WinError 10061] Nenhuma conexão pôde ser feita porque a máquina de destino as recusou ativamente'))
2025-05-24 22:28:01,662 - INFO - Processando chamadoId: 12030
2025-05-24 22:28:01,686 - INFO - ChamadoId 12030 processado e salvo no banco de dados.
2025-05-24 22:28:01,698 - INFO - Processando chamadoId: 12028
2025-05-24 22:28:01,720 - INFO - ChamadoId 12028 processado e salvo no banco de dados.
2025-05-24 22:28:01,732 - INFO - Processando chamadoId: 12026
2025-05-24 22:28:01,756 - INFO - ChamadoId 12026 processado e salvo no banco de dados.
2025-05-24 22:28:01,767 - INFO - Processando chamadoId: 12024
2025-05-24 22:28:01,792 - INFO - ChamadoId 12024 processado e salvo no banco de dados.
2025-05-24 22:28:01,803 - INFO - Processando chamadoId: 12022
2025-05-24 22:28:01,827 - INFO - ChamadoId 12022 processado e salvo no banco de dados.
2025-05-24 22:28:01,838 - INFO - Processando chamadoId: 12020
2025-05-24 22:28:01,850 - ERROR - Erro ao enviar lote para Flask: HTTPConnectionPool(host='localhost', port=8081): Max retries exceeded with url: /extrair-keywords (Caused by NewConnectionError('<urllib3.connection.HTTPConnection object at 0x0000023208704E60>: Failed to establish a new connection: [WinError 10061] Nenhuma conexão pôde ser feita porque a máquina de destino as recusou ativamente'))
2025-05-24 22:28:01,851 - INFO - Enviando 10 chamados para análise de emoções no Flask.
2025-05-24 22:28:01,871 - INFO - ChamadoId 12020 processado e salvo no banco de dados.
2025-05-24 22:28:01,882 - INFO - Processando chamadoId: 12018
2025-05-24 22:28:01,904 - INFO - ChamadoId 12018 processado e salvo no banco de dados.
2025-05-24 22:28:01,917 - INFO - Processando chamadoId: 12016
2025-05-24 22:28:01,942 - INFO - ChamadoId 12016 processado e salvo no banco de dados.
2025-05-24 22:28:01,953 - INFO - Processando chamadoId: 12014
2025-05-24 22:28:01,978 - INFO - ChamadoId 12014 processado e salvo no banco de dados.
2025-05-24 22:28:01,986 - ERROR - Erro ao enviar lote para Flask: HTTPConnectionPool(host='localhost', port=8081): Max retries exceeded with url: /extrair-keywords (Caused by NewConnectionError('<urllib3.connection.HTTPConnection object at 0x000002336EF36CC0>: Failed to establish a new connection: [WinError 10061] Nenhuma conexão pôde ser feita porque a máquina de destino as recusou ativamente'))
2025-05-24 22:28:01,986 - INFO - Enviando 10 chamados para análise de emoções no Flask.
2025-05-24 22:28:01,989 - INFO - Processando chamadoId: 12012
2025-05-24 22:28:02,013 - INFO - ChamadoId 12012 processado e salvo no banco de dados.
2025-05-24 22:28:02,013 - INFO - Enviando 10 chamados para geracao de keywords
2025-05-24 22:28:02,032 - ERROR - Erro ao enviar lote para Flask: HTTPConnectionPool(host='localhost', port=8081): Max retries exceeded with url: /extrair-keywords (Caused by NewConnectionError('<urllib3.connection.HTTPConnection object at 0x000002325C1071D0>: Failed to establish a new connection: [WinError 10061] Nenhuma conexão pôde ser feita porque a máquina de destino as recusou ativamente'))
2025-05-24 22:28:02,032 - INFO - Enviando 10 chamados para análise de emoções no Flask.
2025-05-24 22:28:02,047 - ERROR - Erro ao enviar lote para Flask: HTTPConnectionPool(host='localhost', port=8081): Max retries exceeded with url: /extrair-keywords (Caused by NewConnectionError('<urllib3.connection.HTTPConnection object at 0x0000023310C7DFA0>: Failed to establish a new connection: [WinError 10061] Nenhuma conexão pôde ser feita porque a máquina de destino as recusou ativamente'))
2025-05-24 22:28:02,048 - INFO - Enviando 10 chamados para análise de emoções no Flask.
2025-05-24 22:28:02,855 - ERROR - Erro ao enviar lote para Flask: HTTPConnectionPool(host='localhost', port=8081): Max retries exceeded with url: /extrair-keywords (Caused by NewConnectionError('<urllib3.connection.HTTPConnection object at 0x000002336EF37D10>: Failed to establish a new connection: [WinError 10061] Nenhuma conexão pôde ser feita porque a máquina de destino as recusou ativamente'))
2025-05-24 22:28:02,856 - INFO - Enviando 10 chamados para análise de emoções no Flask.
2025-05-24 22:28:02,939 - ERROR - Erro ao enviar lote para Flask: HTTPConnectionPool(host='localhost', port=8081): Max retries exceeded with url: /extrair-keywords (Caused by NewConnectionError('<urllib3.connection.HTTPConnection object at 0x000002336EF37DA0>: Failed to establish a new connection: [WinError 10061] Nenhuma conexão pôde ser feita porque a máquina de destino as recusou ativamente'))
2025-05-24 22:28:02,940 - INFO - Enviando 10 chamados para análise de emoções no Flask.
2025-05-24 22:28:04,396 - ERROR - Erro ao enviar lote para Flask: HTTPConnectionPool(host='localhost', port=8081): Max retries exceeded with url: /extrair-keywords (Caused by NewConnectionError('<urllib3.connection.HTTPConnection object at 0x000002336EF36870>: Failed to establish a new connection: [WinError 10061] Nenhuma conexão pôde ser feita porque a máquina de destino as recusou ativamente'))
2025-05-24 22:28:04,397 - INFO - Enviando 10 chamados para análise de emoções no Flask.
2025-05-24 22:28:04,677 - ERROR - Erro ao enviar lote para Flask: HTTPConnectionPool(host='localhost', port=8081): Max retries exceeded with url: /extrair-keywords (Caused by NewConnectionError('<urllib3.connection.HTTPConnection object at 0x000002327E4AE600>: Failed to establish a new connection: [WinError 10061] Nenhuma conexão pôde ser feita porque a máquina de destino as recusou ativamente'))
2025-05-24 22:28:04,678 - INFO - Enviando 10 chamados para análise de emoções no Flask.
2025-05-24 22:28:05,309 - ERROR - Erro ao enviar lote para Flask: HTTPConnectionPool(host='localhost', port=8080): Max retries exceeded with url: /prever (Caused by NewConnectionError('<urllib3.connection.HTTPConnection object at 0x000002327E4AC830>: Failed to establish a new connection: [WinError 10061] Nenhuma conexão pôde ser feita porque a máquina de destino as recusou ativamente'))
2025-05-24 22:28:05,318 - INFO - Processando chamadoId: 12010
2025-05-24 22:28:05,345 - INFO - ChamadoId 12010 processado e salvo no banco de dados.
2025-05-24 22:28:05,356 - INFO - Processando chamadoId: 12008
2025-05-24 22:28:05,384 - INFO - ChamadoId 12008 processado e salvo no banco de dados.
2025-05-24 22:28:05,395 - INFO - Processando chamadoId: 12006
2025-05-24 22:28:05,423 - INFO - ChamadoId 12006 processado e salvo no banco de dados.
2025-05-24 22:28:05,435 - INFO - Processando chamadoId: 12004
2025-05-24 22:28:05,469 - INFO - ChamadoId 12004 processado e salvo no banco de dados.
2025-05-24 22:28:05,480 - INFO - Processando chamadoId: 12002
2025-05-24 22:28:05,508 - INFO - ChamadoId 12002 processado e salvo no banco de dados.
2025-05-24 22:28:05,520 - INFO - Processando chamadoId: 12000
2025-05-24 22:28:05,555 - INFO - ChamadoId 12000 processado e salvo no banco de dados.
2025-05-24 22:28:05,567 - INFO - Processando chamadoId: 11998
2025-05-24 22:28:05,592 - INFO - ChamadoId 11998 processado e salvo no banco de dados.
2025-05-24 22:28:05,603 - INFO - Processando chamadoId: 11997
2025-05-24 22:28:05,627 - INFO - ChamadoId 11997 processado e salvo no banco de dados.
2025-05-24 22:28:05,637 - INFO - Processando chamadoId: 11996
2025-05-24 22:28:05,669 - INFO - ChamadoId 11996 processado e salvo no banco de dados.
2025-05-24 22:28:05,680 - INFO - Processando chamadoId: 11994
2025-05-24 22:28:05,705 - INFO - ChamadoId 11994 processado e salvo no banco de dados.
2025-05-24 22:28:05,706 - INFO - Enviando 10 chamados para geracao de keywords
2025-05-24 22:28:05,928 - ERROR - Erro ao enviar lote para Flask: HTTPConnectionPool(host='localhost', port=8080): Max retries exceeded with url: /prever (Caused by NewConnectionError('<urllib3.connection.HTTPConnection object at 0x000002327E4ACF80>: Failed to establish a new connection: [WinError 10061] Nenhuma conexão pôde ser feita porque a máquina de destino as recusou ativamente'))
2025-05-24 22:28:05,940 - INFO - Processando chamadoId: 12030
2025-05-24 22:28:05,971 - INFO - ChamadoId 12030 processado e salvo no banco de dados.
2025-05-24 22:28:05,982 - INFO - Processando chamadoId: 12028
2025-05-24 22:28:06,010 - INFO - ChamadoId 12028 processado e salvo no banco de dados.
2025-05-24 22:28:06,021 - INFO - Processando chamadoId: 12026
2025-05-24 22:28:06,033 - ERROR - Erro ao enviar lote para Flask: HTTPConnectionPool(host='localhost', port=8080): Max retries exceeded with url: /prever (Caused by NewConnectionError('<urllib3.connection.HTTPConnection object at 0x000002327E4AC4D0>: Failed to establish a new connection: [WinError 10061] Nenhuma conexão pôde ser feita porque a máquina de destino as recusou ativamente'))
2025-05-24 22:28:06,046 - INFO - Processando chamadoId: 12010
2025-05-24 22:28:06,046 - INFO - ChamadoId 12026 processado e salvo no banco de dados.
2025-05-24 22:28:06,057 - INFO - Processando chamadoId: 12024
2025-05-24 22:28:06,071 - ERROR - Erro ao enviar lote para Flask: HTTPConnectionPool(host='localhost', port=8081): Max retries exceeded with url: /extrair-keywords (Caused by NewConnectionError('<urllib3.connection.HTTPConnection object at 0x000002327E4AD070>: Failed to establish a new connection: [WinError 10061] Nenhuma conexão pôde ser feita porque a máquina de destino as recusou ativamente'))
2025-05-24 22:28:06,071 - INFO - Enviando 10 chamados para análise de emoções no Flask.
2025-05-24 22:28:06,076 - INFO - ChamadoId 12010 processado e salvo no banco de dados.
2025-05-24 22:28:06,085 - INFO - ChamadoId 12024 processado e salvo no banco de dados.
2025-05-24 22:28:06,085 - INFO - Processando chamadoId: 12008
2025-05-24 22:28:06,096 - INFO - Processando chamadoId: 12022
2025-05-24 22:28:06,105 - ERROR - Erro ao enviar lote para Flask: HTTPConnectionPool(host='localhost', port=8080): Max retries exceeded with url: /prever (Caused by NewConnectionError('<urllib3.connection.HTTPConnection object at 0x000002327E4AE750>: Failed to establish a new connection: [WinError 10061] Nenhuma conexão pôde ser feita porque a máquina de destino as recusou ativamente'))
2025-05-24 22:28:06,105 - ERROR - Erro ao enviar lote para Flask: HTTPConnectionPool(host='localhost', port=8080): Max retries exceeded with url: /prever (Caused by NewConnectionError('<urllib3.connection.HTTPConnection object at 0x000002327E4AD580>: Failed to establish a new connection: [WinError 10061] Nenhuma conexão pôde ser feita porque a máquina de destino as recusou ativamente'))
2025-05-24 22:28:06,113 - INFO - Processando chamadoId: 12030
2025-05-24 22:28:06,113 - INFO - ChamadoId 12008 processado e salvo no banco de dados.
2025-05-24 22:28:06,115 - INFO - Processando chamadoId: 12030
2025-05-24 22:28:06,123 - INFO - ChamadoId 12022 processado e salvo no banco de dados.
2025-05-24 22:28:06,125 - INFO - Processando chamadoId: 12006
2025-05-24 22:28:06,135 - INFO - Processando chamadoId: 12020
2025-05-24 22:28:06,166 - INFO - ChamadoId 12030 processado e salvo no banco de dados.
2025-05-24 22:28:06,167 - INFO - ChamadoId 12030 processado e salvo no banco de dados.
2025-05-24 22:28:06,177 - INFO - Processando chamadoId: 12028
2025-05-24 22:28:06,178 - INFO - Processando chamadoId: 12028
2025-05-24 22:28:06,181 - INFO - ChamadoId 12006 processado e salvo no banco de dados.
2025-05-24 22:28:06,181 - INFO - ChamadoId 12020 processado e salvo no banco de dados.
2025-05-24 22:28:06,192 - INFO - Processando chamadoId: 12004
2025-05-24 22:28:06,193 - INFO - Processando chamadoId: 12018
2025-05-24 22:28:06,226 - INFO - ChamadoId 12028 processado e salvo no banco de dados.
2025-05-24 22:28:06,229 - INFO - ChamadoId 12028 processado e salvo no banco de dados.
2025-05-24 22:28:06,237 - INFO - Processando chamadoId: 12026
2025-05-24 22:28:06,241 - INFO - Processando chamadoId: 12026
2025-05-24 22:28:06,245 - INFO - ChamadoId 12018 processado e salvo no banco de dados.
2025-05-24 22:28:06,247 - INFO - ChamadoId 12004 processado e salvo no banco de dados.
2025-05-24 22:28:06,257 - INFO - Processando chamadoId: 12016
2025-05-24 22:28:06,259 - INFO - Processando chamadoId: 12002
2025-05-24 22:28:06,274 - INFO - ChamadoId 12026 processado e salvo no banco de dados.
2025-05-24 22:28:06,284 - INFO - Processando chamadoId: 12024
2025-05-24 22:28:06,292 - INFO - ChamadoId 12026 processado e salvo no banco de dados.
2025-05-24 22:28:06,295 - INFO - ChamadoId 12002 processado e salvo no banco de dados.
2025-05-24 22:28:06,303 - INFO - ChamadoId 12016 processado e salvo no banco de dados.
2025-05-24 22:28:06,305 - INFO - Processando chamadoId: 12000
2025-05-24 22:28:06,305 - INFO - Processando chamadoId: 12024
2025-05-24 22:28:06,313 - INFO - Processando chamadoId: 12014
2025-05-24 22:28:06,314 - INFO - ChamadoId 12024 processado e salvo no banco de dados.
2025-05-24 22:28:06,326 - INFO - Processando chamadoId: 12022
2025-05-24 22:28:06,360 - INFO - ChamadoId 12000 processado e salvo no banco de dados.
2025-05-24 22:28:06,361 - INFO - ChamadoId 12024 processado e salvo no banco de dados.
2025-05-24 22:28:06,370 - INFO - ChamadoId 12014 processado e salvo no banco de dados.
2025-05-24 22:28:06,372 - INFO - ChamadoId 12022 processado e salvo no banco de dados.
2025-05-24 22:28:06,373 - INFO - Processando chamadoId: 11998
2025-05-24 22:28:06,373 - INFO - Processando chamadoId: 12022
2025-05-24 22:28:06,380 - INFO - Processando chamadoId: 12012
2025-05-24 22:28:06,383 - INFO - Processando chamadoId: 12020
2025-05-24 22:28:06,415 - INFO - ChamadoId 11998 processado e salvo no banco de dados.
2025-05-24 22:28:06,428 - INFO - Processando chamadoId: 11997
2025-05-24 22:28:06,439 - INFO - ChamadoId 12012 processado e salvo no banco de dados.
2025-05-24 22:28:06,439 - INFO - ChamadoId 12022 processado e salvo no banco de dados.
2025-05-24 22:28:06,439 - INFO - ChamadoId 12020 processado e salvo no banco de dados.
2025-05-24 22:28:06,439 - INFO - Enviando 10 chamados para geracao de keywords
2025-05-24 22:28:06,448 - INFO - ChamadoId 11997 processado e salvo no banco de dados.
2025-05-24 22:28:06,450 - INFO - Processando chamadoId: 12018
2025-05-24 22:28:06,450 - INFO - Processando chamadoId: 12020
2025-05-24 22:28:06,461 - INFO - Processando chamadoId: 11996
2025-05-24 22:28:06,493 - INFO - ChamadoId 12020 processado e salvo no banco de dados.
2025-05-24 22:28:06,497 - INFO - ChamadoId 12018 processado e salvo no banco de dados.
2025-05-24 22:28:06,505 - INFO - Processando chamadoId: 12018
2025-05-24 22:28:06,508 - INFO - ChamadoId 11996 processado e salvo no banco de dados.
2025-05-24 22:28:06,508 - INFO - Processando chamadoId: 12016
2025-05-24 22:28:06,522 - INFO - Processando chamadoId: 11994
2025-05-24 22:28:06,558 - INFO - ChamadoId 12016 processado e salvo no banco de dados.
2025-05-24 22:28:06,561 - INFO - ChamadoId 12018 processado e salvo no banco de dados.
2025-05-24 22:28:06,564 - INFO - ChamadoId 11994 processado e salvo no banco de dados.
2025-05-24 22:28:06,564 - INFO - Enviando 10 chamados para geracao de keywords
2025-05-24 22:28:06,569 - INFO - Processando chamadoId: 12014
2025-05-24 22:28:06,572 - INFO - Processando chamadoId: 12016
2025-05-24 22:28:06,609 - INFO - ChamadoId 12014 processado e salvo no banco de dados.
2025-05-24 22:28:06,613 - INFO - ChamadoId 12016 processado e salvo no banco de dados.
2025-05-24 22:28:06,620 - INFO - Processando chamadoId: 12012
2025-05-24 22:28:06,624 - INFO - Processando chamadoId: 12014
2025-05-24 22:28:06,653 - INFO - ChamadoId 12012 processado e salvo no banco de dados.
2025-05-24 22:28:06,654 - INFO - Enviando 10 chamados para geracao de keywords
2025-05-24 22:28:06,657 - INFO - ChamadoId 12014 processado e salvo no banco de dados.
2025-05-24 22:28:06,667 - INFO - Processando chamadoId: 12012
2025-05-24 22:28:06,698 - INFO - ChamadoId 12012 processado e salvo no banco de dados.
2025-05-24 22:28:06,698 - INFO - Enviando 10 chamados para geracao de keywords
2025-05-24 22:28:06,943 - ERROR - Erro ao enviar lote para Flask: HTTPConnectionPool(host='localhost', port=8080): Max retries exceeded with url: /prever (Caused by NewConnectionError('<urllib3.connection.HTTPConnection object at 0x00000232077E0290>: Failed to establish a new connection: [WinError 10061] Nenhuma conexão pôde ser feita porque a máquina de destino as recusou ativamente'))
2025-05-24 22:28:06,956 - INFO - Processando chamadoId: 12010
2025-05-24 22:28:06,980 - INFO - ChamadoId 12010 processado e salvo no banco de dados.
2025-05-24 22:28:06,990 - ERROR - Erro ao enviar lote para Flask: HTTPConnectionPool(host='localhost', port=8080): Max retries exceeded with url: /prever (Caused by NewConnectionError('<urllib3.connection.HTTPConnection object at 0x000002327F85B200>: Failed to establish a new connection: [WinError 10061] Nenhuma conexão pôde ser feita porque a máquina de destino as recusou ativamente'))
2025-05-24 22:28:06,991 - INFO - Processando chamadoId: 12008
2025-05-24 22:28:07,005 - INFO - Processando chamadoId: 12030
2025-05-24 22:28:07,016 - INFO - ChamadoId 12008 processado e salvo no banco de dados.
2025-05-24 22:28:07,028 - INFO - Processando chamadoId: 12006
2025-05-24 22:28:07,032 - INFO - ChamadoId 12030 processado e salvo no banco de dados.
2025-05-24 22:28:07,046 - INFO - Processando chamadoId: 12028
2025-05-24 22:28:07,064 - INFO - ChamadoId 12006 processado e salvo no banco de dados.
2025-05-24 22:28:07,074 - INFO - ChamadoId 12028 processado e salvo no banco de dados.
2025-05-24 22:28:07,078 - INFO - Processando chamadoId: 12004
2025-05-24 22:28:07,087 - INFO - Processando chamadoId: 12026
2025-05-24 22:28:07,107 - INFO - ChamadoId 12004 processado e salvo no banco de dados.
2025-05-24 22:28:07,117 - INFO - ChamadoId 12026 processado e salvo no banco de dados.
2025-05-24 22:28:07,117 - INFO - Processando chamadoId: 12002
2025-05-24 22:28:07,130 - INFO - Processando chamadoId: 12024
2025-05-24 22:28:07,141 - INFO - ChamadoId 12002 processado e salvo no banco de dados.
2025-05-24 22:28:07,155 - INFO - Processando chamadoId: 12000
2025-05-24 22:28:07,155 - INFO - ChamadoId 12024 processado e salvo no banco de dados.
2025-05-24 22:28:07,172 - INFO - Processando chamadoId: 12022
2025-05-24 22:28:07,182 - INFO - ChamadoId 12000 processado e salvo no banco de dados.
2025-05-24 22:28:07,195 - INFO - Processando chamadoId: 11998
2025-05-24 22:28:07,200 - INFO - ChamadoId 12022 processado e salvo no banco de dados.
2025-05-24 22:28:07,213 - INFO - Processando chamadoId: 12020
2025-05-24 22:28:07,219 - INFO - ChamadoId 11998 processado e salvo no banco de dados.
2025-05-24 22:28:07,231 - INFO - Processando chamadoId: 11997
2025-05-24 22:28:07,242 - INFO - ChamadoId 12020 processado e salvo no banco de dados.
2025-05-24 22:28:07,249 - INFO - ChamadoId 11997 processado e salvo no banco de dados.
2025-05-24 22:28:07,255 - INFO - Processando chamadoId: 12018
2025-05-24 22:28:07,327 - INFO - ChamadoId 12018 processado e salvo no banco de dados.
2025-05-24 22:28:07,327 - INFO - Processando chamadoId: 11996
2025-05-24 22:28:07,341 - INFO - Processando chamadoId: 12016
2025-05-24 22:28:07,380 - INFO - ChamadoId 11996 processado e salvo no banco de dados.
2025-05-24 22:28:07,388 - INFO - ChamadoId 12016 processado e salvo no banco de dados.
2025-05-24 22:28:07,393 - INFO - Processando chamadoId: 11994
2025-05-24 22:28:07,404 - INFO - Processando chamadoId: 12014
2025-05-24 22:28:07,417 - INFO - ChamadoId 11994 processado e salvo no banco de dados.
2025-05-24 22:28:07,417 - INFO - Enviando 10 chamados para geracao de keywords
2025-05-24 22:28:07,428 - INFO - ChamadoId 12014 processado e salvo no banco de dados.
2025-05-24 22:28:07,442 - INFO - Processando chamadoId: 12012
2025-05-24 22:28:07,471 - INFO - ChamadoId 12012 processado e salvo no banco de dados.
2025-05-24 22:28:07,472 - INFO - Enviando 10 chamados para geracao de keywords
2025-05-24 22:28:08,488 - ERROR - Erro ao enviar lote para Flask: HTTPConnectionPool(host='localhost', port=8080): Max retries exceeded with url: /prever (Caused by NewConnectionError('<urllib3.connection.HTTPConnection object at 0x000002325C107380>: Failed to establish a new connection: [WinError 10061] Nenhuma conexão pôde ser feita porque a máquina de destino as recusou ativamente'))
2025-05-24 22:28:08,499 - INFO - Processando chamadoId: 12010
2025-05-24 22:28:08,523 - INFO - ChamadoId 12010 processado e salvo no banco de dados.
2025-05-24 22:28:08,534 - INFO - Processando chamadoId: 12008
2025-05-24 22:28:08,562 - INFO - ChamadoId 12008 processado e salvo no banco de dados.
2025-05-24 22:28:08,574 - INFO - Processando chamadoId: 12006
2025-05-24 22:28:08,596 - INFO - ChamadoId 12006 processado e salvo no banco de dados.
2025-05-24 22:28:08,607 - INFO - Processando chamadoId: 12004
2025-05-24 22:28:08,636 - INFO - ChamadoId 12004 processado e salvo no banco de dados.
2025-05-24 22:28:08,647 - INFO - Processando chamadoId: 12002
2025-05-24 22:28:08,669 - INFO - ChamadoId 12002 processado e salvo no banco de dados.
2025-05-24 22:28:08,680 - INFO - Processando chamadoId: 12000
2025-05-24 22:28:08,706 - INFO - ChamadoId 12000 processado e salvo no banco de dados.
2025-05-24 22:28:08,718 - INFO - Processando chamadoId: 11998
2025-05-24 22:28:08,742 - INFO - ChamadoId 11998 processado e salvo no banco de dados.
2025-05-24 22:28:08,744 - ERROR - Erro ao enviar lote para Flask: HTTPConnectionPool(host='localhost', port=8080): Max retries exceeded with url: /prever (Caused by NewConnectionError('<urllib3.connection.HTTPConnection object at 0x00000233D6AFFBC0>: Failed to establish a new connection: [WinError 10061] Nenhuma conexão pôde ser feita porque a máquina de destino as recusou ativamente'))
2025-05-24 22:28:08,754 - INFO - Processando chamadoId: 11997
2025-05-24 22:28:08,755 - INFO - Processando chamadoId: 12010
2025-05-24 22:28:08,790 - INFO - ChamadoId 11997 processado e salvo no banco de dados.
2025-05-24 22:28:08,795 - INFO - ChamadoId 12010 processado e salvo no banco de dados.
2025-05-24 22:28:08,801 - INFO - Processando chamadoId: 11996
2025-05-24 22:28:08,805 - INFO - Processando chamadoId: 12008
2025-05-24 22:28:08,854 - INFO - ChamadoId 12008 processado e salvo no banco de dados.
2025-05-24 22:28:08,856 - INFO - ChamadoId 11996 processado e salvo no banco de dados.
2025-05-24 22:28:08,864 - INFO - Processando chamadoId: 11994
2025-05-24 22:28:08,865 - INFO - Processando chamadoId: 12006
2025-05-24 22:28:08,903 - INFO - ChamadoId 12006 processado e salvo no banco de dados.
2025-05-24 22:28:08,903 - INFO - ChamadoId 11994 processado e salvo no banco de dados.
2025-05-24 22:28:08,904 - INFO - Enviando 10 chamados para geracao de keywords
2025-05-24 22:28:08,911 - INFO - Processando chamadoId: 12004
2025-05-24 22:28:08,933 - INFO - ChamadoId 12004 processado e salvo no banco de dados.
2025-05-24 22:28:08,944 - INFO - Processando chamadoId: 12002
2025-05-24 22:28:08,962 - INFO - ChamadoId 12002 processado e salvo no banco de dados.
2025-05-24 22:28:08,971 - INFO - Processando chamadoId: 12000
2025-05-24 22:28:08,993 - INFO - ChamadoId 12000 processado e salvo no banco de dados.
2025-05-24 22:28:09,003 - INFO - Processando chamadoId: 11998
2025-05-24 22:28:09,025 - INFO - ChamadoId 11998 processado e salvo no banco de dados.
2025-05-24 22:28:09,035 - INFO - Processando chamadoId: 11997
2025-05-24 22:28:09,057 - INFO - ChamadoId 11997 processado e salvo no banco de dados.
2025-05-24 22:28:09,068 - INFO - Processando chamadoId: 11996
2025-05-24 22:28:09,093 - INFO - ChamadoId 11996 processado e salvo no banco de dados.
2025-05-24 22:28:09,104 - INFO - Processando chamadoId: 11994
2025-05-24 22:28:09,128 - INFO - ChamadoId 11994 processado e salvo no banco de dados.
2025-05-24 22:28:09,129 - INFO - Enviando 10 chamados para geracao de keywords
2025-05-24 22:28:09,779 - ERROR - Erro ao enviar lote para Flask: HTTPConnectionPool(host='localhost', port=8081): Max retries exceeded with url: /extrair-keywords (Caused by NewConnectionError('<urllib3.connection.HTTPConnection object at 0x000002327E4ADDC0>: Failed to establish a new connection: [WinError 10061] Nenhuma conexão pôde ser feita porque a máquina de destino as recusou ativamente'))
2025-05-24 22:28:09,780 - INFO - Enviando 10 chamados para análise de emoções no Flask.
2025-05-24 22:28:10,149 - ERROR - Erro ao enviar lote para Flask: HTTPConnectionPool(host='localhost', port=8080): Max retries exceeded with url: /prever (Caused by NewConnectionError('<urllib3.connection.HTTPConnection object at 0x000002327E4ACD10>: Failed to establish a new connection: [WinError 10061] Nenhuma conexão pôde ser feita porque a máquina de destino as recusou ativamente'))
2025-05-24 22:28:10,163 - INFO - Processando chamadoId: 12010
2025-05-24 22:28:10,199 - INFO - ChamadoId 12010 processado e salvo no banco de dados.
2025-05-24 22:28:10,211 - INFO - Processando chamadoId: 12008
2025-05-24 22:28:10,257 - INFO - ChamadoId 12008 processado e salvo no banco de dados.
2025-05-24 22:28:10,268 - INFO - Processando chamadoId: 12006
2025-05-24 22:28:10,298 - INFO - ChamadoId 12006 processado e salvo no banco de dados.
2025-05-24 22:28:10,310 - INFO - Processando chamadoId: 12004
2025-05-24 22:28:10,351 - INFO - ChamadoId 12004 processado e salvo no banco de dados.
2025-05-24 22:28:10,364 - INFO - Processando chamadoId: 12002
2025-05-24 22:28:10,402 - INFO - ChamadoId 12002 processado e salvo no banco de dados.
2025-05-24 22:28:10,416 - INFO - Processando chamadoId: 12000
2025-05-24 22:28:10,444 - INFO - ChamadoId 12000 processado e salvo no banco de dados.
2025-05-24 22:28:10,455 - INFO - Processando chamadoId: 11998
2025-05-24 22:28:10,480 - INFO - ChamadoId 11998 processado e salvo no banco de dados.
2025-05-24 22:28:10,493 - INFO - Processando chamadoId: 11997
2025-05-24 22:28:10,496 - ERROR - Erro ao enviar lote para Flask: HTTPConnectionPool(host='localhost', port=8081): Max retries exceeded with url: /extrair-keywords (Caused by NewConnectionError('<urllib3.connection.HTTPConnection object at 0x000002320772FDD0>: Failed to establish a new connection: [WinError 10061] Nenhuma conexão pôde ser feita porque a máquina de destino as recusou ativamente'))
2025-05-24 22:28:10,498 - INFO - Enviando 10 chamados para análise de emoções no Flask.
2025-05-24 22:28:10,525 - INFO - ChamadoId 11997 processado e salvo no banco de dados.
2025-05-24 22:28:10,537 - INFO - Processando chamadoId: 11996
2025-05-24 22:28:10,565 - INFO - ChamadoId 11996 processado e salvo no banco de dados.
2025-05-24 22:28:10,576 - INFO - Processando chamadoId: 11994
2025-05-24 22:28:10,601 - INFO - ChamadoId 11994 processado e salvo no banco de dados.
2025-05-24 22:28:10,601 - INFO - Enviando 10 chamados para geracao de keywords
2025-05-24 22:28:10,626 - ERROR - Erro ao enviar lote para Flask: HTTPConnectionPool(host='localhost', port=8081): Max retries exceeded with url: /extrair-keywords (Caused by NewConnectionError('<urllib3.connection.HTTPConnection object at 0x000002320772FF50>: Failed to establish a new connection: [WinError 10061] Nenhuma conexão pôde ser feita porque a máquina de destino as recusou ativamente'))
2025-05-24 22:28:10,627 - INFO - Enviando 10 chamados para análise de emoções no Flask.
2025-05-24 22:28:10,701 - ERROR - Erro ao enviar lote para Flask: HTTPConnectionPool(host='localhost', port=8081): Max retries exceeded with url: /extrair-keywords (Caused by NewConnectionError('<urllib3.connection.HTTPConnection object at 0x000002320F801EE0>: Failed to establish a new connection: [WinError 10061] Nenhuma conexão pôde ser feita porque a máquina de destino as recusou ativamente'))
2025-05-24 22:28:10,702 - INFO - Enviando 10 chamados para análise de emoções no Flask.
2025-05-24 22:28:10,783 - ERROR - Erro ao enviar lote para Flask: HTTPConnectionPool(host='localhost', port=8081): Max retries exceeded with url: /extrair-keywords (Caused by NewConnectionError('<urllib3.connection.HTTPConnection object at 0x000002320F800A70>: Failed to establish a new connection: [WinError 10061] Nenhuma conexão pôde ser feita porque a máquina de destino as recusou ativamente'))
2025-05-24 22:28:10,783 - INFO - Enviando 10 chamados para análise de emoções no Flask.
2025-05-24 22:28:11,513 - ERROR - Erro ao enviar lote para Flask: HTTPConnectionPool(host='localhost', port=8081): Max retries exceeded with url: /extrair-keywords (Caused by NewConnectionError('<urllib3.connection.HTTPConnection object at 0x000002327E4AEBA0>: Failed to establish a new connection: [WinError 10061] Nenhuma conexão pôde ser feita porque a máquina de destino as recusou ativamente'))
2025-05-24 22:28:11,514 - INFO - Enviando 10 chamados para análise de emoções no Flask.
2025-05-24 22:28:11,565 - ERROR - Erro ao enviar lote para Flask: HTTPConnectionPool(host='localhost', port=8081): Max retries exceeded with url: /extrair-keywords (Caused by NewConnectionError('<urllib3.connection.HTTPConnection object at 0x000002327E4AE570>: Failed to establish a new connection: [WinError 10061] Nenhuma conexão pôde ser feita porque a máquina de destino as recusou ativamente'))
2025-05-24 22:28:11,566 - INFO - Enviando 10 chamados para análise de emoções no Flask.
2025-05-24 22:28:12,958 - ERROR - Erro ao enviar lote para Flask: HTTPConnectionPool(host='localhost', port=8081): Max retries exceeded with url: /extrair-keywords (Caused by NewConnectionError('<urllib3.connection.HTTPConnection object at 0x0000023310C7F6E0>: Failed to establish a new connection: [WinError 10061] Nenhuma conexão pôde ser feita porque a máquina de destino as recusou ativamente'))
2025-05-24 22:28:12,959 - INFO - Enviando 10 chamados para análise de emoções no Flask.
2025-05-24 22:28:13,186 - ERROR - Erro ao enviar lote para Flask: HTTPConnectionPool(host='localhost', port=8081): Max retries exceeded with url: /extrair-keywords (Caused by NewConnectionError('<urllib3.connection.HTTPConnection object at 0x00000232077E2A50>: Failed to establish a new connection: [WinError 10061] Nenhuma conexão pôde ser feita porque a máquina de destino as recusou ativamente'))
2025-05-24 22:28:13,187 - INFO - Enviando 10 chamados para análise de emoções no Flask.
2025-05-24 22:28:13,815 - ERROR - Erro ao enviar lote para Flask: HTTPConnectionPool(host='localhost', port=8080): Max retries exceeded with url: /prever (Caused by NewConnectionError('<urllib3.connection.HTTPConnection object at 0x000002336EF35100>: Failed to establish a new connection: [WinError 10061] Nenhuma conexão pôde ser feita porque a máquina de destino as recusou ativamente'))
2025-05-24 22:28:13,831 - INFO - Processando chamadoId: 11992
2025-05-24 22:28:13,865 - INFO - ChamadoId 11992 processado e salvo no banco de dados.
2025-05-24 22:28:13,878 - INFO - Processando chamadoId: 11990
2025-05-24 22:28:13,909 - INFO - ChamadoId 11990 processado e salvo no banco de dados.
2025-05-24 22:28:13,921 - INFO - Processando chamadoId: 11988
2025-05-24 22:28:13,951 - INFO - ChamadoId 11988 processado e salvo no banco de dados.
2025-05-24 22:28:13,963 - INFO - Processando chamadoId: 11986
2025-05-24 22:28:14,010 - INFO - ChamadoId 11986 processado e salvo no banco de dados.
2025-05-24 22:28:14,022 - INFO - Processando chamadoId: 11984
2025-05-24 22:28:14,053 - INFO - ChamadoId 11984 processado e salvo no banco de dados.
2025-05-24 22:28:14,066 - INFO - Processando chamadoId: 11982
2025-05-24 22:28:14,088 - INFO - ChamadoId 11982 processado e salvo no banco de dados.
2025-05-24 22:28:14,099 - INFO - Processando chamadoId: 11981
2025-05-24 22:28:14,124 - INFO - ChamadoId 11981 processado e salvo no banco de dados.
2025-05-24 22:28:14,135 - INFO - Processando chamadoId: 11979
2025-05-24 22:28:14,159 - INFO - ChamadoId 11979 processado e salvo no banco de dados.
2025-05-24 22:28:14,170 - INFO - Processando chamadoId: 11977
2025-05-24 22:28:14,191 - INFO - ChamadoId 11977 processado e salvo no banco de dados.
2025-05-24 22:28:14,202 - INFO - Processando chamadoId: 11975
2025-05-24 22:28:14,221 - INFO - ChamadoId 11975 processado e salvo no banco de dados.
2025-05-24 22:28:14,222 - INFO - Enviando 10 chamados para geracao de keywords
2025-05-24 22:28:14,587 - ERROR - Erro ao enviar lote para Flask: HTTPConnectionPool(host='localhost', port=8080): Max retries exceeded with url: /prever (Caused by NewConnectionError('<urllib3.connection.HTTPConnection object at 0x00000232077E1BB0>: Failed to establish a new connection: [WinError 10061] Nenhuma conexão pôde ser feita porque a máquina de destino as recusou ativamente'))
2025-05-24 22:28:14,597 - INFO - Processando chamadoId: 12010
2025-05-24 22:28:14,618 - INFO - ChamadoId 12010 processado e salvo no banco de dados.
2025-05-24 22:28:14,628 - INFO - Processando chamadoId: 12008
2025-05-24 22:28:14,655 - INFO - ChamadoId 12008 processado e salvo no banco de dados.
2025-05-24 22:28:14,667 - INFO - Processando chamadoId: 12006
2025-05-24 22:28:14,678 - ERROR - Erro ao enviar lote para Flask: HTTPConnectionPool(host='localhost', port=8081): Max retries exceeded with url: /extrair-keywords (Caused by NewConnectionError('<urllib3.connection.HTTPConnection object at 0x00000233D6B327B0>: Failed to establish a new connection: [WinError 10061] Nenhuma conexão pôde ser feita porque a máquina de destino as recusou ativamente'))
2025-05-24 22:28:14,680 - INFO - Enviando 10 chamados para análise de emoções no Flask.
2025-05-24 22:28:14,694 - ERROR - Erro ao enviar lote para Flask: HTTPConnectionPool(host='localhost', port=8080): Max retries exceeded with url: /prever (Caused by NewConnectionError('<urllib3.connection.HTTPConnection object at 0x000002327E4AC2F0>: Failed to establish a new connection: [WinError 10061] Nenhuma conexão pôde ser feita porque a máquina de destino as recusou ativamente'))
2025-05-24 22:28:14,701 - INFO - ChamadoId 12006 processado e salvo no banco de dados.
2025-05-24 22:28:14,707 - INFO - Processando chamadoId: 11992
2025-05-24 22:28:14,712 - INFO - Processando chamadoId: 12004
2025-05-24 22:28:14,745 - INFO - ChamadoId 11992 processado e salvo no banco de dados.
2025-05-24 22:28:14,748 - INFO - ChamadoId 12004 processado e salvo no banco de dados.
2025-05-24 22:28:14,756 - INFO - Processando chamadoId: 11990
2025-05-24 22:28:14,758 - INFO - Processando chamadoId: 12002
2025-05-24 22:28:14,764 - ERROR - Erro ao enviar lote para Flask: HTTPConnectionPool(host='localhost', port=8080): Max retries exceeded with url: /prever (Caused by NewConnectionError('<urllib3.connection.HTTPConnection object at 0x000002327E4AC860>: Failed to establish a new connection: [WinError 10061] Nenhuma conexão pôde ser feita porque a máquina de destino as recusou ativamente'))
2025-05-24 22:28:14,777 - INFO - Processando chamadoId: 12010
2025-05-24 22:28:14,795 - INFO - ChamadoId 12002 processado e salvo no banco de dados.
2025-05-24 22:28:14,798 - INFO - ChamadoId 11990 processado e salvo no banco de dados.
2025-05-24 22:28:14,805 - INFO - ChamadoId 12010 processado e salvo no banco de dados.
2025-05-24 22:28:14,805 - INFO - Processando chamadoId: 12000
2025-05-24 22:28:14,810 - INFO - Processando chamadoId: 11988
2025-05-24 22:28:14,818 - INFO - Processando chamadoId: 12008
2025-05-24 22:28:14,844 - INFO - ChamadoId 12000 processado e salvo no banco de dados.
2025-05-24 22:28:14,853 - INFO - Processando chamadoId: 11998
2025-05-24 22:28:14,854 - INFO - ChamadoId 11988 processado e salvo no banco de dados.
2025-05-24 22:28:14,856 - INFO - ChamadoId 12008 processado e salvo no banco de dados.
2025-05-24 22:28:14,856 - ERROR - Erro ao enviar lote para Flask: HTTPConnectionPool(host='localhost', port=8080): Max retries exceeded with url: /prever (Caused by NewConnectionError('<urllib3.connection.HTTPConnection object at 0x000002320B9FF7A0>: Failed to establish a new connection: [WinError 10061] Nenhuma conexão pôde ser feita porque a máquina de destino as recusou ativamente'))
2025-05-24 22:28:14,866 - INFO - Processando chamadoId: 12006
2025-05-24 22:28:14,866 - INFO - Processando chamadoId: 11986
2025-05-24 22:28:14,870 - INFO - Processando chamadoId: 12010
2025-05-24 22:28:14,875 - INFO - ChamadoId 11998 processado e salvo no banco de dados.
2025-05-24 22:28:14,887 - INFO - Processando chamadoId: 11997
2025-05-24 22:28:14,928 - INFO - ChamadoId 11997 processado e salvo no banco de dados.
2025-05-24 22:28:14,930 - INFO - ChamadoId 11986 processado e salvo no banco de dados.
2025-05-24 22:28:14,933 - INFO - ChamadoId 12010 processado e salvo no banco de dados.
2025-05-24 22:28:14,933 - INFO - ChamadoId 12006 processado e salvo no banco de dados.
2025-05-24 22:28:14,940 - INFO - Processando chamadoId: 11996
2025-05-24 22:28:14,942 - INFO - Processando chamadoId: 12004
2025-05-24 22:28:14,942 - INFO - Processando chamadoId: 11984
2025-05-24 22:28:14,944 - INFO - Processando chamadoId: 12008
2025-05-24 22:28:15,014 - INFO - ChamadoId 11984 processado e salvo no banco de dados.
2025-05-24 22:28:15,014 - INFO - ChamadoId 12008 processado e salvo no banco de dados.
2025-05-24 22:28:15,016 - INFO - ChamadoId 12004 processado e salvo no banco de dados.
2025-05-24 22:28:15,016 - INFO - ChamadoId 11996 processado e salvo no banco de dados.
2025-05-24 22:28:15,026 - INFO - Processando chamadoId: 11982
2025-05-24 22:28:15,026 - INFO - Processando chamadoId: 12006
2025-05-24 22:28:15,027 - INFO - Processando chamadoId: 12002
2025-05-24 22:28:15,031 - INFO - Processando chamadoId: 11994
2025-05-24 22:28:15,072 - INFO - ChamadoId 11982 processado e salvo no banco de dados.
2025-05-24 22:28:15,078 - INFO - ChamadoId 12002 processado e salvo no banco de dados.
2025-05-24 22:28:15,085 - INFO - Processando chamadoId: 11981
2025-05-24 22:28:15,092 - INFO - ChamadoId 12006 processado e salvo no banco de dados.
2025-05-24 22:28:15,092 - INFO - ChamadoId 11994 processado e salvo no banco de dados.
2025-05-24 22:28:15,093 - INFO - Enviando 10 chamados para geracao de keywords
2025-05-24 22:28:15,093 - INFO - Processando chamadoId: 12000
2025-05-24 22:28:15,106 - INFO - Processando chamadoId: 12004
2025-05-24 22:28:15,128 - INFO - ChamadoId 11981 processado e salvo no banco de dados.
2025-05-24 22:28:15,141 - INFO - Processando chamadoId: 11979
2025-05-24 22:28:15,162 - INFO - ChamadoId 12000 processado e salvo no banco de dados.
2025-05-24 22:28:15,166 - INFO - ChamadoId 12004 processado e salvo no banco de dados.
2025-05-24 22:28:15,173 - INFO - Processando chamadoId: 11998
2025-05-24 22:28:15,178 - INFO - Processando chamadoId: 12002
2025-05-24 22:28:15,181 - INFO - ChamadoId 11979 processado e salvo no banco de dados.
2025-05-24 22:28:15,194 - INFO - Processando chamadoId: 11977
2025-05-24 22:28:15,201 - INFO - ChamadoId 11998 processado e salvo no banco de dados.
2025-05-24 22:28:15,213 - INFO - Processando chamadoId: 11997
2025-05-24 22:28:15,216 - INFO - ChamadoId 12002 processado e salvo no banco de dados.
2025-05-24 22:28:15,224 - INFO - ChamadoId 11977 processado e salvo no banco de dados.
2025-05-24 22:28:15,228 - INFO - Processando chamadoId: 12000
2025-05-24 22:28:15,234 - INFO - ChamadoId 11997 processado e salvo no banco de dados.
2025-05-24 22:28:15,235 - INFO - Processando chamadoId: 11975
2025-05-24 22:28:15,245 - INFO - Processando chamadoId: 11996
2025-05-24 22:28:15,591 - ERROR - Erro ao enviar lote para Flask: HTTPConnectionPool(host='localhost', port=8080): Max retries exceeded with url: /prever (Caused by NewConnectionError('<urllib3.connection.HTTPConnection object at 0x000002336EF372C0>: Failed to establish a new connection: [WinError 10061] Nenhuma conexão pôde ser feita porque a máquina de destino as recusou ativamente'))
2025-05-24 22:28:15,598 - INFO - ChamadoId 11975 processado e salvo no banco de dados.
2025-05-24 22:28:15,598 - INFO - ChamadoId 11996 processado e salvo no banco de dados.
2025-05-24 22:28:15,599 - INFO - Enviando 10 chamados para geracao de keywords
2025-05-24 22:28:15,599 - INFO - ChamadoId 12000 processado e salvo no banco de dados.
2025-05-24 22:28:15,604 - INFO - Processando chamadoId: 11992
2025-05-24 22:28:15,609 - INFO - Processando chamadoId: 11994
2025-05-24 22:28:15,611 - INFO - Processando chamadoId: 11998
2025-05-24 22:28:15,635 - ERROR - Erro ao enviar lote para Flask: HTTPConnectionPool(host='localhost', port=8080): Max retries exceeded with url: /prever (Caused by NewConnectionError('<urllib3.connection.HTTPConnection object at 0x000002327E4AF6B0>: Failed to establish a new connection: [WinError 10061] Nenhuma conexão pôde ser feita porque a máquina de destino as recusou ativamente'))
2025-05-24 22:28:15,649 - INFO - Processando chamadoId: 12010
2025-05-24 22:28:15,659 - INFO - ChamadoId 11998 processado e salvo no banco de dados.
2025-05-24 22:28:15,659 - INFO - ChamadoId 11992 processado e salvo no banco de dados.
2025-05-24 22:28:15,667 - INFO - ChamadoId 11994 processado e salvo no banco de dados.
2025-05-24 22:28:15,667 - INFO - Enviando 10 chamados para geracao de keywords
2025-05-24 22:28:15,669 - INFO - Processando chamadoId: 11997
2025-05-24 22:28:15,671 - INFO - Processando chamadoId: 11990
2025-05-24 22:28:15,689 - INFO - ChamadoId 12010 processado e salvo no banco de dados.
2025-05-24 22:28:15,701 - INFO - ChamadoId 11997 processado e salvo no banco de dados.
2025-05-24 22:28:15,702 - INFO - Processando chamadoId: 12008
2025-05-24 22:28:15,709 - INFO - ChamadoId 11990 processado e salvo no banco de dados.
2025-05-24 22:28:15,714 - INFO - Processando chamadoId: 11996
2025-05-24 22:28:15,731 - INFO - Processando chamadoId: 11988
2025-05-24 22:28:15,751 - INFO - ChamadoId 12008 processado e salvo no banco de dados.
2025-05-24 22:28:15,764 - INFO - Processando chamadoId: 12006
2025-05-24 22:28:15,796 - INFO - ChamadoId 11996 processado e salvo no banco de dados.
2025-05-24 22:28:15,799 - INFO - ChamadoId 11988 processado e salvo no banco de dados.
2025-05-24 22:28:15,807 - INFO - ChamadoId 12006 processado e salvo no banco de dados.
2025-05-24 22:28:15,807 - INFO - Processando chamadoId: 11994
2025-05-24 22:28:15,812 - INFO - Processando chamadoId: 11986
2025-05-24 22:28:15,821 - INFO - Processando chamadoId: 12004
2025-05-24 22:28:15,854 - INFO - ChamadoId 11994 processado e salvo no banco de dados.
2025-05-24 22:28:15,854 - INFO - Enviando 10 chamados para geracao de keywords
2025-05-24 22:28:15,874 - INFO - ChamadoId 11986 processado e salvo no banco de dados.
2025-05-24 22:28:15,876 - INFO - ChamadoId 12004 processado e salvo no banco de dados.
2025-05-24 22:28:15,885 - INFO - Processando chamadoId: 11984
2025-05-24 22:28:15,888 - INFO - Processando chamadoId: 12002
2025-05-24 22:28:15,920 - INFO - ChamadoId 11984 processado e salvo no banco de dados.
2025-05-24 22:28:15,921 - INFO - ChamadoId 12002 processado e salvo no banco de dados.
2025-05-24 22:28:15,933 - INFO - Processando chamadoId: 11982
2025-05-24 22:28:15,935 - INFO - Processando chamadoId: 12000
2025-05-24 22:28:15,957 - INFO - ChamadoId 11982 processado e salvo no banco de dados.
2025-05-24 22:28:15,969 - INFO - Processando chamadoId: 11981
2025-05-24 22:28:15,972 - INFO - ChamadoId 12000 processado e salvo no banco de dados.
2025-05-24 22:28:15,985 - INFO - Processando chamadoId: 11998
2025-05-24 22:28:15,995 - INFO - ChamadoId 11981 processado e salvo no banco de dados.
2025-05-24 22:28:16,008 - INFO - Processando chamadoId: 11979
2025-05-24 22:28:16,011 - INFO - ChamadoId 11998 processado e salvo no banco de dados.
2025-05-24 22:28:16,025 - INFO - Processando chamadoId: 11997
2025-05-24 22:28:16,034 - INFO - ChamadoId 11979 processado e salvo no banco de dados.
2025-05-24 22:28:16,045 - INFO - ChamadoId 11997 processado e salvo no banco de dados.
2025-05-24 22:28:16,045 - INFO - Processando chamadoId: 11977
2025-05-24 22:28:16,059 - INFO - Processando chamadoId: 11996
2025-05-24 22:28:16,068 - INFO - ChamadoId 11977 processado e salvo no banco de dados.
2025-05-24 22:28:16,082 - INFO - Processando chamadoId: 11975
2025-05-24 22:28:16,087 - INFO - ChamadoId 11996 processado e salvo no banco de dados.
2025-05-24 22:28:16,100 - INFO - Processando chamadoId: 11994
2025-05-24 22:28:16,102 - INFO - ChamadoId 11975 processado e salvo no banco de dados.
2025-05-24 22:28:16,103 - INFO - Enviando 10 chamados para geracao de keywords
2025-05-24 22:28:16,129 - INFO - ChamadoId 11994 processado e salvo no banco de dados.
2025-05-24 22:28:16,129 - INFO - Enviando 10 chamados para geracao de keywords
2025-05-24 22:28:17,026 - ERROR - Erro ao enviar lote para Flask: HTTPConnectionPool(host='localhost', port=8080): Max retries exceeded with url: /prever (Caused by NewConnectionError('<urllib3.connection.HTTPConnection object at 0x000002327F68A5A0>: Failed to establish a new connection: [WinError 10061] Nenhuma conexão pôde ser feita porque a máquina de destino as recusou ativamente'))
2025-05-24 22:28:17,037 - INFO - Processando chamadoId: 11992
2025-05-24 22:28:17,063 - INFO - ChamadoId 11992 processado e salvo no banco de dados.
2025-05-24 22:28:17,074 - INFO - Processando chamadoId: 11990
2025-05-24 22:28:17,098 - INFO - ChamadoId 11990 processado e salvo no banco de dados.
2025-05-24 22:28:17,110 - INFO - Processando chamadoId: 11988
2025-05-24 22:28:17,133 - INFO - ChamadoId 11988 processado e salvo no banco de dados.
2025-05-24 22:28:17,145 - INFO - Processando chamadoId: 11986
2025-05-24 22:28:17,168 - INFO - ChamadoId 11986 processado e salvo no banco de dados.
2025-05-24 22:28:17,178 - INFO - Processando chamadoId: 11984
2025-05-24 22:28:17,201 - INFO - ChamadoId 11984 processado e salvo no banco de dados.
2025-05-24 22:28:17,213 - INFO - Processando chamadoId: 11982
2025-05-24 22:28:17,233 - INFO - ChamadoId 11982 processado e salvo no banco de dados.
2025-05-24 22:28:17,234 - ERROR - Erro ao enviar lote para Flask: HTTPConnectionPool(host='localhost', port=8080): Max retries exceeded with url: /prever (Caused by NewConnectionError('<urllib3.connection.HTTPConnection object at 0x000002325C100860>: Failed to establish a new connection: [WinError 10061] Nenhuma conexão pôde ser feita porque a máquina de destino as recusou ativamente'))
2025-05-24 22:28:17,244 - INFO - Processando chamadoId: 11992
2025-05-24 22:28:17,244 - INFO - Processando chamadoId: 11981
2025-05-24 22:28:17,282 - INFO - ChamadoId 11981 processado e salvo no banco de dados.
2025-05-24 22:28:17,282 - INFO - ChamadoId 11992 processado e salvo no banco de dados.
2025-05-24 22:28:17,293 - INFO - Processando chamadoId: 11990
2025-05-24 22:28:17,293 - INFO - Processando chamadoId: 11979
2025-05-24 22:28:17,328 - INFO - ChamadoId 11990 processado e salvo no banco de dados.
2025-05-24 22:28:17,329 - INFO - ChamadoId 11979 processado e salvo no banco de dados.
2025-05-24 22:28:17,337 - INFO - Processando chamadoId: 11988
2025-05-24 22:28:17,337 - INFO - Processando chamadoId: 11977
2025-05-24 22:28:17,367 - INFO - ChamadoId 11977 processado e salvo no banco de dados.
2025-05-24 22:28:17,371 - INFO - ChamadoId 11988 processado e salvo no banco de dados.
2025-05-24 22:28:17,379 - INFO - Processando chamadoId: 11986
2025-05-24 22:28:17,379 - INFO - Processando chamadoId: 11975
2025-05-24 22:28:17,403 - INFO - ChamadoId 11975 processado e salvo no banco de dados.
2025-05-24 22:28:17,403 - INFO - Enviando 10 chamados para geracao de keywords
2025-05-24 22:28:17,408 - INFO - ChamadoId 11986 processado e salvo no banco de dados.
2025-05-24 22:28:17,418 - INFO - Processando chamadoId: 11984
2025-05-24 22:28:17,438 - INFO - ChamadoId 11984 processado e salvo no banco de dados.
2025-05-24 22:28:17,450 - INFO - Processando chamadoId: 11982
2025-05-24 22:28:17,472 - INFO - ChamadoId 11982 processado e salvo no banco de dados.
2025-05-24 22:28:17,482 - INFO - Processando chamadoId: 11981
2025-05-24 22:28:17,503 - INFO - ChamadoId 11981 processado e salvo no banco de dados.
2025-05-24 22:28:17,515 - INFO - Processando chamadoId: 11979
2025-05-24 22:28:17,541 - INFO - ChamadoId 11979 processado e salvo no banco de dados.
2025-05-24 22:28:17,553 - INFO - Processando chamadoId: 11977
2025-05-24 22:28:17,571 - INFO - ChamadoId 11977 processado e salvo no banco de dados.
2025-05-24 22:28:17,581 - INFO - Processando chamadoId: 11975
2025-05-24 22:28:17,599 - INFO - ChamadoId 11975 processado e salvo no banco de dados.
2025-05-24 22:28:17,599 - INFO - Enviando 10 chamados para geracao de keywords
2025-05-24 22:28:18,299 - ERROR - Erro ao enviar lote para Flask: HTTPConnectionPool(host='localhost', port=8081): Max retries exceeded with url: /extrair-keywords (Caused by NewConnectionError('<urllib3.connection.HTTPConnection object at 0x000002336EF37770>: Failed to establish a new connection: [WinError 10061] Nenhuma conexão pôde ser feita porque a máquina de destino as recusou ativamente'))
2025-05-24 22:28:18,300 - INFO - Enviando 10 chamados para análise de emoções no Flask.
2025-05-24 22:28:18,755 - ERROR - Erro ao enviar lote para Flask: HTTPConnectionPool(host='localhost', port=8080): Max retries exceeded with url: /prever (Caused by NewConnectionError('<urllib3.connection.HTTPConnection object at 0x000002320F801EE0>: Failed to establish a new connection: [WinError 10061] Nenhuma conexão pôde ser feita porque a máquina de destino as recusou ativamente'))
2025-05-24 22:28:18,768 - INFO - Processando chamadoId: 11992
2025-05-24 22:28:18,792 - INFO - ChamadoId 11992 processado e salvo no banco de dados.
2025-05-24 22:28:18,806 - INFO - Processando chamadoId: 11990
2025-05-24 22:28:18,830 - INFO - ChamadoId 11990 processado e salvo no banco de dados.
2025-05-24 22:28:18,843 - INFO - Processando chamadoId: 11988
2025-05-24 22:28:18,867 - INFO - ChamadoId 11988 processado e salvo no banco de dados.
2025-05-24 22:28:18,879 - INFO - Processando chamadoId: 11986
2025-05-24 22:28:18,903 - INFO - ChamadoId 11986 processado e salvo no banco de dados.
2025-05-24 22:28:18,915 - INFO - Processando chamadoId: 11984
2025-05-24 22:28:18,939 - INFO - ChamadoId 11984 processado e salvo no banco de dados.
2025-05-24 22:28:18,950 - INFO - Processando chamadoId: 11982
2025-05-24 22:28:18,968 - INFO - ChamadoId 11982 processado e salvo no banco de dados.
2025-05-24 22:28:18,980 - INFO - Processando chamadoId: 11981
2025-05-24 22:28:19,002 - INFO - ChamadoId 11981 processado e salvo no banco de dados.
2025-05-24 22:28:19,013 - INFO - Processando chamadoId: 11979
2025-05-24 22:28:19,036 - INFO - ChamadoId 11979 processado e salvo no banco de dados.
2025-05-24 22:28:19,048 - INFO - Processando chamadoId: 11977
2025-05-24 22:28:19,067 - INFO - ChamadoId 11977 processado e salvo no banco de dados.
2025-05-24 22:28:19,079 - INFO - Processando chamadoId: 11975
2025-05-24 22:28:19,097 - INFO - ChamadoId 11975 processado e salvo no banco de dados.
2025-05-24 22:28:19,097 - INFO - Enviando 10 chamados para geracao de keywords
2025-05-24 22:28:19,175 - ERROR - Erro ao enviar lote para Flask: HTTPConnectionPool(host='localhost', port=8081): Max retries exceeded with url: /extrair-keywords (Caused by NewConnectionError('<urllib3.connection.HTTPConnection object at 0x000002336EF35BB0>: Failed to establish a new connection: [WinError 10061] Nenhuma conexão pôde ser feita porque a máquina de destino as recusou ativamente'))
2025-05-24 22:28:19,175 - INFO - Enviando 10 chamados para análise de emoções no Flask.
2025-05-24 22:28:19,708 - ERROR - Erro ao enviar lote para Flask: HTTPConnectionPool(host='localhost', port=8081): Max retries exceeded with url: /extrair-keywords (Caused by NewConnectionError('<urllib3.connection.HTTPConnection object at 0x000002327E4ADCA0>: Failed to establish a new connection: [WinError 10061] Nenhuma conexão pôde ser feita porque a máquina de destino as recusou ativamente'))
2025-05-24 22:28:19,708 - INFO - Enviando 10 chamados para análise de emoções no Flask.
2025-05-24 22:28:19,755 - ERROR - Erro ao enviar lote para Flask: HTTPConnectionPool(host='localhost', port=8081): Max retries exceeded with url: /extrair-keywords (Caused by NewConnectionError('<urllib3.connection.HTTPConnection object at 0x000002336EF36810>: Failed to establish a new connection: [WinError 10061] Nenhuma conexão pôde ser feita porque a máquina de destino as recusou ativamente'))
2025-05-24 22:28:19,756 - INFO - Enviando 10 chamados para análise de emoções no Flask.
2025-05-24 22:28:19,954 - ERROR - Erro ao enviar lote para Flask: HTTPConnectionPool(host='localhost', port=8081): Max retries exceeded with url: /extrair-keywords (Caused by NewConnectionError('<urllib3.connection.HTTPConnection object at 0x0000023208705E80>: Failed to establish a new connection: [WinError 10061] Nenhuma conexão pôde ser feita porque a máquina de destino as recusou ativamente'))
2025-05-24 22:28:19,955 - INFO - Enviando 10 chamados para análise de emoções no Flask.
2025-05-24 22:28:20,183 - ERROR - Erro ao enviar lote para Flask: HTTPConnectionPool(host='localhost', port=8081): Max retries exceeded with url: /extrair-keywords (Caused by NewConnectionError('<urllib3.connection.HTTPConnection object at 0x000002336EF35C70>: Failed to establish a new connection: [WinError 10061] Nenhuma conexão pôde ser feita porque a máquina de destino as recusou ativamente'))
2025-05-24 22:28:20,184 - INFO - Enviando 10 chamados para análise de emoções no Flask.
2025-05-24 22:28:20,214 - ERROR - Erro ao enviar lote para Flask: HTTPConnectionPool(host='localhost', port=8081): Max retries exceeded with url: /extrair-keywords (Caused by NewConnectionError('<urllib3.connection.HTTPConnection object at 0x000002336EF35040>: Failed to establish a new connection: [WinError 10061] Nenhuma conexão pôde ser feita porque a máquina de destino as recusou ativamente'))
2025-05-24 22:28:20,215 - INFO - Enviando 10 chamados para análise de emoções no Flask.
2025-05-24 22:28:21,481 - ERROR - Erro ao enviar lote para Flask: HTTPConnectionPool(host='localhost', port=8081): Max retries exceeded with url: /extrair-keywords (Caused by NewConnectionError('<urllib3.connection.HTTPConnection object at 0x0000023208705AC0>: Failed to establish a new connection: [WinError 10061] Nenhuma conexão pôde ser feita porque a máquina de destino as recusou ativamente'))
2025-05-24 22:28:21,482 - INFO - Enviando 10 chamados para análise de emoções no Flask.
2025-05-24 22:28:21,698 - ERROR - Erro ao enviar lote para Flask: HTTPConnectionPool(host='localhost', port=8081): Max retries exceeded with url: /extrair-keywords (Caused by NewConnectionError('<urllib3.connection.HTTPConnection object at 0x000002327E4AD7F0>: Failed to establish a new connection: [WinError 10061] Nenhuma conexão pôde ser feita porque a máquina de destino as recusou ativamente'))
2025-05-24 22:28:21,699 - INFO - Enviando 10 chamados para análise de emoções no Flask.
2025-05-24 22:28:22,402 - ERROR - Erro ao enviar lote para Flask: HTTPConnectionPool(host='localhost', port=8080): Max retries exceeded with url: /prever (Caused by NewConnectionError('<urllib3.connection.HTTPConnection object at 0x000002327E4AD1F0>: Failed to establish a new connection: [WinError 10061] Nenhuma conexão pôde ser feita porque a máquina de destino as recusou ativamente'))
2025-05-24 22:28:22,412 - INFO - Processando chamadoId: 11974
2025-05-24 22:28:22,450 - INFO - ChamadoId 11974 processado e salvo no banco de dados.
2025-05-24 22:28:22,462 - INFO - Processando chamadoId: 11972
2025-05-24 22:28:22,488 - INFO - ChamadoId 11972 processado e salvo no banco de dados.
2025-05-24 22:28:22,500 - INFO - Processando chamadoId: 11970
2025-05-24 22:28:22,524 - INFO - ChamadoId 11970 processado e salvo no banco de dados.
2025-05-24 22:28:22,534 - INFO - Processando chamadoId: 11968
2025-05-24 22:28:22,556 - INFO - ChamadoId 11968 processado e salvo no banco de dados.
2025-05-24 22:28:22,566 - INFO - Processando chamadoId: 11967
2025-05-24 22:28:22,592 - INFO - ChamadoId 11967 processado e salvo no banco de dados.
2025-05-24 22:28:22,602 - INFO - Processando chamadoId: 11965
2025-05-24 22:28:22,627 - INFO - ChamadoId 11965 processado e salvo no banco de dados.
2025-05-24 22:28:22,637 - INFO - Processando chamadoId: 11963
2025-05-24 22:28:22,665 - INFO - ChamadoId 11963 processado e salvo no banco de dados.
2025-05-24 22:28:22,675 - INFO - Processando chamadoId: 11961
2025-05-24 22:28:22,703 - INFO - ChamadoId 11961 processado e salvo no banco de dados.
2025-05-24 22:28:22,713 - INFO - Processando chamadoId: 11959
2025-05-24 22:28:22,734 - INFO - ChamadoId 11959 processado e salvo no banco de dados.
2025-05-24 22:28:22,745 - INFO - Processando chamadoId: 11958
2025-05-24 22:28:22,765 - INFO - ChamadoId 11958 processado e salvo no banco de dados.
2025-05-24 22:28:22,766 - INFO - Enviando 10 chamados para geracao de keywords
2025-05-24 22:28:23,157 - ERROR - Erro ao enviar lote para Flask: HTTPConnectionPool(host='localhost', port=8081): Max retries exceeded with url: /extrair-keywords (Caused by NewConnectionError('<urllib3.connection.HTTPConnection object at 0x0000023208705F40>: Failed to establish a new connection: [WinError 10061] Nenhuma conexão pôde ser feita porque a máquina de destino as recusou ativamente'))
2025-05-24 22:28:23,158 - INFO - Enviando 10 chamados para análise de emoções no Flask.
2025-05-24 22:28:23,289 - ERROR - Erro ao enviar lote para Flask: HTTPConnectionPool(host='localhost', port=8080): Max retries exceeded with url: /prever (Caused by NewConnectionError('<urllib3.connection.HTTPConnection object at 0x000002336EF34B90>: Failed to establish a new connection: [WinError 10061] Nenhuma conexão pôde ser feita porque a máquina de destino as recusou ativamente'))
2025-05-24 22:28:23,299 - INFO - Processando chamadoId: 11992
2025-05-24 22:28:23,329 - INFO - ChamadoId 11992 processado e salvo no banco de dados.
2025-05-24 22:28:23,339 - INFO - Processando chamadoId: 11990
2025-05-24 22:28:23,362 - INFO - ChamadoId 11990 processado e salvo no banco de dados.
2025-05-24 22:28:23,372 - INFO - Processando chamadoId: 11988
2025-05-24 22:28:23,395 - INFO - ChamadoId 11988 processado e salvo no banco de dados.
2025-05-24 22:28:23,406 - INFO - Processando chamadoId: 11986
2025-05-24 22:28:23,428 - INFO - ChamadoId 11986 processado e salvo no banco de dados.
2025-05-24 22:28:23,440 - INFO - Processando chamadoId: 11984
2025-05-24 22:28:23,462 - INFO - ChamadoId 11984 processado e salvo no banco de dados.
2025-05-24 22:28:23,474 - INFO - Processando chamadoId: 11982
2025-05-24 22:28:23,491 - INFO - ChamadoId 11982 processado e salvo no banco de dados.
2025-05-24 22:28:23,503 - INFO - Processando chamadoId: 11981
2025-05-24 22:28:23,546 - INFO - ChamadoId 11981 processado e salvo no banco de dados.
2025-05-24 22:28:23,557 - INFO - Processando chamadoId: 11979
2025-05-24 22:28:23,581 - INFO - ChamadoId 11979 processado e salvo no banco de dados.
2025-05-24 22:28:23,592 - INFO - Processando chamadoId: 11977
2025-05-24 22:28:23,612 - INFO - ChamadoId 11977 processado e salvo no banco de dados.
2025-05-24 22:28:23,624 - INFO - Processando chamadoId: 11975
2025-05-24 22:28:23,642 - INFO - ChamadoId 11975 processado e salvo no banco de dados.
2025-05-24 22:28:23,643 - INFO - Enviando 10 chamados para geracao de keywords
2025-05-24 22:28:23,803 - ERROR - Erro ao enviar lote para Flask: HTTPConnectionPool(host='localhost', port=8080): Max retries exceeded with url: /prever (Caused by NewConnectionError('<urllib3.connection.HTTPConnection object at 0x000002327F815220>: Failed to establish a new connection: [WinError 10061] Nenhuma conexão pôde ser feita porque a máquina de destino as recusou ativamente'))
2025-05-24 22:28:23,814 - INFO - Processando chamadoId: 11974
2025-05-24 22:28:23,824 - ERROR - Erro ao enviar lote para Flask: HTTPConnectionPool(host='localhost', port=8080): Max retries exceeded with url: /prever (Caused by NewConnectionError('<urllib3.connection.HTTPConnection object at 0x0000023404EE3F50>: Failed to establish a new connection: [WinError 10061] Nenhuma conexão pôde ser feita porque a máquina de destino as recusou ativamente'))
2025-05-24 22:28:23,836 - INFO - Processando chamadoId: 11992
2025-05-24 22:28:23,846 - INFO - ChamadoId 11974 processado e salvo no banco de dados.
2025-05-24 22:28:23,859 - INFO - Processando chamadoId: 11972
2025-05-24 22:28:23,859 - INFO - ChamadoId 11992 processado e salvo no banco de dados.
2025-05-24 22:28:23,870 - INFO - Processando chamadoId: 11990
2025-05-24 22:28:23,885 - INFO - ChamadoId 11972 processado e salvo no banco de dados.
2025-05-24 22:28:23,894 - INFO - ChamadoId 11990 processado e salvo no banco de dados.
2025-05-24 22:28:23,896 - INFO - Processando chamadoId: 11970
2025-05-24 22:28:23,905 - INFO - Processando chamadoId: 11988
2025-05-24 22:28:23,922 - INFO - ChamadoId 11970 processado e salvo no banco de dados.
2025-05-24 22:28:23,931 - INFO - ChamadoId 11988 processado e salvo no banco de dados.
2025-05-24 22:28:23,932 - INFO - Processando chamadoId: 11968
2025-05-24 22:28:23,943 - INFO - Processando chamadoId: 11986
2025-05-24 22:28:23,952 - INFO - ChamadoId 11968 processado e salvo no banco de dados.
2025-05-24 22:28:23,963 - INFO - Processando chamadoId: 11967
2025-05-24 22:28:23,965 - INFO - ChamadoId 11986 processado e salvo no banco de dados.
2025-05-24 22:28:23,976 - INFO - Processando chamadoId: 11984
2025-05-24 22:28:23,990 - INFO - ChamadoId 11967 processado e salvo no banco de dados.
2025-05-24 22:28:23,999 - INFO - ChamadoId 11984 processado e salvo no banco de dados.
2025-05-24 22:28:24,001 - INFO - Processando chamadoId: 11965
2025-05-24 22:28:24,010 - INFO - Processando chamadoId: 11982
2025-05-24 22:28:24,016 - ERROR - Erro ao enviar lote para Flask: HTTPConnectionPool(host='localhost', port=8080): Max retries exceeded with url: /prever (Caused by NewConnectionError('<urllib3.connection.HTTPConnection object at 0x000002336EF36030>: Failed to establish a new connection: [WinError 10061] Nenhuma conexão pôde ser feita porque a máquina de destino as recusou ativamente'))
2025-05-24 22:28:24,028 - INFO - ChamadoId 11965 processado e salvo no banco de dados.
2025-05-24 22:28:24,028 - INFO - Processando chamadoId: 11992
2025-05-24 22:28:24,030 - INFO - ChamadoId 11982 processado e salvo no banco de dados.
2025-05-24 22:28:24,041 - INFO - Processando chamadoId: 11981
2025-05-24 22:28:24,041 - INFO - Processando chamadoId: 11963
2025-05-24 22:28:24,056 - INFO - ChamadoId 11992 processado e salvo no banco de dados.
2025-05-24 22:28:24,068 - INFO - Processando chamadoId: 11990
2025-05-24 22:28:24,074 - INFO - ChamadoId 11981 processado e salvo no banco de dados.
2025-05-24 22:28:24,077 - INFO - ChamadoId 11963 processado e salvo no banco de dados.
2025-05-24 22:28:24,087 - INFO - Processando chamadoId: 11979
2025-05-24 22:28:24,087 - INFO - Processando chamadoId: 11961
2025-05-24 22:28:24,094 - INFO - ChamadoId 11990 processado e salvo no banco de dados.
2025-05-24 22:28:24,107 - INFO - Processando chamadoId: 11988
2025-05-24 22:28:24,170 - INFO - ChamadoId 11961 processado e salvo no banco de dados.
2025-05-24 22:28:24,170 - INFO - ChamadoId 11979 processado e salvo no banco de dados.
2025-05-24 22:28:24,178 - INFO - ChamadoId 11988 processado e salvo no banco de dados.
2025-05-24 22:28:24,180 - INFO - Processando chamadoId: 11977
2025-05-24 22:28:24,180 - INFO - Processando chamadoId: 11959
2025-05-24 22:28:24,189 - INFO - Processando chamadoId: 11986
2025-05-24 22:28:24,207 - INFO - ChamadoId 11959 processado e salvo no banco de dados.
2025-05-24 22:28:24,211 - INFO - ChamadoId 11977 processado e salvo no banco de dados.
2025-05-24 22:28:24,221 - INFO - Processando chamadoId: 11975
2025-05-24 22:28:24,221 - INFO - ChamadoId 11986 processado e salvo no banco de dados.
2025-05-24 22:28:24,222 - INFO - Processando chamadoId: 11958
2025-05-24 22:28:24,266 - ERROR - Erro ao enviar lote para Flask: HTTPConnectionPool(host='localhost', port=8080): Max retries exceeded with url: /prever (Caused by NewConnectionError('<urllib3.connection.HTTPConnection object at 0x000002327F68A480>: Failed to establish a new connection: [WinError 10061] Nenhuma conexão pôde ser feita porque a máquina de destino as recusou ativamente'))
2025-05-24 22:28:24,287 - INFO - ChamadoId 11975 processado e salvo no banco de dados.
2025-05-24 22:28:24,288 - INFO - Processando chamadoId: 11984
2025-05-24 22:28:24,288 - INFO - Enviando 10 chamados para geracao de keywords
2025-05-24 22:28:24,289 - INFO - Processando chamadoId: 11974
2025-05-24 22:28:24,290 - INFO - ChamadoId 11958 processado e salvo no banco de dados.
2025-05-24 22:28:24,296 - INFO - Enviando 10 chamados para geracao de keywords
2025-05-24 22:28:24,297 - ERROR - Erro ao enviar lote para Flask: HTTPConnectionPool(host='localhost', port=8080): Max retries exceeded with url: /prever (Caused by NewConnectionError('<urllib3.connection.HTTPConnection object at 0x00000232077928A0>: Failed to establish a new connection: [WinError 10061] Nenhuma conexão pôde ser feita porque a máquina de destino as recusou ativamente'))
2025-05-24 22:28:24,313 - INFO - Processando chamadoId: 11992
2025-05-24 22:28:24,333 - INFO - ChamadoId 11984 processado e salvo no banco de dados.
2025-05-24 22:28:24,341 - INFO - ChamadoId 11974 processado e salvo no banco de dados.
2025-05-24 22:28:24,344 - INFO - Processando chamadoId: 11982
2025-05-24 22:28:24,344 - INFO - ChamadoId 11992 processado e salvo no banco de dados.
2025-05-24 22:28:24,354 - INFO - Processando chamadoId: 11972
2025-05-24 22:28:24,358 - INFO - Processando chamadoId: 11990
2025-05-24 22:28:24,364 - INFO - ChamadoId 11982 processado e salvo no banco de dados.
2025-05-24 22:28:24,378 - INFO - Processando chamadoId: 11981
2025-05-24 22:28:24,390 - INFO - ChamadoId 11972 processado e salvo no banco de dados.
2025-05-24 22:28:24,396 - INFO - ChamadoId 11990 processado e salvo no banco de dados.
2025-05-24 22:28:24,404 - INFO - ChamadoId 11981 processado e salvo no banco de dados.
2025-05-24 22:28:24,404 - INFO - Processando chamadoId: 11970
2025-05-24 22:28:24,407 - INFO - Processando chamadoId: 11988
2025-05-24 22:28:24,415 - INFO - Processando chamadoId: 11979
2025-05-24 22:28:24,442 - INFO - ChamadoId 11970 processado e salvo no banco de dados.
2025-05-24 22:28:24,448 - INFO - ChamadoId 11988 processado e salvo no banco de dados.
2025-05-24 22:28:24,451 - INFO - ChamadoId 11979 processado e salvo no banco de dados.
2025-05-24 22:28:24,452 - INFO - Processando chamadoId: 11968
2025-05-24 22:28:24,462 - INFO - Processando chamadoId: 11986
2025-05-24 22:28:24,462 - INFO - Processando chamadoId: 11977
2025-05-24 22:28:24,472 - INFO - ChamadoId 11968 processado e salvo no banco de dados.
2025-05-24 22:28:24,483 - INFO - Processando chamadoId: 11967
2025-05-24 22:28:24,493 - INFO - ChamadoId 11977 processado e salvo no banco de dados.
2025-05-24 22:28:24,495 - INFO - ChamadoId 11986 processado e salvo no banco de dados.
2025-05-24 22:28:24,504 - INFO - Processando chamadoId: 11975
2025-05-24 22:28:24,508 - INFO - ChamadoId 11967 processado e salvo no banco de dados.
2025-05-24 22:28:24,508 - INFO - Processando chamadoId: 11984
2025-05-24 22:28:24,520 - INFO - Processando chamadoId: 11965
2025-05-24 22:28:24,529 - INFO - ChamadoId 11975 processado e salvo no banco de dados.
2025-05-24 22:28:24,531 - INFO - Enviando 10 chamados para geracao de keywords
2025-05-24 22:28:24,564 - INFO - ChamadoId 11984 processado e salvo no banco de dados.
2025-05-24 22:28:24,567 - INFO - ChamadoId 11965 processado e salvo no banco de dados.
2025-05-24 22:28:24,577 - INFO - Processando chamadoId: 11982
2025-05-24 22:28:24,577 - INFO - Processando chamadoId: 11963
2025-05-24 22:28:24,610 - INFO - ChamadoId 11982 processado e salvo no banco de dados.
2025-05-24 22:28:24,620 - INFO - ChamadoId 11963 processado e salvo no banco de dados.
2025-05-24 22:28:24,621 - INFO - Processando chamadoId: 11981
2025-05-24 22:28:24,632 - INFO - Processando chamadoId: 11961
2025-05-24 22:28:24,650 - INFO - ChamadoId 11981 processado e salvo no banco de dados.
2025-05-24 22:28:24,658 - INFO - ChamadoId 11961 processado e salvo no banco de dados.
2025-05-24 22:28:24,663 - INFO - Processando chamadoId: 11979
2025-05-24 22:28:24,671 - INFO - Processando chamadoId: 11959
2025-05-24 22:28:24,694 - INFO - ChamadoId 11979 processado e salvo no banco de dados.
2025-05-24 22:28:24,694 - INFO - ChamadoId 11959 processado e salvo no banco de dados.
2025-05-24 22:28:24,706 - INFO - Processando chamadoId: 11977
2025-05-24 22:28:24,707 - INFO - Processando chamadoId: 11958
2025-05-24 22:28:24,735 - INFO - ChamadoId 11958 processado e salvo no banco de dados.
2025-05-24 22:28:24,735 - INFO - Enviando 10 chamados para geracao de keywords
2025-05-24 22:28:24,737 - INFO - ChamadoId 11977 processado e salvo no banco de dados.
2025-05-24 22:28:24,751 - INFO - Processando chamadoId: 11975
2025-05-24 22:28:24,773 - INFO - ChamadoId 11975 processado e salvo no banco de dados.
2025-05-24 22:28:24,774 - INFO - Enviando 10 chamados para geracao de keywords
2025-05-24 22:28:25,566 - ERROR - Erro ao enviar lote para Flask: HTTPConnectionPool(host='localhost', port=8080): Max retries exceeded with url: /prever (Caused by NewConnectionError('<urllib3.connection.HTTPConnection object at 0x000002327F814980>: Failed to establish a new connection: [WinError 10061] Nenhuma conexão pôde ser feita porque a máquina de destino as recusou ativamente'))
2025-05-24 22:28:25,577 - INFO - Processando chamadoId: 11974
2025-05-24 22:28:25,603 - INFO - ChamadoId 11974 processado e salvo no banco de dados.
2025-05-24 22:28:25,613 - INFO - Processando chamadoId: 11972
2025-05-24 22:28:25,636 - INFO - ChamadoId 11972 processado e salvo no banco de dados.
2025-05-24 22:28:25,647 - INFO - Processando chamadoId: 11970
2025-05-24 22:28:25,676 - INFO - ChamadoId 11970 processado e salvo no banco de dados.
2025-05-24 22:28:25,687 - INFO - Processando chamadoId: 11968
2025-05-24 22:28:25,706 - INFO - ChamadoId 11968 processado e salvo no banco de dados.
2025-05-24 22:28:25,717 - INFO - Processando chamadoId: 11967
2025-05-24 22:28:25,751 - INFO - ChamadoId 11967 processado e salvo no banco de dados.
2025-05-24 22:28:25,762 - INFO - Processando chamadoId: 11965
2025-05-24 22:28:25,785 - INFO - ChamadoId 11965 processado e salvo no banco de dados.
2025-05-24 22:28:25,786 - ERROR - Erro ao enviar lote para Flask: HTTPConnectionPool(host='localhost', port=8080): Max retries exceeded with url: /prever (Caused by NewConnectionError('<urllib3.connection.HTTPConnection object at 0x000002327F8153D0>: Failed to establish a new connection: [WinError 10061] Nenhuma conexão pôde ser feita porque a máquina de destino as recusou ativamente'))
2025-05-24 22:28:25,797 - INFO - Processando chamadoId: 11963
2025-05-24 22:28:25,797 - INFO - Processando chamadoId: 11974
2025-05-24 22:28:25,832 - INFO - ChamadoId 11963 processado e salvo no banco de dados.
2025-05-24 22:28:25,832 - INFO - ChamadoId 11974 processado e salvo no banco de dados.
2025-05-24 22:28:25,844 - INFO - Processando chamadoId: 11961
2025-05-24 22:28:25,844 - INFO - Processando chamadoId: 11972
2025-05-24 22:28:25,877 - INFO - ChamadoId 11972 processado e salvo no banco de dados.
2025-05-24 22:28:25,878 - INFO - ChamadoId 11961 processado e salvo no banco de dados.
2025-05-24 22:28:25,887 - INFO - Processando chamadoId: 11970
2025-05-24 22:28:25,887 - INFO - Processando chamadoId: 11959
2025-05-24 22:28:25,913 - INFO - ChamadoId 11959 processado e salvo no banco de dados.
2025-05-24 22:28:25,916 - INFO - ChamadoId 11970 processado e salvo no banco de dados.
2025-05-24 22:28:25,924 - INFO - Processando chamadoId: 11958
2025-05-24 22:28:25,925 - INFO - Processando chamadoId: 11968
2025-05-24 22:28:25,948 - INFO - ChamadoId 11968 processado e salvo no banco de dados.
2025-05-24 22:28:25,950 - INFO - ChamadoId 11958 processado e salvo no banco de dados.
2025-05-24 22:28:25,950 - INFO - Enviando 10 chamados para geracao de keywords
2025-05-24 22:28:25,960 - INFO - Processando chamadoId: 11967
2025-05-24 22:28:25,982 - INFO - ChamadoId 11967 processado e salvo no banco de dados.
2025-05-24 22:28:25,992 - INFO - Processando chamadoId: 11965
2025-05-24 22:28:26,013 - INFO - ChamadoId 11965 processado e salvo no banco de dados.
2025-05-24 22:28:26,024 - INFO - Processando chamadoId: 11963
2025-05-24 22:28:26,045 - INFO - ChamadoId 11963 processado e salvo no banco de dados.
2025-05-24 22:28:26,055 - INFO - Processando chamadoId: 11961
2025-05-24 22:28:26,078 - INFO - ChamadoId 11961 processado e salvo no banco de dados.
2025-05-24 22:28:26,088 - INFO - Processando chamadoId: 11959
2025-05-24 22:28:26,107 - INFO - ChamadoId 11959 processado e salvo no banco de dados.
2025-05-24 22:28:26,119 - INFO - Processando chamadoId: 11958
2025-05-24 22:28:26,139 - INFO - ChamadoId 11958 processado e salvo no banco de dados.
2025-05-24 22:28:26,139 - INFO - Enviando 10 chamados para geracao de keywords
2025-05-24 22:28:26,839 - ERROR - Erro ao enviar lote para Flask: HTTPConnectionPool(host='localhost', port=8081): Max retries exceeded with url: /extrair-keywords (Caused by NewConnectionError('<urllib3.connection.HTTPConnection object at 0x000002336EF354F0>: Failed to establish a new connection: [WinError 10061] Nenhuma conexão pôde ser feita porque a máquina de destino as recusou ativamente'))
2025-05-24 22:28:26,839 - INFO - Enviando 10 chamados para análise de emoções no Flask.
2025-05-24 22:28:27,217 - ERROR - Erro ao enviar lote para Flask: HTTPConnectionPool(host='localhost', port=8080): Max retries exceeded with url: /prever (Caused by NewConnectionError('<urllib3.connection.HTTPConnection object at 0x000002327E4AE2A0>: Failed to establish a new connection: [WinError 10061] Nenhuma conexão pôde ser feita porque a máquina de destino as recusou ativamente'))
2025-05-24 22:28:27,229 - INFO - Processando chamadoId: 11974
2025-05-24 22:28:27,255 - INFO - ChamadoId 11974 processado e salvo no banco de dados.
2025-05-24 22:28:27,266 - INFO - Processando chamadoId: 11972
2025-05-24 22:28:27,291 - INFO - ChamadoId 11972 processado e salvo no banco de dados.
2025-05-24 22:28:27,302 - INFO - Processando chamadoId: 11970
2025-05-24 22:28:27,329 - INFO - ChamadoId 11970 processado e salvo no banco de dados.
2025-05-24 22:28:27,341 - INFO - Processando chamadoId: 11968
2025-05-24 22:28:27,362 - INFO - ChamadoId 11968 processado e salvo no banco de dados.
2025-05-24 22:28:27,374 - INFO - Processando chamadoId: 11967
2025-05-24 22:28:27,397 - INFO - ChamadoId 11967 processado e salvo no banco de dados.
2025-05-24 22:28:27,411 - INFO - Processando chamadoId: 11965
2025-05-24 22:28:27,439 - INFO - ChamadoId 11965 processado e salvo no banco de dados.
2025-05-24 22:28:27,451 - INFO - Processando chamadoId: 11963
2025-05-24 22:28:27,475 - INFO - ChamadoId 11963 processado e salvo no banco de dados.
2025-05-24 22:28:27,486 - INFO - Processando chamadoId: 11961
2025-05-24 22:28:27,510 - INFO - ChamadoId 11961 processado e salvo no banco de dados.
2025-05-24 22:28:27,524 - INFO - Processando chamadoId: 11959
2025-05-24 22:28:27,554 - INFO - ChamadoId 11959 processado e salvo no banco de dados.
2025-05-24 22:28:27,565 - INFO - Processando chamadoId: 11958
2025-05-24 22:28:27,593 - INFO - ChamadoId 11958 processado e salvo no banco de dados.
2025-05-24 22:28:27,593 - INFO - Enviando 10 chamados para geracao de keywords
2025-05-24 22:28:27,702 - ERROR - Erro ao enviar lote para Flask: HTTPConnectionPool(host='localhost', port=8081): Max retries exceeded with url: /extrair-keywords (Caused by NewConnectionError('<urllib3.connection.HTTPConnection object at 0x000002327E4AE120>: Failed to establish a new connection: [WinError 10061] Nenhuma conexão pôde ser feita porque a máquina de destino as recusou ativamente'))
2025-05-24 22:28:27,702 - INFO - Enviando 10 chamados para análise de emoções no Flask.
2025-05-24 22:28:28,393 - ERROR - Erro ao enviar lote para Flask: HTTPConnectionPool(host='localhost', port=8081): Max retries exceeded with url: /extrair-keywords (Caused by NewConnectionError('<urllib3.connection.HTTPConnection object at 0x000002336EC51F10>: Failed to establish a new connection: [WinError 10061] Nenhuma conexão pôde ser feita porque a máquina de destino as recusou ativamente'))
2025-05-24 22:28:28,393 - ERROR - Erro ao enviar lote para Flask: HTTPConnectionPool(host='localhost', port=8081): Max retries exceeded with url: /extrair-keywords (Caused by NewConnectionError('<urllib3.connection.HTTPConnection object at 0x000002336EC52C90>: Failed to establish a new connection: [WinError 10061] Nenhuma conexão pôde ser feita porque a máquina de destino as recusou ativamente'))
2025-05-24 22:28:28,394 - INFO - Enviando 10 chamados para análise de emoções no Flask.
2025-05-24 22:28:28,394 - INFO - Enviando 10 chamados para análise de emoções no Flask.
2025-05-24 22:28:28,626 - ERROR - Erro ao enviar lote para Flask: HTTPConnectionPool(host='localhost', port=8081): Max retries exceeded with url: /extrair-keywords (Caused by NewConnectionError('<urllib3.connection.HTTPConnection object at 0x000002327E4AD5E0>: Failed to establish a new connection: [WinError 10061] Nenhuma conexão pôde ser feita porque a máquina de destino as recusou ativamente'))
2025-05-24 22:28:28,627 - INFO - Enviando 10 chamados para análise de emoções no Flask.
2025-05-24 22:28:28,799 - ERROR - Erro ao enviar lote para Flask: HTTPConnectionPool(host='localhost', port=8081): Max retries exceeded with url: /extrair-keywords (Caused by NewConnectionError('<urllib3.connection.HTTPConnection object at 0x000002320772FAA0>: Failed to establish a new connection: [WinError 10061] Nenhuma conexão pôde ser feita porque a máquina de destino as recusou ativamente'))
2025-05-24 22:28:28,800 - INFO - Enviando 10 chamados para análise de emoções no Flask.
2025-05-24 22:28:28,883 - ERROR - Erro ao enviar lote para Flask: HTTPConnectionPool(host='localhost', port=8081): Max retries exceeded with url: /extrair-keywords (Caused by NewConnectionError('<urllib3.connection.HTTPConnection object at 0x000002336EC2D760>: Failed to establish a new connection: [WinError 10061] Nenhuma conexão pôde ser feita porque a máquina de destino as recusou ativamente'))
2025-05-24 22:28:28,884 - INFO - Enviando 10 chamados para análise de emoções no Flask.
2025-05-24 22:28:30,033 - ERROR - Erro ao enviar lote para Flask: HTTPConnectionPool(host='localhost', port=8081): Max retries exceeded with url: /extrair-keywords (Caused by NewConnectionError('<urllib3.connection.HTTPConnection object at 0x00000232087042C0>: Failed to establish a new connection: [WinError 10061] Nenhuma conexão pôde ser feita porque a máquina de destino as recusou ativamente'))
2025-05-24 22:28:30,034 - INFO - Enviando 10 chamados para análise de emoções no Flask.
2025-05-24 22:28:30,212 - ERROR - Erro ao enviar lote para Flask: HTTPConnectionPool(host='localhost', port=8081): Max retries exceeded with url: /extrair-keywords (Caused by NewConnectionError('<urllib3.connection.HTTPConnection object at 0x00000233D6AFF230>: Failed to establish a new connection: [WinError 10061] Nenhuma conexão pôde ser feita porque a máquina de destino as recusou ativamente'))
2025-05-24 22:28:30,213 - INFO - Enviando 10 chamados para análise de emoções no Flask.
2025-05-24 22:28:30,914 - ERROR - Erro ao enviar lote para Flask: HTTPConnectionPool(host='localhost', port=8080): Max retries exceeded with url: /prever (Caused by NewConnectionError('<urllib3.connection.HTTPConnection object at 0x0000023208707710>: Failed to establish a new connection: [WinError 10061] Nenhuma conexão pôde ser feita porque a máquina de destino as recusou ativamente'))
2025-05-24 22:28:30,925 - INFO - Processando chamadoId: 11957
2025-05-24 22:28:30,950 - INFO - ChamadoId 11957 processado e salvo no banco de dados.
2025-05-24 22:28:30,960 - INFO - Processando chamadoId: 11956
2025-05-24 22:28:30,981 - INFO - ChamadoId 11956 processado e salvo no banco de dados.
2025-05-24 22:28:30,992 - INFO - Processando chamadoId: 11955
2025-05-24 22:28:31,013 - INFO - ChamadoId 11955 processado e salvo no banco de dados.
2025-05-24 22:28:31,023 - INFO - Processando chamadoId: 11954
2025-05-24 22:28:31,045 - INFO - ChamadoId 11954 processado e salvo no banco de dados.
2025-05-24 22:28:31,055 - INFO - Processando chamadoId: 11952
2025-05-24 22:28:31,075 - INFO - ChamadoId 11952 processado e salvo no banco de dados.
2025-05-24 22:28:31,085 - INFO - Processando chamadoId: 11950
2025-05-24 22:28:31,099 - INFO - ChamadoId 11950 processado e salvo no banco de dados.
2025-05-24 22:28:31,111 - INFO - Processando chamadoId: 11948
2025-05-24 22:28:31,132 - INFO - ChamadoId 11948 processado e salvo no banco de dados.
2025-05-24 22:28:31,144 - INFO - Processando chamadoId: 11947
2025-05-24 22:28:31,169 - INFO - ChamadoId 11947 processado e salvo no banco de dados.
2025-05-24 22:28:31,179 - INFO - Processando chamadoId: 11945
2025-05-24 22:28:31,200 - INFO - ChamadoId 11945 processado e salvo no banco de dados.
2025-05-24 22:28:31,211 - INFO - Processando chamadoId: 11944
2025-05-24 22:28:31,232 - INFO - ChamadoId 11944 processado e salvo no banco de dados.
2025-05-24 22:28:31,233 - INFO - Enviando 10 chamados para geracao de keywords
2025-05-24 22:28:31,693 - ERROR - Erro ao enviar lote para Flask: HTTPConnectionPool(host='localhost', port=8081): Max retries exceeded with url: /extrair-keywords (Caused by NewConnectionError('<urllib3.connection.HTTPConnection object at 0x000002327E4ACCE0>: Failed to establish a new connection: [WinError 10061] Nenhuma conexão pôde ser feita porque a máquina de destino as recusou ativamente'))
2025-05-24 22:28:31,694 - INFO - Enviando 10 chamados para análise de emoções no Flask.
2025-05-24 22:28:31,778 - ERROR - Erro ao enviar lote para Flask: HTTPConnectionPool(host='localhost', port=8080): Max retries exceeded with url: /prever (Caused by NewConnectionError('<urllib3.connection.HTTPConnection object at 0x000002336EF36840>: Failed to establish a new connection: [WinError 10061] Nenhuma conexão pôde ser feita porque a máquina de destino as recusou ativamente'))
2025-05-24 22:28:31,790 - INFO - Processando chamadoId: 11974
2025-05-24 22:28:31,816 - INFO - ChamadoId 11974 processado e salvo no banco de dados.
2025-05-24 22:28:31,828 - INFO - Processando chamadoId: 11972
2025-05-24 22:28:31,852 - INFO - ChamadoId 11972 processado e salvo no banco de dados.
2025-05-24 22:28:31,863 - INFO - Processando chamadoId: 11970
2025-05-24 22:28:31,887 - INFO - ChamadoId 11970 processado e salvo no banco de dados.
2025-05-24 22:28:31,899 - INFO - Processando chamadoId: 11968
2025-05-24 22:28:31,919 - INFO - ChamadoId 11968 processado e salvo no banco de dados.
2025-05-24 22:28:31,931 - INFO - Processando chamadoId: 11967
2025-05-24 22:28:31,956 - INFO - ChamadoId 11967 processado e salvo no banco de dados.
2025-05-24 22:28:31,968 - INFO - Processando chamadoId: 11965
2025-05-24 22:28:31,992 - INFO - ChamadoId 11965 processado e salvo no banco de dados.
2025-05-24 22:28:32,001 - INFO - Processando chamadoId: 11963
2025-05-24 22:28:32,024 - INFO - ChamadoId 11963 processado e salvo no banco de dados.
2025-05-24 22:28:32,035 - INFO - Processando chamadoId: 11961
2025-05-24 22:28:32,057 - INFO - ChamadoId 11961 processado e salvo no banco de dados.
2025-05-24 22:28:32,069 - INFO - Processando chamadoId: 11959
2025-05-24 22:28:32,089 - INFO - ChamadoId 11959 processado e salvo no banco de dados.
2025-05-24 22:28:32,100 - INFO - Processando chamadoId: 11958
2025-05-24 22:28:32,121 - INFO - ChamadoId 11958 processado e salvo no banco de dados.
2025-05-24 22:28:32,121 - INFO - Enviando 10 chamados para geracao de keywords
2025-05-24 22:28:32,446 - ERROR - Erro ao enviar lote para Flask: HTTPConnectionPool(host='localhost', port=8080): Max retries exceeded with url: /prever (Caused by NewConnectionError('<urllib3.connection.HTTPConnection object at 0x000002327F815C70>: Failed to establish a new connection: [WinError 10061] Nenhuma conexão pôde ser feita porque a máquina de destino as recusou ativamente'))
2025-05-24 22:28:32,447 - ERROR - Erro ao enviar lote para Flask: HTTPConnectionPool(host='localhost', port=8080): Max retries exceeded with url: /prever (Caused by NewConnectionError('<urllib3.connection.HTTPConnection object at 0x000002327F816C00>: Failed to establish a new connection: [WinError 10061] Nenhuma conexão pôde ser feita porque a máquina de destino as recusou ativamente'))
2025-05-24 22:28:32,457 - INFO - Processando chamadoId: 11974
2025-05-24 22:28:32,458 - INFO - Processando chamadoId: 11957
2025-05-24 22:28:32,484 - INFO - ChamadoId 11957 processado e salvo no banco de dados.
2025-05-24 22:28:32,489 - INFO - ChamadoId 11974 processado e salvo no banco de dados.
2025-05-24 22:28:32,495 - INFO - Processando chamadoId: 11956
2025-05-24 22:28:32,499 - INFO - Processando chamadoId: 11972
2025-05-24 22:28:32,518 - INFO - ChamadoId 11956 processado e salvo no banco de dados.
2025-05-24 22:28:32,525 - INFO - ChamadoId 11972 processado e salvo no banco de dados.
2025-05-24 22:28:32,529 - INFO - Processando chamadoId: 11955
2025-05-24 22:28:32,536 - INFO - Processando chamadoId: 11970
2025-05-24 22:28:32,551 - INFO - ChamadoId 11955 processado e salvo no banco de dados.
2025-05-24 22:28:32,560 - INFO - ChamadoId 11970 processado e salvo no banco de dados.
2025-05-24 22:28:32,560 - INFO - Processando chamadoId: 11954
2025-05-24 22:28:32,570 - INFO - Processando chamadoId: 11968
2025-05-24 22:28:32,581 - INFO - ChamadoId 11954 processado e salvo no banco de dados.
2025-05-24 22:28:32,594 - INFO - Processando chamadoId: 11952
2025-05-24 22:28:32,598 - INFO - ChamadoId 11968 processado e salvo no banco de dados.
2025-05-24 22:28:32,609 - INFO - Processando chamadoId: 11967
2025-05-24 22:28:32,618 - INFO - ChamadoId 11952 processado e salvo no banco de dados.
2025-05-24 22:28:32,630 - INFO - Processando chamadoId: 11950
2025-05-24 22:28:32,635 - INFO - ChamadoId 11967 processado e salvo no banco de dados.
2025-05-24 22:28:32,642 - INFO - ChamadoId 11950 processado e salvo no banco de dados.
2025-05-24 22:28:32,647 - INFO - Processando chamadoId: 11965
2025-05-24 22:28:32,654 - INFO - Processando chamadoId: 11948
2025-05-24 22:28:32,675 - INFO - ChamadoId 11965 processado e salvo no banco de dados.
2025-05-24 22:28:32,675 - INFO - ChamadoId 11948 processado e salvo no banco de dados.
2025-05-24 22:28:32,686 - INFO - Processando chamadoId: 11963
2025-05-24 22:28:32,687 - INFO - Processando chamadoId: 11947
2025-05-24 22:28:32,702 - ERROR - Erro ao enviar lote para Flask: HTTPConnectionPool(host='localhost', port=8080): Max retries exceeded with url: /prever (Caused by NewConnectionError('<urllib3.connection.HTTPConnection object at 0x000002327F816240>: Failed to establish a new connection: [WinError 10061] Nenhuma conexão pôde ser feita porque a máquina de destino as recusou ativamente'))
2025-05-24 22:28:32,716 - INFO - Processando chamadoId: 11974
2025-05-24 22:28:32,718 - INFO - ChamadoId 11947 processado e salvo no banco de dados.
2025-05-24 22:28:32,718 - INFO - ChamadoId 11963 processado e salvo no banco de dados.
2025-05-24 22:28:32,730 - INFO - Processando chamadoId: 11945
2025-05-24 22:28:32,730 - INFO - Processando chamadoId: 11961
2025-05-24 22:28:32,742 - INFO - ChamadoId 11974 processado e salvo no banco de dados.
2025-05-24 22:28:32,755 - INFO - Processando chamadoId: 11972
2025-05-24 22:28:32,761 - INFO - ChamadoId 11945 processado e salvo no banco de dados.
2025-05-24 22:28:32,765 - INFO - ChamadoId 11961 processado e salvo no banco de dados.
2025-05-24 22:28:32,773 - INFO - Processando chamadoId: 11944
2025-05-24 22:28:32,776 - INFO - Processando chamadoId: 11959
2025-05-24 22:28:32,779 - INFO - ChamadoId 11972 processado e salvo no banco de dados.
2025-05-24 22:28:32,792 - INFO - Processando chamadoId: 11970
2025-05-24 22:28:32,800 - INFO - ChamadoId 11959 processado e salvo no banco de dados.
2025-05-24 22:28:32,800 - INFO - ChamadoId 11944 processado e salvo no banco de dados.
2025-05-24 22:28:32,801 - INFO - Enviando 10 chamados para geracao de keywords
2025-05-24 22:28:32,811 - INFO - Processando chamadoId: 11958
2025-05-24 22:28:32,817 - INFO - ChamadoId 11970 processado e salvo no banco de dados.
2025-05-24 22:28:32,831 - INFO - ChamadoId 11958 processado e salvo no banco de dados.
2025-05-24 22:28:32,831 - INFO - Processando chamadoId: 11968
2025-05-24 22:28:32,831 - INFO - Enviando 10 chamados para geracao de keywords
2025-05-24 22:28:32,852 - INFO - ChamadoId 11968 processado e salvo no banco de dados.
2025-05-24 22:28:32,864 - INFO - Processando chamadoId: 11967
2025-05-24 22:28:32,888 - INFO - ChamadoId 11967 processado e salvo no banco de dados.
2025-05-24 22:28:32,893 - ERROR - Erro ao enviar lote para Flask: HTTPConnectionPool(host='localhost', port=8080): Max retries exceeded with url: /prever (Caused by NewConnectionError('<urllib3.connection.HTTPConnection object at 0x000002320772F440>: Failed to establish a new connection: [WinError 10061] Nenhuma conexão pôde ser feita porque a máquina de destino as recusou ativamente'))
2025-05-24 22:28:32,900 - INFO - Processando chamadoId: 11965
2025-05-24 22:28:32,904 - INFO - Processando chamadoId: 11957
2025-05-24 22:28:32,931 - ERROR - Erro ao enviar lote para Flask: HTTPConnectionPool(host='localhost', port=8080): Max retries exceeded with url: /prever (Caused by NewConnectionError('<urllib3.connection.HTTPConnection object at 0x0000023404EE3E00>: Failed to establish a new connection: [WinError 10061] Nenhuma conexão pôde ser feita porque a máquina de destino as recusou ativamente'))
2025-05-24 22:28:32,932 - INFO - ChamadoId 11965 processado e salvo no banco de dados.
2025-05-24 22:28:32,932 - INFO - ChamadoId 11957 processado e salvo no banco de dados.
2025-05-24 22:28:32,943 - INFO - Processando chamadoId: 11963
2025-05-24 22:28:32,943 - INFO - Processando chamadoId: 11956
2025-05-24 22:28:32,945 - INFO - Processando chamadoId: 11974
2025-05-24 22:28:32,974 - INFO - ChamadoId 11956 processado e salvo no banco de dados.
2025-05-24 22:28:32,987 - INFO - Processando chamadoId: 11955
2025-05-24 22:28:32,987 - INFO - ChamadoId 11963 processado e salvo no banco de dados.
2025-05-24 22:28:32,990 - INFO - ChamadoId 11974 processado e salvo no banco de dados.
2025-05-24 22:28:33,000 - INFO - Processando chamadoId: 11961
2025-05-24 22:28:33,004 - INFO - Processando chamadoId: 11972
2025-05-24 22:28:33,090 - INFO - ChamadoId 11955 processado e salvo no banco de dados.
2025-05-24 22:28:33,090 - INFO - ChamadoId 11972 processado e salvo no banco de dados.
2025-05-24 22:28:33,090 - INFO - ChamadoId 11961 processado e salvo no banco de dados.
2025-05-24 22:28:33,103 - INFO - Processando chamadoId: 11954
2025-05-24 22:28:33,105 - INFO - Processando chamadoId: 11959
2025-05-24 22:28:33,106 - INFO - Processando chamadoId: 11970
2025-05-24 22:28:33,136 - INFO - ChamadoId 11959 processado e salvo no banco de dados.
2025-05-24 22:28:33,140 - INFO - ChamadoId 11954 processado e salvo no banco de dados.
2025-05-24 22:28:33,146 - INFO - Processando chamadoId: 11958
2025-05-24 22:28:33,146 - INFO - ChamadoId 11970 processado e salvo no banco de dados.
2025-05-24 22:28:33,153 - INFO - Processando chamadoId: 11952
2025-05-24 22:28:33,160 - INFO - Processando chamadoId: 11968
2025-05-24 22:28:33,169 - INFO - ChamadoId 11958 processado e salvo no banco de dados.
2025-05-24 22:28:33,170 - INFO - Enviando 10 chamados para geracao de keywords
2025-05-24 22:28:33,177 - INFO - ChamadoId 11952 processado e salvo no banco de dados.
2025-05-24 22:28:33,182 - INFO - ChamadoId 11968 processado e salvo no banco de dados.
2025-05-24 22:28:33,189 - INFO - Processando chamadoId: 11950
2025-05-24 22:28:33,196 - INFO - Processando chamadoId: 11967
2025-05-24 22:28:33,202 - INFO - ChamadoId 11950 processado e salvo no banco de dados.
2025-05-24 22:28:33,215 - INFO - Processando chamadoId: 11948
2025-05-24 22:28:33,221 - INFO - ChamadoId 11967 processado e salvo no banco de dados.
2025-05-24 22:28:33,233 - INFO - Processando chamadoId: 11965
2025-05-24 22:28:33,235 - INFO - ChamadoId 11948 processado e salvo no banco de dados.
2025-05-24 22:28:33,247 - INFO - Processando chamadoId: 11947
2025-05-24 22:28:33,258 - INFO - ChamadoId 11965 processado e salvo no banco de dados.
2025-05-24 22:28:33,269 - INFO - ChamadoId 11947 processado e salvo no banco de dados.
2025-05-24 22:28:33,270 - INFO - Processando chamadoId: 11963
2025-05-24 22:28:33,280 - INFO - Processando chamadoId: 11945
2025-05-24 22:28:33,301 - INFO - ChamadoId 11963 processado e salvo no banco de dados.
2025-05-24 22:28:33,302 - INFO - ChamadoId 11945 processado e salvo no banco de dados.
2025-05-24 22:28:33,318 - INFO - Processando chamadoId: 11944
2025-05-24 22:28:33,321 - INFO - Processando chamadoId: 11961
2025-05-24 22:28:33,342 - INFO - ChamadoId 11944 processado e salvo no banco de dados.
2025-05-24 22:28:33,342 - INFO - Enviando 10 chamados para geracao de keywords
2025-05-24 22:28:33,349 - INFO - ChamadoId 11961 processado e salvo no banco de dados.
2025-05-24 22:28:33,361 - INFO - Processando chamadoId: 11959
2025-05-24 22:28:33,380 - INFO - ChamadoId 11959 processado e salvo no banco de dados.
2025-05-24 22:28:33,394 - INFO - Processando chamadoId: 11958
2025-05-24 22:28:33,416 - INFO - ChamadoId 11958 processado e salvo no banco de dados.
2025-05-24 22:28:33,416 - INFO - Enviando 10 chamados para geracao de keywords
2025-05-24 22:28:34,110 - ERROR - Erro ao enviar lote para Flask: HTTPConnectionPool(host='localhost', port=8080): Max retries exceeded with url: /prever (Caused by NewConnectionError('<urllib3.connection.HTTPConnection object at 0x000002327E4AF590>: Failed to establish a new connection: [WinError 10061] Nenhuma conexão pôde ser feita porque a máquina de destino as recusou ativamente'))
2025-05-24 22:28:34,122 - INFO - Processando chamadoId: 11957
2025-05-24 22:28:34,144 - INFO - ChamadoId 11957 processado e salvo no banco de dados.
2025-05-24 22:28:34,156 - INFO - Processando chamadoId: 11956
2025-05-24 22:28:34,174 - INFO - ChamadoId 11956 processado e salvo no banco de dados.
2025-05-24 22:28:34,185 - INFO - Processando chamadoId: 11955
2025-05-24 22:28:34,203 - INFO - ChamadoId 11955 processado e salvo no banco de dados.
2025-05-24 22:28:34,215 - INFO - Processando chamadoId: 11954
2025-05-24 22:28:34,233 - INFO - ChamadoId 11954 processado e salvo no banco de dados.
2025-05-24 22:28:34,245 - INFO - Processando chamadoId: 11952
2025-05-24 22:28:34,263 - INFO - ChamadoId 11952 processado e salvo no banco de dados.
2025-05-24 22:28:34,265 - ERROR - Erro ao enviar lote para Flask: HTTPConnectionPool(host='localhost', port=8080): Max retries exceeded with url: /prever (Caused by NewConnectionError('<urllib3.connection.HTTPConnection object at 0x000002327E4AFEC0>: Failed to establish a new connection: [WinError 10061] Nenhuma conexão pôde ser feita porque a máquina de destino as recusou ativamente'))
2025-05-24 22:28:34,274 - INFO - Processando chamadoId: 11950
2025-05-24 22:28:34,274 - INFO - Processando chamadoId: 11957
2025-05-24 22:28:34,285 - INFO - ChamadoId 11950 processado e salvo no banco de dados.
2025-05-24 22:28:34,294 - INFO - ChamadoId 11957 processado e salvo no banco de dados.
2025-05-24 22:28:34,294 - INFO - Processando chamadoId: 11948
2025-05-24 22:28:34,306 - INFO - Processando chamadoId: 11956
2025-05-24 22:28:34,312 - INFO - ChamadoId 11948 processado e salvo no banco de dados.
2025-05-24 22:28:34,322 - INFO - ChamadoId 11956 processado e salvo no banco de dados.
2025-05-24 22:28:34,322 - INFO - Processando chamadoId: 11947
2025-05-24 22:28:34,332 - INFO - Processando chamadoId: 11955
2025-05-24 22:28:34,343 - INFO - ChamadoId 11947 processado e salvo no banco de dados.
2025-05-24 22:28:34,350 - INFO - Processando chamadoId: 11945
2025-05-24 22:28:34,350 - INFO - ChamadoId 11955 processado e salvo no banco de dados.
2025-05-24 22:28:34,362 - INFO - Processando chamadoId: 11954
2025-05-24 22:28:34,372 - INFO - ChamadoId 11945 processado e salvo no banco de dados.
2025-05-24 22:28:34,384 - INFO - Processando chamadoId: 11944
2025-05-24 22:28:34,388 - INFO - ChamadoId 11954 processado e salvo no banco de dados.
2025-05-24 22:28:34,399 - INFO - Processando chamadoId: 11952
2025-05-24 22:28:34,403 - INFO - ChamadoId 11944 processado e salvo no banco de dados.
2025-05-24 22:28:34,404 - INFO - Enviando 10 chamados para geracao de keywords
2025-05-24 22:28:34,419 - INFO - ChamadoId 11952 processado e salvo no banco de dados.
2025-05-24 22:28:34,428 - INFO - Processando chamadoId: 11950
2025-05-24 22:28:34,439 - INFO - ChamadoId 11950 processado e salvo no banco de dados.
2025-05-24 22:28:34,449 - INFO - Processando chamadoId: 11948
2025-05-24 22:28:34,466 - INFO - ChamadoId 11948 processado e salvo no banco de dados.
2025-05-24 22:28:34,476 - INFO - Processando chamadoId: 11947
2025-05-24 22:28:34,496 - INFO - ChamadoId 11947 processado e salvo no banco de dados.
2025-05-24 22:28:34,508 - INFO - Processando chamadoId: 11945
2025-05-24 22:28:34,527 - INFO - ChamadoId 11945 processado e salvo no banco de dados.
2025-05-24 22:28:34,538 - INFO - Processando chamadoId: 11944
2025-05-24 22:28:34,556 - INFO - ChamadoId 11944 processado e salvo no banco de dados.
2025-05-24 22:28:34,556 - INFO - Enviando 10 chamados para geracao de keywords
2025-05-24 22:28:35,317 - ERROR - Erro ao enviar lote para Flask: HTTPConnectionPool(host='localhost', port=8081): Max retries exceeded with url: /extrair-keywords (Caused by NewConnectionError('<urllib3.connection.HTTPConnection object at 0x000002327F8167E0>: Failed to establish a new connection: [WinError 10061] Nenhuma conexão pôde ser feita porque a máquina de destino as recusou ativamente'))
2025-05-24 22:28:35,318 - INFO - Enviando 10 chamados para análise de emoções no Flask.
2025-05-24 22:28:35,755 - ERROR - Erro ao enviar lote para Flask: HTTPConnectionPool(host='localhost', port=8080): Max retries exceeded with url: /prever (Caused by NewConnectionError('<urllib3.connection.HTTPConnection object at 0x000002327E4AE000>: Failed to establish a new connection: [WinError 10061] Nenhuma conexão pôde ser feita porque a máquina de destino as recusou ativamente'))
2025-05-24 22:28:35,769 - INFO - Processando chamadoId: 11957
2025-05-24 22:28:35,793 - INFO - ChamadoId 11957 processado e salvo no banco de dados.
2025-05-24 22:28:35,804 - INFO - Processando chamadoId: 11956
2025-05-24 22:28:35,822 - INFO - ChamadoId 11956 processado e salvo no banco de dados.
2025-05-24 22:28:35,834 - INFO - Processando chamadoId: 11955
2025-05-24 22:28:35,852 - INFO - ChamadoId 11955 processado e salvo no banco de dados.
2025-05-24 22:28:35,864 - INFO - Processando chamadoId: 11954
2025-05-24 22:28:35,884 - INFO - ChamadoId 11954 processado e salvo no banco de dados.
2025-05-24 22:28:35,895 - INFO - Processando chamadoId: 11952
2025-05-24 22:28:35,913 - INFO - ChamadoId 11952 processado e salvo no banco de dados.
2025-05-24 22:28:35,925 - INFO - Processando chamadoId: 11950
2025-05-24 22:28:35,937 - INFO - ChamadoId 11950 processado e salvo no banco de dados.
2025-05-24 22:28:35,949 - INFO - Processando chamadoId: 11948
2025-05-24 22:28:35,967 - INFO - ChamadoId 11948 processado e salvo no banco de dados.
2025-05-24 22:28:35,978 - INFO - Processando chamadoId: 11947
2025-05-24 22:28:35,999 - INFO - ChamadoId 11947 processado e salvo no banco de dados.
2025-05-24 22:28:36,010 - INFO - Processando chamadoId: 11945
2025-05-24 22:28:36,030 - INFO - ChamadoId 11945 processado e salvo no banco de dados.
2025-05-24 22:28:36,042 - INFO - Processando chamadoId: 11944
2025-05-24 22:28:36,062 - INFO - ChamadoId 11944 processado e salvo no banco de dados.
2025-05-24 22:28:36,062 - INFO - Enviando 10 chamados para geracao de keywords
2025-05-24 22:28:36,192 - ERROR - Erro ao enviar lote para Flask: HTTPConnectionPool(host='localhost', port=8081): Max retries exceeded with url: /extrair-keywords (Caused by NewConnectionError('<urllib3.connection.HTTPConnection object at 0x000002336EC50410>: Failed to establish a new connection: [WinError 10061] Nenhuma conexão pôde ser feita porque a máquina de destino as recusou ativamente'))
2025-05-24 22:28:36,193 - INFO - Enviando 10 chamados para análise de emoções no Flask.
2025-05-24 22:28:36,899 - ERROR - Erro ao enviar lote para Flask: HTTPConnectionPool(host='localhost', port=8081): Max retries exceeded with url: /extrair-keywords (Caused by NewConnectionError('<urllib3.connection.HTTPConnection object at 0x000002320B9FE990>: Failed to establish a new connection: [WinError 10061] Nenhuma conexão pôde ser feita porque a máquina de destino as recusou ativamente'))
2025-05-24 22:28:36,900 - INFO - Enviando 10 chamados para análise de emoções no Flask.
2025-05-24 22:28:36,937 - ERROR - Erro ao enviar lote para Flask: HTTPConnectionPool(host='localhost', port=8081): Max retries exceeded with url: /extrair-keywords (Caused by NewConnectionError('<urllib3.connection.HTTPConnection object at 0x0000023208192C90>: Failed to establish a new connection: [WinError 10061] Nenhuma conexão pôde ser feita porque a máquina de destino as recusou ativamente'))
2025-05-24 22:28:36,938 - INFO - Enviando 10 chamados para análise de emoções no Flask.
2025-05-24 22:28:37,261 - ERROR - Erro ao enviar lote para Flask: HTTPConnectionPool(host='localhost', port=8081): Max retries exceeded with url: /extrair-keywords (Caused by NewConnectionError('<urllib3.connection.HTTPConnection object at 0x000002327F8160C0>: Failed to establish a new connection: [WinError 10061] Nenhuma conexão pôde ser feita porque a máquina de destino as recusou ativamente'))
2025-05-24 22:28:37,262 - INFO - Enviando 10 chamados para análise de emoções no Flask.
2025-05-24 22:28:37,439 - ERROR - Erro ao enviar lote para Flask: HTTPConnectionPool(host='localhost', port=8081): Max retries exceeded with url: /extrair-keywords (Caused by NewConnectionError('<urllib3.connection.HTTPConnection object at 0x000002320772F3B0>: Failed to establish a new connection: [WinError 10061] Nenhuma conexão pôde ser feita porque a máquina de destino as recusou ativamente'))
2025-05-24 22:28:37,440 - INFO - Enviando 10 chamados para análise de emoções no Flask.
2025-05-24 22:28:37,511 - ERROR - Erro ao enviar lote para Flask: HTTPConnectionPool(host='localhost', port=8081): Max retries exceeded with url: /extrair-keywords (Caused by NewConnectionError('<urllib3.connection.HTTPConnection object at 0x000002320772EE10>: Failed to establish a new connection: [WinError 10061] Nenhuma conexão pôde ser feita porque a máquina de destino as recusou ativamente'))
2025-05-24 22:28:37,512 - INFO - Enviando 10 chamados para análise de emoções no Flask.
2025-05-24 22:28:38,464 - ERROR - Erro ao enviar lote para Flask: HTTPConnectionPool(host='localhost', port=8081): Max retries exceeded with url: /extrair-keywords (Caused by NewConnectionError('<urllib3.connection.HTTPConnection object at 0x000002327F81D6A0>: Failed to establish a new connection: [WinError 10061] Nenhuma conexão pôde ser feita porque a máquina de destino as recusou ativamente'))
2025-05-24 22:28:38,465 - INFO - Enviando 10 chamados para análise de emoções no Flask.
2025-05-24 22:28:38,654 - ERROR - Erro ao enviar lote para Flask: HTTPConnectionPool(host='localhost', port=8081): Max retries exceeded with url: /extrair-keywords (Caused by NewConnectionError('<urllib3.connection.HTTPConnection object at 0x000002327E4AFC20>: Failed to establish a new connection: [WinError 10061] Nenhuma conexão pôde ser feita porque a máquina de destino as recusou ativamente'))
2025-05-24 22:28:38,655 - INFO - Enviando 10 chamados para análise de emoções no Flask.
2025-05-24 22:28:39,407 - ERROR - Erro ao enviar lote para Flask: HTTPConnectionPool(host='localhost', port=8080): Max retries exceeded with url: /prever (Caused by NewConnectionError('<urllib3.connection.HTTPConnection object at 0x0000023208707800>: Failed to establish a new connection: [WinError 10061] Nenhuma conexão pôde ser feita porque a máquina de destino as recusou ativamente'))
2025-05-24 22:28:39,417 - INFO - Processando chamadoId: 11943
2025-05-24 22:28:39,449 - INFO - ChamadoId 11943 processado e salvo no banco de dados.
2025-05-24 22:28:39,460 - INFO - Processando chamadoId: 11941
2025-05-24 22:28:39,500 - INFO - ChamadoId 11941 processado e salvo no banco de dados.
2025-05-24 22:28:39,513 - INFO - Processando chamadoId: 11939
2025-05-24 22:28:39,541 - INFO - ChamadoId 11939 processado e salvo no banco de dados.
2025-05-24 22:28:39,551 - INFO - Processando chamadoId: 11935
2025-05-24 22:28:39,573 - INFO - ChamadoId 11935 processado e salvo no banco de dados.
2025-05-24 22:28:39,583 - INFO - Processando chamadoId: 11934
2025-05-24 22:28:39,602 - INFO - ChamadoId 11934 processado e salvo no banco de dados.
2025-05-24 22:28:39,613 - INFO - Processando chamadoId: 11933
2025-05-24 22:28:39,633 - INFO - ChamadoId 11933 processado e salvo no banco de dados.
2025-05-24 22:28:39,644 - INFO - Processando chamadoId: 11932
2025-05-24 22:28:39,666 - INFO - ChamadoId 11932 processado e salvo no banco de dados.
2025-05-24 22:28:39,676 - INFO - Processando chamadoId: 11931
2025-05-24 22:28:39,704 - INFO - ChamadoId 11931 processado e salvo no banco de dados.
2025-05-24 22:28:39,714 - INFO - Processando chamadoId: 11929
2025-05-24 22:28:39,741 - INFO - ChamadoId 11929 processado e salvo no banco de dados.
2025-05-24 22:28:39,751 - INFO - Processando chamadoId: 11927
2025-05-24 22:28:39,772 - INFO - ChamadoId 11927 processado e salvo no banco de dados.
2025-05-24 22:28:39,773 - INFO - Enviando 10 chamados para geracao de keywords
2025-05-24 22:28:40,153 - ERROR - Erro ao enviar lote para Flask: HTTPConnectionPool(host='localhost', port=8081): Max retries exceeded with url: /extrair-keywords (Caused by NewConnectionError('<urllib3.connection.HTTPConnection object at 0x000002327F8171D0>: Failed to establish a new connection: [WinError 10061] Nenhuma conexão pôde ser feita porque a máquina de destino as recusou ativamente'))
2025-05-24 22:28:40,154 - INFO - Enviando 10 chamados para análise de emoções no Flask.
2025-05-24 22:28:40,257 - ERROR - Erro ao enviar lote para Flask: HTTPConnectionPool(host='localhost', port=8080): Max retries exceeded with url: /prever (Caused by NewConnectionError('<urllib3.connection.HTTPConnection object at 0x0000023207791040>: Failed to establish a new connection: [WinError 10061] Nenhuma conexão pôde ser feita porque a máquina de destino as recusou ativamente'))
2025-05-24 22:28:40,270 - INFO - Processando chamadoId: 11957
2025-05-24 22:28:40,299 - INFO - ChamadoId 11957 processado e salvo no banco de dados.
2025-05-24 22:28:40,310 - INFO - Processando chamadoId: 11956
2025-05-24 22:28:40,330 - INFO - ChamadoId 11956 processado e salvo no banco de dados.
2025-05-24 22:28:40,342 - INFO - Processando chamadoId: 11955
2025-05-24 22:28:40,362 - INFO - ChamadoId 11955 processado e salvo no banco de dados.
2025-05-24 22:28:40,373 - INFO - Processando chamadoId: 11954
2025-05-24 22:28:40,393 - INFO - ChamadoId 11954 processado e salvo no banco de dados.
2025-05-24 22:28:40,405 - INFO - Processando chamadoId: 11952
2025-05-24 22:28:40,431 - INFO - ChamadoId 11952 processado e salvo no banco de dados.
2025-05-24 22:28:40,443 - INFO - Processando chamadoId: 11950
2025-05-24 22:28:40,455 - INFO - ChamadoId 11950 processado e salvo no banco de dados.
2025-05-24 22:28:40,467 - INFO - Processando chamadoId: 11948
2025-05-24 22:28:40,487 - INFO - ChamadoId 11948 processado e salvo no banco de dados.
2025-05-24 22:28:40,499 - INFO - Processando chamadoId: 11947
2025-05-24 22:28:40,518 - INFO - ChamadoId 11947 processado e salvo no banco de dados.
2025-05-24 22:28:40,530 - INFO - Processando chamadoId: 11945
2025-05-24 22:28:40,548 - INFO - ChamadoId 11945 processado e salvo no banco de dados.
2025-05-24 22:28:40,559 - INFO - Processando chamadoId: 11944
2025-05-24 22:28:40,578 - INFO - ChamadoId 11944 processado e salvo no banco de dados.
2025-05-24 22:28:40,578 - INFO - Enviando 10 chamados para geracao de keywords
2025-05-24 22:28:40,955 - ERROR - Erro ao enviar lote para Flask: HTTPConnectionPool(host='localhost', port=8080): Max retries exceeded with url: /prever (Caused by NewConnectionError('<urllib3.connection.HTTPConnection object at 0x0000023207793BF0>: Failed to establish a new connection: [WinError 10061] Nenhuma conexão pôde ser feita porque a máquina de destino as recusou ativamente'))
2025-05-24 22:28:40,967 - INFO - Processando chamadoId: 11943
2025-05-24 22:28:40,978 - ERROR - Erro ao enviar lote para Flask: HTTPConnectionPool(host='localhost', port=8080): Max retries exceeded with url: /prever (Caused by NewConnectionError('<urllib3.connection.HTTPConnection object at 0x000002320B9FF620>: Failed to establish a new connection: [WinError 10061] Nenhuma conexão pôde ser feita porque a máquina de destino as recusou ativamente'))
2025-05-24 22:28:40,989 - INFO - Processando chamadoId: 11957
2025-05-24 22:28:40,995 - INFO - ChamadoId 11943 processado e salvo no banco de dados.
2025-05-24 22:28:41,008 - INFO - Processando chamadoId: 11941
2025-05-24 22:28:41,008 - INFO - ChamadoId 11957 processado e salvo no banco de dados.
2025-05-24 22:28:41,020 - INFO - Processando chamadoId: 11956
2025-05-24 22:28:41,038 - INFO - ChamadoId 11941 processado e salvo no banco de dados.
2025-05-24 22:28:41,038 - INFO - ChamadoId 11956 processado e salvo no banco de dados.
2025-05-24 22:28:41,050 - INFO - Processando chamadoId: 11955
2025-05-24 22:28:41,051 - INFO - Processando chamadoId: 11939
2025-05-24 22:28:41,074 - INFO - ChamadoId 11955 processado e salvo no banco de dados.
2025-05-24 22:28:41,081 - INFO - ChamadoId 11939 processado e salvo no banco de dados.
2025-05-24 22:28:41,084 - INFO - Processando chamadoId: 11954
2025-05-24 22:28:41,093 - INFO - Processando chamadoId: 11935
2025-05-24 22:28:41,102 - INFO - ChamadoId 11954 processado e salvo no banco de dados.
2025-05-24 22:28:41,111 - INFO - ChamadoId 11935 processado e salvo no banco de dados.
2025-05-24 22:28:41,112 - INFO - Processando chamadoId: 11952
2025-05-24 22:28:41,123 - INFO - Processando chamadoId: 11934
2025-05-24 22:28:41,128 - INFO - ChamadoId 11952 processado e salvo no banco de dados.
2025-05-24 22:28:41,139 - INFO - Processando chamadoId: 11950
2025-05-24 22:28:41,142 - INFO - ChamadoId 11934 processado e salvo no banco de dados.
2025-05-24 22:28:41,150 - INFO - ChamadoId 11950 processado e salvo no banco de dados.
2025-05-24 22:28:41,152 - INFO - Processando chamadoId: 11933
2025-05-24 22:28:41,161 - INFO - Processando chamadoId: 11948
2025-05-24 22:28:41,170 - INFO - ChamadoId 11933 processado e salvo no banco de dados.
2025-05-24 22:28:41,180 - INFO - ChamadoId 11948 processado e salvo no banco de dados.
2025-05-24 22:28:41,181 - INFO - Processando chamadoId: 11932
2025-05-24 22:28:41,191 - INFO - Processando chamadoId: 11947
2025-05-24 22:28:41,199 - INFO - ChamadoId 11932 processado e salvo no banco de dados.
2025-05-24 22:28:41,210 - INFO - ChamadoId 11947 processado e salvo no banco de dados.
2025-05-24 22:28:41,210 - INFO - Processando chamadoId: 11931
2025-05-24 22:28:41,220 - INFO - Processando chamadoId: 11945
2025-05-24 22:28:41,235 - INFO - ChamadoId 11931 processado e salvo no banco de dados.
2025-05-24 22:28:41,239 - INFO - ChamadoId 11945 processado e salvo no banco de dados.
2025-05-24 22:28:41,247 - INFO - Processando chamadoId: 11929
2025-05-24 22:28:41,249 - INFO - Processando chamadoId: 11944
2025-05-24 22:28:41,270 - INFO - ChamadoId 11944 processado e salvo no banco de dados.
2025-05-24 22:28:41,271 - INFO - Enviando 10 chamados para geracao de keywords
2025-05-24 22:28:41,279 - INFO - ChamadoId 11929 processado e salvo no banco de dados.
2025-05-24 22:28:41,285 - ERROR - Erro ao enviar lote para Flask: HTTPConnectionPool(host='localhost', port=8080): Max retries exceeded with url: /prever (Caused by NewConnectionError('<urllib3.connection.HTTPConnection object at 0x000002327E4AE300>: Failed to establish a new connection: [WinError 10061] Nenhuma conexão pôde ser feita porque a máquina de destino as recusou ativamente'))
2025-05-24 22:28:41,291 - INFO - Processando chamadoId: 11927
2025-05-24 22:28:41,297 - INFO - Processando chamadoId: 11957
2025-05-24 22:28:41,313 - INFO - ChamadoId 11927 processado e salvo no banco de dados.
2025-05-24 22:28:41,313 - INFO - Enviando 10 chamados para geracao de keywords
2025-05-24 22:28:41,319 - INFO - ChamadoId 11957 processado e salvo no banco de dados.
2025-05-24 22:28:41,331 - INFO - Processando chamadoId: 11956
2025-05-24 22:28:41,349 - INFO - ChamadoId 11956 processado e salvo no banco de dados.
2025-05-24 22:28:41,362 - INFO - Processando chamadoId: 11955
2025-05-24 22:28:41,383 - INFO - ChamadoId 11955 processado e salvo no banco de dados.
2025-05-24 22:28:41,397 - INFO - Processando chamadoId: 11954
2025-05-24 22:28:41,416 - INFO - ChamadoId 11954 processado e salvo no banco de dados.
2025-05-24 22:28:41,430 - INFO - Processando chamadoId: 11952
2025-05-24 22:28:41,450 - INFO - ChamadoId 11952 processado e salvo no banco de dados.
2025-05-24 22:28:41,462 - INFO - Processando chamadoId: 11950
2025-05-24 22:28:41,474 - INFO - ChamadoId 11950 processado e salvo no banco de dados.
2025-05-24 22:28:41,486 - ERROR - Erro ao enviar lote para Flask: HTTPConnectionPool(host='localhost', port=8080): Max retries exceeded with url: /prever (Caused by NewConnectionError('<urllib3.connection.HTTPConnection object at 0x000002327C943E30>: Failed to establish a new connection: [WinError 10061] Nenhuma conexão pôde ser feita porque a máquina de destino as recusou ativamente'))
2025-05-24 22:28:41,486 - INFO - Processando chamadoId: 11948
2025-05-24 22:28:41,498 - INFO - Processando chamadoId: 11943
2025-05-24 22:28:41,506 - INFO - ChamadoId 11948 processado e salvo no banco de dados.
2025-05-24 22:28:41,517 - INFO - Processando chamadoId: 11947
2025-05-24 22:28:41,522 - INFO - ChamadoId 11943 processado e salvo no banco de dados.
2025-05-24 22:28:41,535 - INFO - Processando chamadoId: 11941
2025-05-24 22:28:41,540 - INFO - ChamadoId 11947 processado e salvo no banco de dados.
2025-05-24 22:28:41,551 - INFO - Processando chamadoId: 11945
2025-05-24 22:28:41,561 - INFO - ChamadoId 11941 processado e salvo no banco de dados.
2025-05-24 22:28:41,571 - INFO - ChamadoId 11945 processado e salvo no banco de dados.
2025-05-24 22:28:41,572 - INFO - Processando chamadoId: 11939
2025-05-24 22:28:41,577 - ERROR - Erro ao enviar lote para Flask: HTTPConnectionPool(host='localhost', port=8080): Max retries exceeded with url: /prever (Caused by NewConnectionError('<urllib3.connection.HTTPConnection object at 0x00000233D6AFF920>: Failed to establish a new connection: [WinError 10061] Nenhuma conexão pôde ser feita porque a máquina de destino as recusou ativamente'))
2025-05-24 22:28:41,582 - INFO - Processando chamadoId: 11944
2025-05-24 22:28:41,596 - INFO - Processando chamadoId: 11957
2025-05-24 22:28:41,609 - INFO - ChamadoId 11939 processado e salvo no banco de dados.
2025-05-24 22:28:41,609 - INFO - ChamadoId 11944 processado e salvo no banco de dados.
2025-05-24 22:28:41,610 - INFO - Enviando 10 chamados para geracao de keywords
2025-05-24 22:28:41,617 - INFO - ChamadoId 11957 processado e salvo no banco de dados.
2025-05-24 22:28:41,620 - INFO - Processando chamadoId: 11935
2025-05-24 22:28:41,631 - INFO - Processando chamadoId: 11956
2025-05-24 22:28:41,639 - INFO - ChamadoId 11935 processado e salvo no banco de dados.
2025-05-24 22:28:41,651 - INFO - Processando chamadoId: 11934
2025-05-24 22:28:41,651 - INFO - ChamadoId 11956 processado e salvo no banco de dados.
2025-05-24 22:28:41,664 - INFO - Processando chamadoId: 11955
2025-05-24 22:28:41,672 - INFO - ChamadoId 11934 processado e salvo no banco de dados.
2025-05-24 22:28:41,685 - INFO - ChamadoId 11955 processado e salvo no banco de dados.
2025-05-24 22:28:41,685 - INFO - Processando chamadoId: 11933
2025-05-24 22:28:41,698 - INFO - Processando chamadoId: 11954
2025-05-24 22:28:41,704 - INFO - ChamadoId 11933 processado e salvo no banco de dados.
2025-05-24 22:28:41,717 - INFO - Processando chamadoId: 11932
2025-05-24 22:28:41,720 - INFO - ChamadoId 11954 processado e salvo no banco de dados.
2025-05-24 22:28:41,734 - INFO - Processando chamadoId: 11952
2025-05-24 22:28:41,737 - INFO - ChamadoId 11932 processado e salvo no banco de dados.
2025-05-24 22:28:42,124 - INFO - Processando chamadoId: 11931
2025-05-24 22:28:42,124 - INFO - ChamadoId 11952 processado e salvo no banco de dados.
2025-05-24 22:28:42,137 - INFO - Processando chamadoId: 11950
2025-05-24 22:28:42,150 - INFO - ChamadoId 11950 processado e salvo no banco de dados.
2025-05-24 22:28:42,150 - INFO - ChamadoId 11931 processado e salvo no banco de dados.
2025-05-24 22:28:42,163 - INFO - Processando chamadoId: 11929
2025-05-24 22:28:42,163 - INFO - Processando chamadoId: 11948
2025-05-24 22:28:42,190 - INFO - ChamadoId 11948 processado e salvo no banco de dados.
2025-05-24 22:28:42,195 - INFO - ChamadoId 11929 processado e salvo no banco de dados.
2025-05-24 22:28:42,203 - INFO - Processando chamadoId: 11947
2025-05-24 22:28:42,208 - INFO - Processando chamadoId: 11927
2025-05-24 22:28:42,231 - INFO - ChamadoId 11947 processado e salvo no banco de dados.
2025-05-24 22:28:42,231 - INFO - ChamadoId 11927 processado e salvo no banco de dados.
2025-05-24 22:28:42,232 - INFO - Enviando 10 chamados para geracao de keywords
2025-05-24 22:28:42,245 - INFO - Processando chamadoId: 11945
2025-05-24 22:28:42,265 - INFO - ChamadoId 11945 processado e salvo no banco de dados.
2025-05-24 22:28:42,278 - INFO - Processando chamadoId: 11944
2025-05-24 22:28:42,299 - INFO - ChamadoId 11944 processado e salvo no banco de dados.
2025-05-24 22:28:42,299 - INFO - Enviando 10 chamados para geracao de keywords
2025-05-24 22:28:42,515 - ERROR - Erro ao enviar lote para Flask: HTTPConnectionPool(host='localhost', port=8080): Max retries exceeded with url: /prever (Caused by NewConnectionError('<urllib3.connection.HTTPConnection object at 0x00000233D6B31C10>: Failed to establish a new connection: [WinError 10061] Nenhuma conexão pôde ser feita porque a máquina de destino as recusou ativamente'))
2025-05-24 22:28:42,526 - INFO - Processando chamadoId: 11943
2025-05-24 22:28:42,553 - INFO - ChamadoId 11943 processado e salvo no banco de dados.
2025-05-24 22:28:42,563 - INFO - Processando chamadoId: 11941
2025-05-24 22:28:42,585 - INFO - ChamadoId 11941 processado e salvo no banco de dados.
2025-05-24 22:28:42,596 - INFO - Processando chamadoId: 11939
2025-05-24 22:28:42,619 - INFO - ChamadoId 11939 processado e salvo no banco de dados.
2025-05-24 22:28:42,630 - INFO - Processando chamadoId: 11935
2025-05-24 22:28:42,648 - INFO - ChamadoId 11935 processado e salvo no banco de dados.
2025-05-24 22:28:42,658 - INFO - Processando chamadoId: 11934
2025-05-24 22:28:42,680 - INFO - ChamadoId 11934 processado e salvo no banco de dados.
2025-05-24 22:28:42,692 - INFO - Processando chamadoId: 11933
2025-05-24 22:28:42,718 - INFO - ChamadoId 11933 processado e salvo no banco de dados.
2025-05-24 22:28:42,730 - INFO - Processando chamadoId: 11932
2025-05-24 22:28:42,746 - ERROR - Erro ao enviar lote para Flask: HTTPConnectionPool(host='localhost', port=8080): Max retries exceeded with url: /prever (Caused by NewConnectionError('<urllib3.connection.HTTPConnection object at 0x00000233D6B33950>: Failed to establish a new connection: [WinError 10061] Nenhuma conexão pôde ser feita porque a máquina de destino as recusou ativamente'))
2025-05-24 22:28:42,748 - INFO - ChamadoId 11932 processado e salvo no banco de dados.
2025-05-24 22:28:42,757 - INFO - Processando chamadoId: 11943
2025-05-24 22:28:42,758 - INFO - Processando chamadoId: 11931
2025-05-24 22:28:42,813 - INFO - ChamadoId 11943 processado e salvo no banco de dados.
2025-05-24 22:28:42,815 - INFO - ChamadoId 11931 processado e salvo no banco de dados.
2025-05-24 22:28:42,824 - INFO - Processando chamadoId: 11941
2025-05-24 22:28:42,826 - INFO - Processando chamadoId: 11929
2025-05-24 22:28:42,859 - INFO - ChamadoId 11929 processado e salvo no banco de dados.
2025-05-24 22:28:42,859 - INFO - ChamadoId 11941 processado e salvo no banco de dados.
2025-05-24 22:28:42,869 - INFO - Processando chamadoId: 11939
2025-05-24 22:28:42,870 - INFO - Processando chamadoId: 11927
2025-05-24 22:28:42,892 - INFO - ChamadoId 11927 processado e salvo no banco de dados.
2025-05-24 22:28:42,893 - INFO - Enviando 10 chamados para geracao de keywords
2025-05-24 22:28:42,904 - INFO - ChamadoId 11939 processado e salvo no banco de dados.
2025-05-24 22:28:42,913 - INFO - Processando chamadoId: 11935
2025-05-24 22:28:42,931 - INFO - ChamadoId 11935 processado e salvo no banco de dados.
2025-05-24 22:28:42,941 - INFO - Processando chamadoId: 11934
2025-05-24 22:28:42,963 - INFO - ChamadoId 11934 processado e salvo no banco de dados.
2025-05-24 22:28:42,973 - INFO - Processando chamadoId: 11933
2025-05-24 22:28:42,997 - INFO - ChamadoId 11933 processado e salvo no banco de dados.
2025-05-24 22:28:43,006 - INFO - Processando chamadoId: 11932
2025-05-24 22:28:43,027 - INFO - ChamadoId 11932 processado e salvo no banco de dados.
2025-05-24 22:28:43,037 - INFO - Processando chamadoId: 11931
2025-05-24 22:28:43,066 - INFO - ChamadoId 11931 processado e salvo no banco de dados.
2025-05-24 22:28:43,078 - INFO - Processando chamadoId: 11929
2025-05-24 22:28:43,130 - INFO - ChamadoId 11929 processado e salvo no banco de dados.
2025-05-24 22:28:43,141 - INFO - Processando chamadoId: 11927
2025-05-24 22:28:43,166 - INFO - ChamadoId 11927 processado e salvo no banco de dados.
2025-05-24 22:28:43,167 - INFO - Enviando 10 chamados para geracao de keywords
2025-05-24 22:28:43,852 - ERROR - Erro ao enviar lote para Flask: HTTPConnectionPool(host='localhost', port=8081): Max retries exceeded with url: /extrair-keywords (Caused by NewConnectionError('<urllib3.connection.HTTPConnection object at 0x000002320772EE10>: Failed to establish a new connection: [WinError 10061] Nenhuma conexão pôde ser feita porque a máquina de destino as recusou ativamente'))
2025-05-24 22:28:43,852 - INFO - Enviando 10 chamados para análise de emoções no Flask.
2025-05-24 22:28:44,200 - ERROR - Erro ao enviar lote para Flask: HTTPConnectionPool(host='localhost', port=8080): Max retries exceeded with url: /prever (Caused by NewConnectionError('<urllib3.connection.HTTPConnection object at 0x000002327F814170>: Failed to establish a new connection: [WinError 10061] Nenhuma conexão pôde ser feita porque a máquina de destino as recusou ativamente'))
2025-05-24 22:28:44,211 - INFO - Processando chamadoId: 11943
2025-05-24 22:28:44,236 - INFO - ChamadoId 11943 processado e salvo no banco de dados.
2025-05-24 22:28:44,247 - INFO - Processando chamadoId: 11941
2025-05-24 22:28:44,269 - INFO - ChamadoId 11941 processado e salvo no banco de dados.
2025-05-24 22:28:44,281 - INFO - Processando chamadoId: 11939
2025-05-24 22:28:44,305 - INFO - ChamadoId 11939 processado e salvo no banco de dados.
2025-05-24 22:28:44,317 - INFO - Processando chamadoId: 11935
2025-05-24 22:28:44,340 - INFO - ChamadoId 11935 processado e salvo no banco de dados.
2025-05-24 22:28:44,353 - INFO - Processando chamadoId: 11934
2025-05-24 22:28:44,371 - INFO - ChamadoId 11934 processado e salvo no banco de dados.
2025-05-24 22:28:44,382 - INFO - Processando chamadoId: 11933
2025-05-24 22:28:44,400 - INFO - ChamadoId 11933 processado e salvo no banco de dados.
2025-05-24 22:28:44,412 - INFO - Processando chamadoId: 11932
2025-05-24 22:28:44,430 - INFO - ChamadoId 11932 processado e salvo no banco de dados.
2025-05-24 22:28:44,442 - INFO - Processando chamadoId: 11931
2025-05-24 22:28:44,465 - INFO - ChamadoId 11931 processado e salvo no banco de dados.
2025-05-24 22:28:44,477 - INFO - Processando chamadoId: 11929
2025-05-24 22:28:44,501 - INFO - ChamadoId 11929 processado e salvo no banco de dados.
2025-05-24 22:28:44,513 - INFO - Processando chamadoId: 11927
2025-05-24 22:28:44,532 - INFO - ChamadoId 11927 processado e salvo no banco de dados.
2025-05-24 22:28:44,533 - INFO - Enviando 10 chamados para geracao de keywords
2025-05-24 22:28:44,633 - ERROR - Erro ao enviar lote para Flask: HTTPConnectionPool(host='localhost', port=8081): Max retries exceeded with url: /extrair-keywords (Caused by NewConnectionError('<urllib3.connection.HTTPConnection object at 0x000002327E4AD070>: Failed to establish a new connection: [WinError 10061] Nenhuma conexão pôde ser feita porque a máquina de destino as recusou ativamente'))
2025-05-24 22:28:44,634 - INFO - Enviando 10 chamados para análise de emoções no Flask.
2025-05-24 22:28:45,330 - ERROR - Erro ao enviar lote para Flask: HTTPConnectionPool(host='localhost', port=8081): Max retries exceeded with url: /extrair-keywords (Caused by NewConnectionError('<urllib3.connection.HTTPConnection object at 0x000002327F815520>: Failed to establish a new connection: [WinError 10061] Nenhuma conexão pôde ser feita porque a máquina de destino as recusou ativamente'))
2025-05-24 22:28:45,330 - INFO - Enviando 10 chamados para análise de emoções no Flask.
2025-05-24 22:28:45,404 - ERROR - Erro ao enviar lote para Flask: HTTPConnectionPool(host='localhost', port=8081): Max retries exceeded with url: /extrair-keywords (Caused by NewConnectionError('<urllib3.connection.HTTPConnection object at 0x00000232D5B202F0>: Failed to establish a new connection: [WinError 10061] Nenhuma conexão pôde ser feita porque a máquina de destino as recusou ativamente'))
2025-05-24 22:28:45,405 - INFO - Enviando 10 chamados para análise de emoções no Flask.
2025-05-24 22:28:45,676 - ERROR - Erro ao enviar lote para Flask: HTTPConnectionPool(host='localhost', port=8081): Max retries exceeded with url: /extrair-keywords (Caused by NewConnectionError('<urllib3.connection.HTTPConnection object at 0x000002320B9FF410>: Failed to establish a new connection: [WinError 10061] Nenhuma conexão pôde ser feita porque a máquina de destino as recusou ativamente'))
2025-05-24 22:28:45,678 - INFO - Enviando 10 chamados para análise de emoções no Flask.
2025-05-24 22:28:46,302 - ERROR - Erro ao enviar lote para Flask: HTTPConnectionPool(host='localhost', port=8081): Max retries exceeded with url: /extrair-keywords (Caused by NewConnectionError('<urllib3.connection.HTTPConnection object at 0x000002327F815EB0>: Failed to establish a new connection: [WinError 10061] Nenhuma conexão pôde ser feita porque a máquina de destino as recusou ativamente'))
2025-05-24 22:28:46,303 - INFO - Enviando 10 chamados para análise de emoções no Flask.
2025-05-24 22:28:46,350 - ERROR - Erro ao enviar lote para Flask: HTTPConnectionPool(host='localhost', port=8081): Max retries exceeded with url: /extrair-keywords (Caused by NewConnectionError('<urllib3.connection.HTTPConnection object at 0x000002327F8171A0>: Failed to establish a new connection: [WinError 10061] Nenhuma conexão pôde ser feita porque a máquina de destino as recusou ativamente'))
2025-05-24 22:28:46,350 - INFO - Enviando 10 chamados para análise de emoções no Flask.
2025-05-24 22:28:47,002 - ERROR - Erro ao enviar lote para Flask: HTTPConnectionPool(host='localhost', port=8081): Max retries exceeded with url: /extrair-keywords (Caused by NewConnectionError('<urllib3.connection.HTTPConnection object at 0x000002327F8168D0>: Failed to establish a new connection: [WinError 10061] Nenhuma conexão pôde ser feita porque a máquina de destino as recusou ativamente'))
2025-05-24 22:28:47,003 - INFO - Enviando 10 chamados para análise de emoções no Flask.
2025-05-24 22:28:47,258 - ERROR - Erro ao enviar lote para Flask: HTTPConnectionPool(host='localhost', port=8081): Max retries exceeded with url: /extrair-keywords (Caused by NewConnectionError('<urllib3.connection.HTTPConnection object at 0x000002327E4AD880>: Failed to establish a new connection: [WinError 10061] Nenhuma conexão pôde ser feita porque a máquina de destino as recusou ativamente'))
2025-05-24 22:28:47,258 - INFO - Enviando 10 chamados para análise de emoções no Flask.
2025-05-24 22:28:47,946 - ERROR - Erro ao enviar lote para Flask: HTTPConnectionPool(host='localhost', port=8080): Max retries exceeded with url: /prever (Caused by NewConnectionError('<urllib3.connection.HTTPConnection object at 0x00000233D6B30DA0>: Failed to establish a new connection: [WinError 10061] Nenhuma conexão pôde ser feita porque a máquina de destino as recusou ativamente'))
2025-05-24 22:28:47,957 - INFO - Processando chamadoId: 11926
2025-05-24 22:28:47,984 - INFO - ChamadoId 11926 processado e salvo no banco de dados.
2025-05-24 22:28:47,994 - INFO - Processando chamadoId: 11925
2025-05-24 22:28:48,022 - INFO - ChamadoId 11925 processado e salvo no banco de dados.
2025-05-24 22:28:48,034 - INFO - Processando chamadoId: 11923
2025-05-24 22:28:48,056 - INFO - ChamadoId 11923 processado e salvo no banco de dados.
2025-05-24 22:28:48,069 - INFO - Processando chamadoId: 11922
2025-05-24 22:28:48,098 - INFO - ChamadoId 11922 processado e salvo no banco de dados.
2025-05-24 22:28:48,109 - INFO - Processando chamadoId: 11920
2025-05-24 22:28:48,137 - INFO - ChamadoId 11920 processado e salvo no banco de dados.
2025-05-24 22:28:48,149 - INFO - Processando chamadoId: 11918
2025-05-24 22:28:48,178 - INFO - ChamadoId 11918 processado e salvo no banco de dados.
2025-05-24 22:28:48,188 - INFO - Processando chamadoId: 11916
2025-05-24 22:28:48,209 - INFO - ChamadoId 11916 processado e salvo no banco de dados.
2025-05-24 22:28:48,220 - INFO - Processando chamadoId: 11915
2025-05-24 22:28:48,248 - INFO - ChamadoId 11915 processado e salvo no banco de dados.
2025-05-24 22:28:48,257 - INFO - Processando chamadoId: 11913
2025-05-24 22:28:48,276 - INFO - ChamadoId 11913 processado e salvo no banco de dados.
2025-05-24 22:28:48,287 - INFO - Processando chamadoId: 11912
2025-05-24 22:28:48,312 - INFO - ChamadoId 11912 processado e salvo no banco de dados.
2025-05-24 22:28:48,313 - INFO - Enviando 10 chamados para geracao de keywords
2025-05-24 22:28:48,617 - ERROR - Erro ao enviar lote para Flask: HTTPConnectionPool(host='localhost', port=8081): Max retries exceeded with url: /extrair-keywords (Caused by NewConnectionError('<urllib3.connection.HTTPConnection object at 0x00000233D6B32D80>: Failed to establish a new connection: [WinError 10061] Nenhuma conexão pôde ser feita porque a máquina de destino as recusou ativamente'))
2025-05-24 22:28:48,617 - INFO - Enviando 10 chamados para análise de emoções no Flask.
2025-05-24 22:28:48,730 - ERROR - Erro ao enviar lote para Flask: HTTPConnectionPool(host='localhost', port=8080): Max retries exceeded with url: /prever (Caused by NewConnectionError('<urllib3.connection.HTTPConnection object at 0x00000233D6B31790>: Failed to establish a new connection: [WinError 10061] Nenhuma conexão pôde ser feita porque a máquina de destino as recusou ativamente'))
2025-05-24 22:28:48,742 - INFO - Processando chamadoId: 11943
2025-05-24 22:28:48,772 - INFO - ChamadoId 11943 processado e salvo no banco de dados.
2025-05-24 22:28:48,783 - INFO - Processando chamadoId: 11941
2025-05-24 22:28:48,807 - INFO - ChamadoId 11941 processado e salvo no banco de dados.
2025-05-24 22:28:48,819 - INFO - Processando chamadoId: 11939
2025-05-24 22:28:48,840 - INFO - ChamadoId 11939 processado e salvo no banco de dados.
2025-05-24 22:28:48,852 - INFO - Processando chamadoId: 11935
2025-05-24 22:28:48,870 - INFO - ChamadoId 11935 processado e salvo no banco de dados.
2025-05-24 22:28:48,881 - INFO - Processando chamadoId: 11934
2025-05-24 22:28:48,902 - INFO - ChamadoId 11934 processado e salvo no banco de dados.
2025-05-24 22:28:48,913 - INFO - Processando chamadoId: 11933
2025-05-24 22:28:48,933 - INFO - ChamadoId 11933 processado e salvo no banco de dados.
2025-05-24 22:28:48,945 - INFO - Processando chamadoId: 11932
2025-05-24 22:28:48,963 - INFO - ChamadoId 11932 processado e salvo no banco de dados.
2025-05-24 22:28:48,975 - INFO - Processando chamadoId: 11931
2025-05-24 22:28:49,000 - INFO - ChamadoId 11931 processado e salvo no banco de dados.
2025-05-24 22:28:49,010 - INFO - Processando chamadoId: 11929
2025-05-24 22:28:49,035 - INFO - ChamadoId 11929 processado e salvo no banco de dados.
2025-05-24 22:28:49,045 - INFO - Processando chamadoId: 11927
2025-05-24 22:28:49,064 - INFO - ChamadoId 11927 processado e salvo no banco de dados.
2025-05-24 22:28:49,064 - INFO - Enviando 10 chamados para geracao de keywords
2025-05-24 22:28:49,384 - ERROR - Erro ao enviar lote para Flask: HTTPConnectionPool(host='localhost', port=8080): Max retries exceeded with url: /prever (Caused by NewConnectionError('<urllib3.connection.HTTPConnection object at 0x00000233D6B32FC0>: Failed to establish a new connection: [WinError 10061] Nenhuma conexão pôde ser feita porque a máquina de destino as recusou ativamente'))
2025-05-24 22:28:49,395 - INFO - Processando chamadoId: 11943
2025-05-24 22:28:49,423 - INFO - ChamadoId 11943 processado e salvo no banco de dados.
2025-05-24 22:28:49,434 - INFO - Processando chamadoId: 11941
2025-05-24 22:28:49,458 - INFO - ChamadoId 11941 processado e salvo no banco de dados.
2025-05-24 22:28:49,471 - INFO - Processando chamadoId: 11939
2025-05-24 22:28:49,482 - ERROR - Erro ao enviar lote para Flask: HTTPConnectionPool(host='localhost', port=8080): Max retries exceeded with url: /prever (Caused by NewConnectionError('<urllib3.connection.HTTPConnection object at 0x0000023208192210>: Failed to establish a new connection: [WinError 10061] Nenhuma conexão pôde ser feita porque a máquina de destino as recusou ativamente'))
2025-05-24 22:28:49,492 - INFO - ChamadoId 11939 processado e salvo no banco de dados.
2025-05-24 22:28:49,493 - INFO - Processando chamadoId: 11926
2025-05-24 22:28:49,503 - INFO - Processando chamadoId: 11935
2025-05-24 22:28:49,517 - INFO - ChamadoId 11926 processado e salvo no banco de dados.
2025-05-24 22:28:49,522 - INFO - ChamadoId 11935 processado e salvo no banco de dados.
2025-05-24 22:28:49,530 - INFO - Processando chamadoId: 11925
2025-05-24 22:28:49,533 - INFO - Processando chamadoId: 11934
2025-05-24 22:28:49,555 - INFO - ChamadoId 11934 processado e salvo no banco de dados.
2025-05-24 22:28:49,560 - INFO - ChamadoId 11925 processado e salvo no banco de dados.
2025-05-24 22:28:49,566 - INFO - Processando chamadoId: 11933
2025-05-24 22:28:49,572 - INFO - Processando chamadoId: 11923
2025-05-24 22:28:49,588 - INFO - ChamadoId 11933 processado e salvo no banco de dados.
2025-05-24 22:28:49,593 - INFO - ChamadoId 11923 processado e salvo no banco de dados.
2025-05-24 22:28:49,600 - INFO - Processando chamadoId: 11932
2025-05-24 22:28:49,605 - INFO - Processando chamadoId: 11922
2025-05-24 22:28:49,620 - INFO - ChamadoId 11932 processado e salvo no banco de dados.
2025-05-24 22:28:49,632 - INFO - Processando chamadoId: 11931
2025-05-24 22:28:49,632 - INFO - ChamadoId 11922 processado e salvo no banco de dados.
2025-05-24 22:28:49,644 - INFO - Processando chamadoId: 11920
2025-05-24 22:28:49,659 - INFO - ChamadoId 11931 processado e salvo no banco de dados.
2025-05-24 22:28:49,669 - INFO - ChamadoId 11920 processado e salvo no banco de dados.
2025-05-24 22:28:49,669 - INFO - Processando chamadoId: 11929
2025-05-24 22:28:49,680 - INFO - Processando chamadoId: 11918
2025-05-24 22:28:49,698 - INFO - ChamadoId 11929 processado e salvo no banco de dados.
2025-05-24 22:28:49,709 - INFO - Processando chamadoId: 11927
2025-05-24 22:28:49,709 - INFO - ChamadoId 11918 processado e salvo no banco de dados.
2025-05-24 22:28:49,722 - INFO - Processando chamadoId: 11916
2025-05-24 22:28:49,726 - INFO - ChamadoId 11927 processado e salvo no banco de dados.
2025-05-24 22:28:49,726 - INFO - Enviando 10 chamados para geracao de keywords
2025-05-24 22:28:49,742 - INFO - ChamadoId 11916 processado e salvo no banco de dados.
2025-05-24 22:28:49,754 - INFO - Processando chamadoId: 11915
2025-05-24 22:28:49,764 - ERROR - Erro ao enviar lote para Flask: HTTPConnectionPool(host='localhost', port=8080): Max retries exceeded with url: /prever (Caused by NewConnectionError('<urllib3.connection.HTTPConnection object at 0x000002327E4AEDE0>: Failed to establish a new connection: [WinError 10061] Nenhuma conexão pôde ser feita porque a máquina de destino as recusou ativamente'))
2025-05-24 22:28:49,777 - INFO - Processando chamadoId: 11943
2025-05-24 22:28:49,780 - INFO - ChamadoId 11915 processado e salvo no banco de dados.
2025-05-24 22:28:49,791 - INFO - Processando chamadoId: 11913
2025-05-24 22:28:49,802 - INFO - ChamadoId 11943 processado e salvo no banco de dados.
2025-05-24 22:28:49,809 - INFO - ChamadoId 11913 processado e salvo no banco de dados.
2025-05-24 22:28:49,813 - INFO - Processando chamadoId: 11941
2025-05-24 22:28:49,822 - INFO - Processando chamadoId: 11912
2025-05-24 22:28:49,840 - INFO - ChamadoId 11941 processado e salvo no banco de dados.
2025-05-24 22:28:49,847 - INFO - ChamadoId 11912 processado e salvo no banco de dados.
2025-05-24 22:28:49,847 - INFO - Enviando 10 chamados para geracao de keywords
2025-05-24 22:28:49,853 - INFO - Processando chamadoId: 11939
2025-05-24 22:28:49,878 - INFO - ChamadoId 11939 processado e salvo no banco de dados.
2025-05-24 22:28:49,892 - INFO - Processando chamadoId: 11935
2025-05-24 22:28:49,911 - INFO - ChamadoId 11935 processado e salvo no banco de dados.
2025-05-24 22:28:49,923 - INFO - Processando chamadoId: 11934
2025-05-24 22:28:49,943 - INFO - ChamadoId 11934 processado e salvo no banco de dados.
2025-05-24 22:28:49,954 - INFO - Processando chamadoId: 11933
2025-05-24 22:28:49,972 - INFO - ChamadoId 11933 processado e salvo no banco de dados.
2025-05-24 22:28:49,984 - INFO - Processando chamadoId: 11932
2025-05-24 22:28:50,010 - INFO - ChamadoId 11932 processado e salvo no banco de dados.
2025-05-24 22:28:50,021 - INFO - Processando chamadoId: 11931
2025-05-24 22:28:50,046 - INFO - ChamadoId 11931 processado e salvo no banco de dados.
2025-05-24 22:28:50,059 - INFO - Processando chamadoId: 11929
2025-05-24 22:28:50,083 - INFO - ChamadoId 11929 processado e salvo no banco de dados.
2025-05-24 22:28:50,095 - INFO - Processando chamadoId: 11927
2025-05-24 22:28:50,117 - INFO - ChamadoId 11927 processado e salvo no banco de dados.
2025-05-24 22:28:50,117 - INFO - Enviando 10 chamados para geracao de keywords
2025-05-24 22:28:50,387 - ERROR - Erro ao enviar lote para Flask: HTTPConnectionPool(host='localhost', port=8080): Max retries exceeded with url: /prever (Caused by NewConnectionError('<urllib3.connection.HTTPConnection object at 0x00000233D6B33050>: Failed to establish a new connection: [WinError 10061] Nenhuma conexão pôde ser feita porque a máquina de destino as recusou ativamente'))
2025-05-24 22:28:50,400 - INFO - Processando chamadoId: 11926
2025-05-24 22:28:50,403 - ERROR - Erro ao enviar lote para Flask: HTTPConnectionPool(host='localhost', port=8080): Max retries exceeded with url: /prever (Caused by NewConnectionError('<urllib3.connection.HTTPConnection object at 0x0000023254F71DF0>: Failed to establish a new connection: [WinError 10061] Nenhuma conexão pôde ser feita porque a máquina de destino as recusou ativamente'))
2025-05-24 22:28:50,417 - INFO - Processando chamadoId: 11943
2025-05-24 22:28:50,426 - INFO - ChamadoId 11926 processado e salvo no banco de dados.
2025-05-24 22:28:50,437 - INFO - Processando chamadoId: 11925
2025-05-24 22:28:50,443 - INFO - ChamadoId 11943 processado e salvo no banco de dados.
2025-05-24 22:28:50,456 - INFO - Processando chamadoId: 11941
2025-05-24 22:28:50,462 - INFO - ChamadoId 11925 processado e salvo no banco de dados.
2025-05-24 22:28:50,475 - INFO - Processando chamadoId: 11923
2025-05-24 22:28:50,483 - INFO - ChamadoId 11941 processado e salvo no banco de dados.
2025-05-24 22:28:50,495 - INFO - ChamadoId 11923 processado e salvo no banco de dados.
2025-05-24 22:28:50,495 - INFO - Processando chamadoId: 11939
2025-05-24 22:28:50,507 - INFO - Processando chamadoId: 11922
2025-05-24 22:28:50,524 - INFO - ChamadoId 11939 processado e salvo no banco de dados.
2025-05-24 22:28:50,534 - INFO - Processando chamadoId: 11935
2025-05-24 22:28:50,534 - INFO - ChamadoId 11922 processado e salvo no banco de dados.
2025-05-24 22:28:50,548 - INFO - Processando chamadoId: 11920
2025-05-24 22:28:50,556 - INFO - ChamadoId 11935 processado e salvo no banco de dados.
2025-05-24 22:28:50,570 - INFO - Processando chamadoId: 11934
2025-05-24 22:28:50,573 - INFO - ChamadoId 11920 processado e salvo no banco de dados.
2025-05-24 22:28:50,586 - INFO - Processando chamadoId: 11918
2025-05-24 22:28:50,591 - INFO - ChamadoId 11934 processado e salvo no banco de dados.
2025-05-24 22:28:50,605 - INFO - Processando chamadoId: 11933
2025-05-24 22:28:50,612 - INFO - ChamadoId 11918 processado e salvo no banco de dados.
2025-05-24 22:28:50,624 - INFO - Processando chamadoId: 11916
2025-05-24 22:28:50,624 - INFO - ChamadoId 11933 processado e salvo no banco de dados.
2025-05-24 22:28:50,638 - INFO - Processando chamadoId: 11932
2025-05-24 22:28:50,643 - INFO - ChamadoId 11916 processado e salvo no banco de dados.
2025-05-24 22:28:50,658 - INFO - Processando chamadoId: 11915
2025-05-24 22:28:50,658 - INFO - ChamadoId 11932 processado e salvo no banco de dados.
2025-05-24 22:28:50,672 - INFO - Processando chamadoId: 11931
2025-05-24 22:28:50,683 - INFO - ChamadoId 11915 processado e salvo no banco de dados.
2025-05-24 22:28:50,694 - INFO - Processando chamadoId: 11913
2025-05-24 22:28:50,695 - INFO - ChamadoId 11931 processado e salvo no banco de dados.
2025-05-24 22:28:50,708 - INFO - Processando chamadoId: 11929
2025-05-24 22:28:50,715 - INFO - ChamadoId 11913 processado e salvo no banco de dados.
2025-05-24 22:28:50,729 - INFO - Processando chamadoId: 11912
2025-05-24 22:28:50,734 - INFO - ChamadoId 11929 processado e salvo no banco de dados.
2025-05-24 22:28:50,747 - INFO - Processando chamadoId: 11927
2025-05-24 22:28:50,753 - INFO - ChamadoId 11912 processado e salvo no banco de dados.
2025-05-24 22:28:50,754 - INFO - Enviando 10 chamados para geracao de keywords
2025-05-24 22:28:50,771 - INFO - ChamadoId 11927 processado e salvo no banco de dados.
2025-05-24 22:28:50,772 - INFO - Enviando 10 chamados para geracao de keywords
2025-05-24 22:28:51,078 - ERROR - Erro ao enviar lote para Flask: HTTPConnectionPool(host='localhost', port=8080): Max retries exceeded with url: /prever (Caused by NewConnectionError('<urllib3.connection.HTTPConnection object at 0x000002327F817FB0>: Failed to establish a new connection: [WinError 10061] Nenhuma conexão pôde ser feita porque a máquina de destino as recusou ativamente'))
2025-05-24 22:28:51,089 - INFO - Processando chamadoId: 11926
2025-05-24 22:28:51,114 - INFO - ChamadoId 11926 processado e salvo no banco de dados.
2025-05-24 22:28:51,125 - INFO - Processando chamadoId: 11925
2025-05-24 22:28:51,147 - INFO - ChamadoId 11925 processado e salvo no banco de dados.
2025-05-24 22:28:51,158 - INFO - Processando chamadoId: 11923
2025-05-24 22:28:51,177 - INFO - ChamadoId 11923 processado e salvo no banco de dados.
2025-05-24 22:28:51,188 - INFO - Processando chamadoId: 11922
2025-05-24 22:28:51,212 - INFO - ChamadoId 11922 processado e salvo no banco de dados.
2025-05-24 22:28:51,224 - INFO - Processando chamadoId: 11920
2025-05-24 22:28:51,247 - INFO - ChamadoId 11920 processado e salvo no banco de dados.
2025-05-24 22:28:51,258 - INFO - Processando chamadoId: 11918
2025-05-24 22:28:51,281 - INFO - ChamadoId 11918 processado e salvo no banco de dados.
2025-05-24 22:28:51,291 - INFO - Processando chamadoId: 11916
2025-05-24 22:28:51,310 - INFO - ChamadoId 11916 processado e salvo no banco de dados.
2025-05-24 22:28:51,320 - INFO - Processando chamadoId: 11915
2025-05-24 22:28:51,343 - INFO - ChamadoId 11915 processado e salvo no banco de dados.
2025-05-24 22:28:51,344 - ERROR - Erro ao enviar lote para Flask: HTTPConnectionPool(host='localhost', port=8080): Max retries exceeded with url: /prever (Caused by NewConnectionError('<urllib3.connection.HTTPConnection object at 0x0000023404EE3E00>: Failed to establish a new connection: [WinError 10061] Nenhuma conexão pôde ser feita porque a máquina de destino as recusou ativamente'))
2025-05-24 22:28:51,355 - INFO - Processando chamadoId: 11926
2025-05-24 22:28:51,355 - INFO - Processando chamadoId: 11913
2025-05-24 22:28:51,380 - INFO - ChamadoId 11926 processado e salvo no banco de dados.
2025-05-24 22:28:51,380 - INFO - ChamadoId 11913 processado e salvo no banco de dados.
2025-05-24 22:28:51,390 - INFO - Processando chamadoId: 11925
2025-05-24 22:28:51,390 - INFO - Processando chamadoId: 11912
2025-05-24 22:28:51,422 - INFO - ChamadoId 11912 processado e salvo no banco de dados.
2025-05-24 22:28:51,422 - INFO - ChamadoId 11925 processado e salvo no banco de dados.
2025-05-24 22:28:51,422 - INFO - Enviando 10 chamados para geracao de keywords
2025-05-24 22:28:51,433 - INFO - Processando chamadoId: 11923
2025-05-24 22:28:51,452 - INFO - ChamadoId 11923 processado e salvo no banco de dados.
2025-05-24 22:28:51,461 - INFO - Processando chamadoId: 11922
2025-05-24 22:28:51,487 - INFO - ChamadoId 11922 processado e salvo no banco de dados.
2025-05-24 22:28:51,499 - INFO - Processando chamadoId: 11920
2025-05-24 22:28:51,522 - INFO - ChamadoId 11920 processado e salvo no banco de dados.
2025-05-24 22:28:51,532 - INFO - Processando chamadoId: 11918
2025-05-24 22:28:51,555 - INFO - ChamadoId 11918 processado e salvo no banco de dados.
2025-05-24 22:28:51,564 - INFO - Processando chamadoId: 11916
2025-05-24 22:28:51,583 - INFO - ChamadoId 11916 processado e salvo no banco de dados.
2025-05-24 22:28:51,592 - INFO - Processando chamadoId: 11915
2025-05-24 22:28:51,614 - INFO - ChamadoId 11915 processado e salvo no banco de dados.
2025-05-24 22:28:51,625 - INFO - Processando chamadoId: 11913
2025-05-24 22:28:51,644 - INFO - ChamadoId 11913 processado e salvo no banco de dados.
2025-05-24 22:28:51,655 - INFO - Processando chamadoId: 11912
2025-05-24 22:28:51,675 - INFO - ChamadoId 11912 processado e salvo no banco de dados.
2025-05-24 22:28:51,676 - INFO - Enviando 10 chamados para geracao de keywords
2025-05-24 22:28:52,406 - ERROR - Erro ao enviar lote para Flask: HTTPConnectionPool(host='localhost', port=8081): Max retries exceeded with url: /extrair-keywords (Caused by NewConnectionError('<urllib3.connection.HTTPConnection object at 0x00000233D6B320C0>: Failed to establish a new connection: [WinError 10061] Nenhuma conexão pôde ser feita porque a máquina de destino as recusou ativamente'))
2025-05-24 22:28:52,406 - INFO - Enviando 10 chamados para análise de emoções no Flask.
2025-05-24 22:28:52,676 - ERROR - Erro ao enviar lote para Flask: HTTPConnectionPool(host='localhost', port=8080): Max retries exceeded with url: /prever (Caused by NewConnectionError('<urllib3.connection.HTTPConnection object at 0x000002327F817AA0>: Failed to establish a new connection: [WinError 10061] Nenhuma conexão pôde ser feita porque a máquina de destino as recusou ativamente'))
2025-05-24 22:28:52,689 - INFO - Processando chamadoId: 11926
2025-05-24 22:28:52,712 - INFO - ChamadoId 11926 processado e salvo no banco de dados.
2025-05-24 22:28:52,724 - INFO - Processando chamadoId: 11925
2025-05-24 22:28:52,749 - INFO - ChamadoId 11925 processado e salvo no banco de dados.
2025-05-24 22:28:52,760 - INFO - Processando chamadoId: 11923
2025-05-24 22:28:52,787 - INFO - ChamadoId 11923 processado e salvo no banco de dados.
2025-05-24 22:28:52,800 - INFO - Processando chamadoId: 11922
2025-05-24 22:28:52,826 - INFO - ChamadoId 11922 processado e salvo no banco de dados.
2025-05-24 22:28:52,839 - INFO - Processando chamadoId: 11920
2025-05-24 22:28:52,864 - INFO - ChamadoId 11920 processado e salvo no banco de dados.
2025-05-24 22:28:52,876 - INFO - Processando chamadoId: 11918
2025-05-24 22:28:52,901 - INFO - ChamadoId 11918 processado e salvo no banco de dados.
2025-05-24 22:28:52,912 - INFO - Processando chamadoId: 11916
2025-05-24 22:28:52,932 - INFO - ChamadoId 11916 processado e salvo no banco de dados.
2025-05-24 22:28:52,944 - INFO - Processando chamadoId: 11915
2025-05-24 22:28:52,968 - INFO - ChamadoId 11915 processado e salvo no banco de dados.
2025-05-24 22:28:53,005 - INFO - Processando chamadoId: 11913
2025-05-24 22:28:53,025 - INFO - ChamadoId 11913 processado e salvo no banco de dados.
2025-05-24 22:28:53,041 - INFO - Processando chamadoId: 11912
2025-05-24 22:28:53,079 - INFO - ChamadoId 11912 processado e salvo no banco de dados.
2025-05-24 22:28:53,080 - INFO - Enviando 10 chamados para geracao de keywords
2025-05-24 22:28:53,144 - ERROR - Erro ao enviar lote para Flask: HTTPConnectionPool(host='localhost', port=8081): Max retries exceeded with url: /extrair-keywords (Caused by NewConnectionError('<urllib3.connection.HTTPConnection object at 0x0000023208706D20>: Failed to establish a new connection: [WinError 10061] Nenhuma conexão pôde ser feita porque a máquina de destino as recusou ativamente'))
2025-05-24 22:28:53,144 - INFO - Enviando 10 chamados para análise de emoções no Flask.
2025-05-24 22:28:53,773 - ERROR - Erro ao enviar lote para Flask: HTTPConnectionPool(host='localhost', port=8081): Max retries exceeded with url: /extrair-keywords (Caused by NewConnectionError('<urllib3.connection.HTTPConnection object at 0x00000233D6B32E40>: Failed to establish a new connection: [WinError 10061] Nenhuma conexão pôde ser feita porque a máquina de destino as recusou ativamente'))
2025-05-24 22:28:53,773 - INFO - Enviando 10 chamados para análise de emoções no Flask.
2025-05-24 22:28:53,942 - ERROR - Erro ao enviar lote para Flask: HTTPConnectionPool(host='localhost', port=8081): Max retries exceeded with url: /extrair-keywords (Caused by NewConnectionError('<urllib3.connection.HTTPConnection object at 0x000002336EC52F30>: Failed to establish a new connection: [WinError 10061] Nenhuma conexão pôde ser feita porque a máquina de destino as recusou ativamente'))
2025-05-24 22:28:53,943 - INFO - Enviando 10 chamados para análise de emoções no Flask.
2025-05-24 22:28:54,201 - ERROR - Erro ao enviar lote para Flask: HTTPConnectionPool(host='localhost', port=8081): Max retries exceeded with url: /extrair-keywords (Caused by NewConnectionError('<urllib3.connection.HTTPConnection object at 0x00000233D6AFF260>: Failed to establish a new connection: [WinError 10061] Nenhuma conexão pôde ser feita porque a máquina de destino as recusou ativamente'))
2025-05-24 22:28:54,201 - INFO - Enviando 10 chamados para análise de emoções no Flask.
2025-05-24 22:28:54,806 - ERROR - Erro ao enviar lote para Flask: HTTPConnectionPool(host='localhost', port=8081): Max retries exceeded with url: /extrair-keywords (Caused by NewConnectionError('<urllib3.connection.HTTPConnection object at 0x00000233D6B33050>: Failed to establish a new connection: [WinError 10061] Nenhuma conexão pôde ser feita porque a máquina de destino as recusou ativamente'))
2025-05-24 22:28:54,807 - INFO - Enviando 10 chamados para análise de emoções no Flask.
2025-05-24 22:28:54,838 - ERROR - Erro ao enviar lote para Flask: HTTPConnectionPool(host='localhost', port=8081): Max retries exceeded with url: /extrair-keywords (Caused by NewConnectionError('<urllib3.connection.HTTPConnection object at 0x00000233D6B31040>: Failed to establish a new connection: [WinError 10061] Nenhuma conexão pôde ser feita porque a máquina de destino as recusou ativamente'))
2025-05-24 22:28:54,838 - INFO - Enviando 10 chamados para análise de emoções no Flask.
2025-05-24 22:28:55,493 - ERROR - Erro ao enviar lote para Flask: HTTPConnectionPool(host='localhost', port=8081): Max retries exceeded with url: /extrair-keywords (Caused by NewConnectionError('<urllib3.connection.HTTPConnection object at 0x0000023340382630>: Failed to establish a new connection: [WinError 10061] Nenhuma conexão pôde ser feita porque a máquina de destino as recusou ativamente'))
2025-05-24 22:28:55,494 - INFO - Enviando 10 chamados para análise de emoções no Flask.
2025-05-24 22:28:55,783 - ERROR - Erro ao enviar lote para Flask: HTTPConnectionPool(host='localhost', port=8081): Max retries exceeded with url: /extrair-keywords (Caused by NewConnectionError('<urllib3.connection.HTTPConnection object at 0x000002327F8162A0>: Failed to establish a new connection: [WinError 10061] Nenhuma conexão pôde ser feita porque a máquina de destino as recusou ativamente'))
2025-05-24 22:28:55,784 - INFO - Enviando 10 chamados para análise de emoções no Flask.
2025-05-24 22:28:56,484 - ERROR - Erro ao enviar lote para Flask: HTTPConnectionPool(host='localhost', port=8080): Max retries exceeded with url: /prever (Caused by NewConnectionError('<urllib3.connection.HTTPConnection object at 0x00000233D6B334D0>: Failed to establish a new connection: [WinError 10061] Nenhuma conexão pôde ser feita porque a máquina de destino as recusou ativamente'))
2025-05-24 22:28:56,497 - INFO - Processando chamadoId: 11910
2025-05-24 22:28:56,529 - INFO - ChamadoId 11910 processado e salvo no banco de dados.
2025-05-24 22:28:56,540 - INFO - Processando chamadoId: 11908
2025-05-24 22:28:56,568 - INFO - ChamadoId 11908 processado e salvo no banco de dados.
2025-05-24 22:28:56,578 - INFO - Processando chamadoId: 11907
2025-05-24 22:28:56,599 - INFO - ChamadoId 11907 processado e salvo no banco de dados.
2025-05-24 22:28:56,610 - INFO - Processando chamadoId: 11906
2025-05-24 22:28:56,641 - INFO - ChamadoId 11906 processado e salvo no banco de dados.
2025-05-24 22:28:56,651 - INFO - Processando chamadoId: 11904
2025-05-24 22:28:56,677 - INFO - ChamadoId 11904 processado e salvo no banco de dados.
2025-05-24 22:28:56,687 - INFO - Processando chamadoId: 11902
2025-05-24 22:28:56,713 - INFO - ChamadoId 11902 processado e salvo no banco de dados.
2025-05-24 22:28:56,724 - INFO - Processando chamadoId: 11900
2025-05-24 22:28:56,752 - INFO - ChamadoId 11900 processado e salvo no banco de dados.
2025-05-24 22:28:56,764 - INFO - Processando chamadoId: 11898
2025-05-24 22:28:56,785 - INFO - ChamadoId 11898 processado e salvo no banco de dados.
2025-05-24 22:28:56,796 - INFO - Processando chamadoId: 11897
2025-05-24 22:28:56,821 - INFO - ChamadoId 11897 processado e salvo no banco de dados.
2025-05-24 22:28:56,831 - INFO - Processando chamadoId: 11895
2025-05-24 22:28:56,857 - INFO - ChamadoId 11895 processado e salvo no banco de dados.
2025-05-24 22:28:56,858 - INFO - Enviando 10 chamados para geracao de keywords
2025-05-24 22:28:57,192 - ERROR - Erro ao enviar lote para Flask: HTTPConnectionPool(host='localhost', port=8081): Max retries exceeded with url: /extrair-keywords (Caused by NewConnectionError('<urllib3.connection.HTTPConnection object at 0x0000023207791A60>: Failed to establish a new connection: [WinError 10061] Nenhuma conexão pôde ser feita porque a máquina de destino as recusou ativamente'))
2025-05-24 22:28:57,193 - INFO - Enviando 10 chamados para análise de emoções no Flask.
2025-05-24 22:28:57,239 - ERROR - Erro ao enviar lote para Flask: HTTPConnectionPool(host='localhost', port=8080): Max retries exceeded with url: /prever (Caused by NewConnectionError('<urllib3.connection.HTTPConnection object at 0x00000233D6B31370>: Failed to establish a new connection: [WinError 10061] Nenhuma conexão pôde ser feita porque a máquina de destino as recusou ativamente'))
2025-05-24 22:28:57,250 - INFO - Processando chamadoId: 11926
2025-05-24 22:28:57,273 - INFO - ChamadoId 11926 processado e salvo no banco de dados.
2025-05-24 22:28:57,285 - INFO - Processando chamadoId: 11925
2025-05-24 22:28:57,309 - INFO - ChamadoId 11925 processado e salvo no banco de dados.
2025-05-24 22:28:57,323 - INFO - Processando chamadoId: 11923
2025-05-24 22:28:57,343 - INFO - ChamadoId 11923 processado e salvo no banco de dados.
2025-05-24 22:28:57,354 - INFO - Processando chamadoId: 11922
2025-05-24 22:28:57,381 - INFO - ChamadoId 11922 processado e salvo no banco de dados.
2025-05-24 22:28:57,392 - INFO - Processando chamadoId: 11920
2025-05-24 22:28:57,418 - INFO - ChamadoId 11920 processado e salvo no banco de dados.
2025-05-24 22:28:57,429 - INFO - Processando chamadoId: 11918
2025-05-24 22:28:57,452 - INFO - ChamadoId 11918 processado e salvo no banco de dados.
2025-05-24 22:28:57,463 - INFO - Processando chamadoId: 11916
2025-05-24 22:28:57,481 - INFO - ChamadoId 11916 processado e salvo no banco de dados.
2025-05-24 22:28:57,493 - INFO - Processando chamadoId: 11915
2025-05-24 22:28:57,517 - INFO - ChamadoId 11915 processado e salvo no banco de dados.
2025-05-24 22:28:57,529 - INFO - Processando chamadoId: 11913
2025-05-24 22:28:57,547 - INFO - ChamadoId 11913 processado e salvo no banco de dados.
2025-05-24 22:28:57,558 - INFO - Processando chamadoId: 11912
2025-05-24 22:28:57,580 - INFO - ChamadoId 11912 processado e salvo no banco de dados.
2025-05-24 22:28:57,581 - INFO - Enviando 10 chamados para geracao de keywords
2025-05-24 22:28:57,848 - ERROR - Erro ao enviar lote para Flask: HTTPConnectionPool(host='localhost', port=8080): Max retries exceeded with url: /prever (Caused by NewConnectionError('<urllib3.connection.HTTPConnection object at 0x000002320B9FC560>: Failed to establish a new connection: [WinError 10061] Nenhuma conexão pôde ser feita porque a máquina de destino as recusou ativamente'))
2025-05-24 22:28:57,859 - INFO - Processando chamadoId: 11926
2025-05-24 22:28:57,879 - INFO - ChamadoId 11926 processado e salvo no banco de dados.
2025-05-24 22:28:57,891 - INFO - Processando chamadoId: 11925
2025-05-24 22:28:57,915 - INFO - ChamadoId 11925 processado e salvo no banco de dados.
2025-05-24 22:28:57,927 - INFO - Processando chamadoId: 11923
2025-05-24 22:28:57,947 - INFO - ChamadoId 11923 processado e salvo no banco de dados.
2025-05-24 22:28:57,958 - INFO - Processando chamadoId: 11922
2025-05-24 22:28:57,982 - INFO - ChamadoId 11922 processado e salvo no banco de dados.
2025-05-24 22:28:57,994 - INFO - Processando chamadoId: 11920
2025-05-24 22:28:58,018 - INFO - ChamadoId 11920 processado e salvo no banco de dados.
2025-05-24 22:28:58,030 - INFO - Processando chamadoId: 11918
2025-05-24 22:28:58,035 - ERROR - Erro ao enviar lote para Flask: HTTPConnectionPool(host='localhost', port=8080): Max retries exceeded with url: /prever (Caused by NewConnectionError('<urllib3.connection.HTTPConnection object at 0x00000233D6B300E0>: Failed to establish a new connection: [WinError 10061] Nenhuma conexão pôde ser feita porque a máquina de destino as recusou ativamente'))
2025-05-24 22:28:58,048 - INFO - Processando chamadoId: 11910
2025-05-24 22:28:58,053 - INFO - ChamadoId 11918 processado e salvo no banco de dados.
2025-05-24 22:28:58,065 - INFO - Processando chamadoId: 11916
2025-05-24 22:28:58,072 - INFO - ChamadoId 11910 processado e salvo no banco de dados.
2025-05-24 22:28:58,081 - INFO - ChamadoId 11916 processado e salvo no banco de dados.
2025-05-24 22:28:58,083 - INFO - Processando chamadoId: 11908
2025-05-24 22:28:58,091 - INFO - Processando chamadoId: 11915
2025-05-24 22:28:58,106 - INFO - ChamadoId 11908 processado e salvo no banco de dados.
2025-05-24 22:28:58,117 - INFO - ChamadoId 11915 processado e salvo no banco de dados.
2025-05-24 22:28:58,119 - INFO - Processando chamadoId: 11907
2025-05-24 22:28:58,128 - INFO - Processando chamadoId: 11913
2025-05-24 22:28:58,138 - INFO - ChamadoId 11907 processado e salvo no banco de dados.
2025-05-24 22:28:58,147 - INFO - ChamadoId 11913 processado e salvo no banco de dados.
2025-05-24 22:28:58,149 - INFO - Processando chamadoId: 11906
2025-05-24 22:28:58,160 - INFO - Processando chamadoId: 11912
2025-05-24 22:28:58,172 - INFO - ChamadoId 11906 processado e salvo no banco de dados.
2025-05-24 22:28:58,182 - INFO - ChamadoId 11912 processado e salvo no banco de dados.
2025-05-24 22:28:58,182 - INFO - Processando chamadoId: 11904
2025-05-24 22:28:58,182 - INFO - Enviando 10 chamados para geracao de keywords
2025-05-24 22:28:58,206 - INFO - ChamadoId 11904 processado e salvo no banco de dados.
2025-05-24 22:28:58,217 - INFO - Processando chamadoId: 11902
2025-05-24 22:28:58,240 - INFO - ChamadoId 11902 processado e salvo no banco de dados.
2025-05-24 22:28:58,252 - INFO - Processando chamadoId: 11900
2025-05-24 22:28:58,275 - INFO - ChamadoId 11900 processado e salvo no banco de dados.
2025-05-24 22:28:58,282 - ERROR - Erro ao enviar lote para Flask: HTTPConnectionPool(host='localhost', port=8080): Max retries exceeded with url: /prever (Caused by NewConnectionError('<urllib3.connection.HTTPConnection object at 0x000002327F81E360>: Failed to establish a new connection: [WinError 10061] Nenhuma conexão pôde ser feita porque a máquina de destino as recusou ativamente'))
2025-05-24 22:28:58,285 - INFO - Processando chamadoId: 11898
2025-05-24 22:28:58,296 - INFO - Processando chamadoId: 11926
2025-05-24 22:28:58,304 - INFO - ChamadoId 11898 processado e salvo no banco de dados.
2025-05-24 22:28:58,315 - INFO - Processando chamadoId: 11897
2025-05-24 22:28:58,318 - INFO - ChamadoId 11926 processado e salvo no banco de dados.
2025-05-24 22:28:58,330 - INFO - Processando chamadoId: 11925
2025-05-24 22:28:58,340 - INFO - ChamadoId 11897 processado e salvo no banco de dados.
2025-05-24 22:28:58,351 - INFO - Processando chamadoId: 11895
2025-05-24 22:28:58,355 - INFO - ChamadoId 11925 processado e salvo no banco de dados.
2025-05-24 22:28:58,367 - INFO - Processando chamadoId: 11923
2025-05-24 22:28:58,374 - INFO - ChamadoId 11895 processado e salvo no banco de dados.
2025-05-24 22:28:58,374 - INFO - Enviando 10 chamados para geracao de keywords
2025-05-24 22:28:58,385 - INFO - ChamadoId 11923 processado e salvo no banco de dados.
2025-05-24 22:28:58,397 - INFO - Processando chamadoId: 11922
2025-05-24 22:28:58,422 - INFO - ChamadoId 11922 processado e salvo no banco de dados.
2025-05-24 22:28:58,434 - INFO - Processando chamadoId: 11920
2025-05-24 22:28:58,459 - INFO - ChamadoId 11920 processado e salvo no banco de dados.
2025-05-24 22:28:58,470 - INFO - Processando chamadoId: 11918
2025-05-24 22:28:58,495 - INFO - ChamadoId 11918 processado e salvo no banco de dados.
2025-05-24 22:28:58,507 - INFO - Processando chamadoId: 11916
2025-05-24 22:28:58,528 - INFO - ChamadoId 11916 processado e salvo no banco de dados.
2025-05-24 22:28:58,540 - INFO - Processando chamadoId: 11915
2025-05-24 22:28:58,565 - INFO - ChamadoId 11915 processado e salvo no banco de dados.
2025-05-24 22:28:58,577 - INFO - Processando chamadoId: 11913
2025-05-24 22:28:58,598 - INFO - ChamadoId 11913 processado e salvo no banco de dados.
2025-05-24 22:28:58,609 - INFO - Processando chamadoId: 11912
2025-05-24 22:28:58,631 - INFO - ChamadoId 11912 processado e salvo no banco de dados.
2025-05-24 22:28:58,631 - INFO - Enviando 10 chamados para geracao de keywords
2025-05-24 22:28:58,896 - ERROR - Erro ao enviar lote para Flask: HTTPConnectionPool(host='localhost', port=8080): Max retries exceeded with url: /prever (Caused by NewConnectionError('<urllib3.connection.HTTPConnection object at 0x000002336EE55040>: Failed to establish a new connection: [WinError 10061] Nenhuma conexão pôde ser feita porque a máquina de destino as recusou ativamente'))
2025-05-24 22:28:58,897 - ERROR - Erro ao enviar lote para Flask: HTTPConnectionPool(host='localhost', port=8080): Max retries exceeded with url: /prever (Caused by NewConnectionError('<urllib3.connection.HTTPConnection object at 0x000002336EE57950>: Failed to establish a new connection: [WinError 10061] Nenhuma conexão pôde ser feita porque a máquina de destino as recusou ativamente'))
2025-05-24 22:28:58,910 - INFO - Processando chamadoId: 11926
2025-05-24 22:28:58,910 - INFO - Processando chamadoId: 11910
2025-05-24 22:28:58,943 - INFO - ChamadoId 11926 processado e salvo no banco de dados.
2025-05-24 22:28:58,946 - INFO - ChamadoId 11910 processado e salvo no banco de dados.
2025-05-24 22:28:58,956 - INFO - Processando chamadoId: 11925
2025-05-24 22:28:58,956 - INFO - Processando chamadoId: 11908
2025-05-24 22:28:58,988 - INFO - ChamadoId 11908 processado e salvo no banco de dados.
2025-05-24 22:28:58,991 - INFO - ChamadoId 11925 processado e salvo no banco de dados.
2025-05-24 22:28:59,001 - INFO - Processando chamadoId: 11907
2025-05-24 22:28:59,003 - INFO - Processando chamadoId: 11923
2025-05-24 22:28:59,030 - INFO - ChamadoId 11907 processado e salvo no banco de dados.
2025-05-24 22:28:59,030 - INFO - ChamadoId 11923 processado e salvo no banco de dados.
2025-05-24 22:28:59,041 - INFO - Processando chamadoId: 11906
2025-05-24 22:28:59,043 - INFO - Processando chamadoId: 11922
2025-05-24 22:28:59,075 - INFO - ChamadoId 11906 processado e salvo no banco de dados.
2025-05-24 22:28:59,078 - INFO - ChamadoId 11922 processado e salvo no banco de dados.
2025-05-24 22:28:59,088 - INFO - Processando chamadoId: 11904
2025-05-24 22:28:59,090 - INFO - Processando chamadoId: 11920
2025-05-24 22:28:59,119 - INFO - ChamadoId 11904 processado e salvo no banco de dados.
2025-05-24 22:28:59,124 - INFO - ChamadoId 11920 processado e salvo no banco de dados.
2025-05-24 22:28:59,130 - INFO - Processando chamadoId: 11902
2025-05-24 22:28:59,137 - INFO - Processando chamadoId: 11918
2025-05-24 22:28:59,156 - INFO - ChamadoId 11902 processado e salvo no banco de dados.
2025-05-24 22:28:59,164 - INFO - ChamadoId 11918 processado e salvo no banco de dados.
2025-05-24 22:28:59,165 - INFO - Processando chamadoId: 11900
2025-05-24 22:28:59,178 - INFO - Processando chamadoId: 11916
2025-05-24 22:28:59,189 - INFO - ChamadoId 11900 processado e salvo no banco de dados.
2025-05-24 22:28:59,198 - INFO - ChamadoId 11916 processado e salvo no banco de dados.
2025-05-24 22:28:59,200 - INFO - Processando chamadoId: 11898
2025-05-24 22:28:59,211 - INFO - Processando chamadoId: 11915
2025-05-24 22:28:59,219 - INFO - ChamadoId 11898 processado e salvo no banco de dados.
2025-05-24 22:28:59,233 - INFO - Processando chamadoId: 11897
2025-05-24 22:28:59,236 - INFO - ChamadoId 11915 processado e salvo no banco de dados.
2025-05-24 22:28:59,249 - INFO - Processando chamadoId: 11913
2025-05-24 22:28:59,255 - INFO - ChamadoId 11897 processado e salvo no banco de dados.
2025-05-24 22:28:59,269 - INFO - Processando chamadoId: 11895
2025-05-24 22:28:59,269 - INFO - ChamadoId 11913 processado e salvo no banco de dados.
2025-05-24 22:28:59,283 - INFO - Processando chamadoId: 11912
2025-05-24 22:28:59,294 - INFO - ChamadoId 11895 processado e salvo no banco de dados.
2025-05-24 22:28:59,295 - INFO - Enviando 10 chamados para geracao de keywords
2025-05-24 22:28:59,306 - INFO - ChamadoId 11912 processado e salvo no banco de dados.
2025-05-24 22:28:59,306 - INFO - Enviando 10 chamados para geracao de keywords
2025-05-24 22:28:59,555 - ERROR - Erro ao enviar lote para Flask: HTTPConnectionPool(host='localhost', port=8080): Max retries exceeded with url: /prever (Caused by NewConnectionError('<urllib3.connection.HTTPConnection object at 0x00000233046F9820>: Failed to establish a new connection: [WinError 10061] Nenhuma conexão pôde ser feita porque a máquina de destino as recusou ativamente'))
2025-05-24 22:28:59,566 - INFO - Processando chamadoId: 11910
2025-05-24 22:28:59,594 - INFO - ChamadoId 11910 processado e salvo no banco de dados.
2025-05-24 22:28:59,605 - INFO - Processando chamadoId: 11908
2025-05-24 22:28:59,628 - INFO - ChamadoId 11908 processado e salvo no banco de dados.
2025-05-24 22:28:59,640 - INFO - Processando chamadoId: 11907
2025-05-24 22:28:59,667 - INFO - ChamadoId 11907 processado e salvo no banco de dados.
2025-05-24 22:28:59,681 - INFO - Processando chamadoId: 11906
2025-05-24 22:28:59,703 - INFO - ChamadoId 11906 processado e salvo no banco de dados.
2025-05-24 22:28:59,715 - INFO - Processando chamadoId: 11904
2025-05-24 22:28:59,743 - INFO - ChamadoId 11904 processado e salvo no banco de dados.
2025-05-24 22:28:59,754 - INFO - Processando chamadoId: 11902
2025-05-24 22:28:59,776 - INFO - ChamadoId 11902 processado e salvo no banco de dados.
2025-05-24 22:28:59,787 - INFO - Processando chamadoId: 11900
2025-05-24 22:28:59,810 - INFO - ChamadoId 11900 processado e salvo no banco de dados.
2025-05-24 22:28:59,821 - INFO - Processando chamadoId: 11898
2025-05-24 22:28:59,839 - INFO - ChamadoId 11898 processado e salvo no banco de dados.
2025-05-24 22:28:59,850 - INFO - Processando chamadoId: 11897
2025-05-24 22:28:59,857 - ERROR - Erro ao enviar lote para Flask: HTTPConnectionPool(host='localhost', port=8080): Max retries exceeded with url: /prever (Caused by NewConnectionError('<urllib3.connection.HTTPConnection object at 0x00000233046F87D0>: Failed to establish a new connection: [WinError 10061] Nenhuma conexão pôde ser feita porque a máquina de destino as recusou ativamente'))
2025-05-24 22:28:59,867 - INFO - Processando chamadoId: 11910
2025-05-24 22:28:59,874 - INFO - ChamadoId 11897 processado e salvo no banco de dados.
2025-05-24 22:28:59,885 - INFO - Processando chamadoId: 11895
2025-05-24 22:28:59,893 - INFO - ChamadoId 11910 processado e salvo no banco de dados.
2025-05-24 22:28:59,902 - INFO - Processando chamadoId: 11908
2025-05-24 22:28:59,908 - INFO - ChamadoId 11895 processado e salvo no banco de dados.
2025-05-24 22:28:59,909 - INFO - Enviando 10 chamados para geracao de keywords
2025-05-24 22:28:59,927 - INFO - ChamadoId 11908 processado e salvo no banco de dados.
2025-05-24 22:28:59,938 - INFO - Processando chamadoId: 11907
2025-05-24 22:28:59,956 - INFO - ChamadoId 11907 processado e salvo no banco de dados.
2025-05-24 22:28:59,966 - INFO - Processando chamadoId: 11906
2025-05-24 22:28:59,986 - INFO - ChamadoId 11906 processado e salvo no banco de dados.
2025-05-24 22:28:59,997 - INFO - Processando chamadoId: 11904
2025-05-24 22:29:00,026 - INFO - ChamadoId 11904 processado e salvo no banco de dados.
2025-05-24 22:29:00,037 - INFO - Processando chamadoId: 11902
2025-05-24 22:29:00,065 - INFO - ChamadoId 11902 processado e salvo no banco de dados.
2025-05-24 22:29:00,077 - INFO - Processando chamadoId: 11900
2025-05-24 22:29:00,106 - INFO - ChamadoId 11900 processado e salvo no banco de dados.
2025-05-24 22:29:00,116 - INFO - Processando chamadoId: 11898
2025-05-24 22:29:00,134 - INFO - ChamadoId 11898 processado e salvo no banco de dados.
2025-05-24 22:29:00,145 - INFO - Processando chamadoId: 11897
2025-05-24 22:29:00,166 - INFO - ChamadoId 11897 processado e salvo no banco de dados.
2025-05-24 22:29:00,178 - INFO - Processando chamadoId: 11895
2025-05-24 22:29:00,199 - INFO - ChamadoId 11895 processado e salvo no banco de dados.
2025-05-24 22:29:00,200 - INFO - Enviando 10 chamados para geracao de keywords
2025-05-24 22:29:00,946 - ERROR - Erro ao enviar lote para Flask: HTTPConnectionPool(host='localhost', port=8081): Max retries exceeded with url: /extrair-keywords (Caused by NewConnectionError('<urllib3.connection.HTTPConnection object at 0x000002327F814290>: Failed to establish a new connection: [WinError 10061] Nenhuma conexão pôde ser feita porque a máquina de destino as recusou ativamente'))
2025-05-24 22:29:00,947 - INFO - Enviando 10 chamados para análise de emoções no Flask.
2025-05-24 22:29:01,259 - ERROR - Erro ao enviar lote para Flask: HTTPConnectionPool(host='localhost', port=8080): Max retries exceeded with url: /prever (Caused by NewConnectionError('<urllib3.connection.HTTPConnection object at 0x0000023340381F40>: Failed to establish a new connection: [WinError 10061] Nenhuma conexão pôde ser feita porque a máquina de destino as recusou ativamente'))
2025-05-24 22:29:01,272 - INFO - Processando chamadoId: 11910
2025-05-24 22:29:01,298 - INFO - ChamadoId 11910 processado e salvo no banco de dados.
2025-05-24 22:29:01,310 - INFO - Processando chamadoId: 11908
2025-05-24 22:29:01,331 - INFO - ChamadoId 11908 processado e salvo no banco de dados.
2025-05-24 22:29:01,343 - INFO - Processando chamadoId: 11907
2025-05-24 22:29:01,363 - INFO - ChamadoId 11907 processado e salvo no banco de dados.
2025-05-24 22:29:01,375 - INFO - Processando chamadoId: 11906
2025-05-24 22:29:01,400 - INFO - ChamadoId 11906 processado e salvo no banco de dados.
2025-05-24 22:29:01,413 - INFO - Processando chamadoId: 11904
2025-05-24 22:29:01,439 - INFO - ChamadoId 11904 processado e salvo no banco de dados.
2025-05-24 22:29:01,450 - INFO - Processando chamadoId: 11902
2025-05-24 22:29:01,476 - INFO - ChamadoId 11902 processado e salvo no banco de dados.
2025-05-24 22:29:01,487 - INFO - Processando chamadoId: 11900
2025-05-24 22:29:01,512 - INFO - ChamadoId 11900 processado e salvo no banco de dados.
2025-05-24 22:29:01,523 - INFO - Processando chamadoId: 11898
2025-05-24 22:29:01,541 - INFO - ChamadoId 11898 processado e salvo no banco de dados.
2025-05-24 22:29:01,553 - INFO - Processando chamadoId: 11897
2025-05-24 22:29:01,576 - INFO - ChamadoId 11897 processado e salvo no banco de dados.
2025-05-24 22:29:01,586 - INFO - Processando chamadoId: 11895
2025-05-24 22:29:01,609 - INFO - ChamadoId 11895 processado e salvo no banco de dados.
2025-05-24 22:29:01,610 - INFO - Enviando 10 chamados para geracao de keywords
2025-05-24 22:29:01,659 - ERROR - Erro ao enviar lote para Flask: HTTPConnectionPool(host='localhost', port=8081): Max retries exceeded with url: /extrair-keywords (Caused by NewConnectionError('<urllib3.connection.HTTPConnection object at 0x000002320772FC50>: Failed to establish a new connection: [WinError 10061] Nenhuma conexão pôde ser feita porque a máquina de destino as recusou ativamente'))
2025-05-24 22:29:01,659 - INFO - Enviando 10 chamados para análise de emoções no Flask.
2025-05-24 22:29:02,249 - ERROR - Erro ao enviar lote para Flask: HTTPConnectionPool(host='localhost', port=8081): Max retries exceeded with url: /extrair-keywords (Caused by NewConnectionError('<urllib3.connection.HTTPConnection object at 0x00000232077338F0>: Failed to establish a new connection: [WinError 10061] Nenhuma conexão pôde ser feita porque a máquina de destino as recusou ativamente'))
2025-05-24 22:29:02,250 - INFO - Enviando 10 chamados para análise de emoções no Flask.
2025-05-24 22:29:02,480 - ERROR - Erro ao enviar lote para Flask: HTTPConnectionPool(host='localhost', port=8081): Max retries exceeded with url: /extrair-keywords (Caused by NewConnectionError('<urllib3.connection.HTTPConnection object at 0x00000233D6B30A10>: Failed to establish a new connection: [WinError 10061] Nenhuma conexão pôde ser feita porque a máquina de destino as recusou ativamente'))
2025-05-24 22:29:02,480 - INFO - Enviando 10 chamados para análise de emoções no Flask.
2025-05-24 22:29:02,720 - ERROR - Erro ao enviar lote para Flask: HTTPConnectionPool(host='localhost', port=8081): Max retries exceeded with url: /extrair-keywords (Caused by NewConnectionError('<urllib3.connection.HTTPConnection object at 0x000002325555A090>: Failed to establish a new connection: [WinError 10061] Nenhuma conexão pôde ser feita porque a máquina de destino as recusou ativamente'))
2025-05-24 22:29:02,720 - INFO - Enviando 10 chamados para análise de emoções no Flask.
2025-05-24 22:29:03,361 - ERROR - Erro ao enviar lote para Flask: HTTPConnectionPool(host='localhost', port=8081): Max retries exceeded with url: /extrair-keywords (Caused by NewConnectionError('<urllib3.connection.HTTPConnection object at 0x000002327E4AE360>: Failed to establish a new connection: [WinError 10061] Nenhuma conexão pôde ser feita porque a máquina de destino as recusou ativamente'))
2025-05-24 22:29:03,362 - INFO - Enviando 10 chamados para análise de emoções no Flask.
2025-05-24 22:29:03,362 - ERROR - Erro ao enviar lote para Flask: HTTPConnectionPool(host='localhost', port=8081): Max retries exceeded with url: /extrair-keywords (Caused by NewConnectionError('<urllib3.connection.HTTPConnection object at 0x0000023208705910>: Failed to establish a new connection: [WinError 10061] Nenhuma conexão pôde ser feita porque a máquina de destino as recusou ativamente'))
2025-05-24 22:29:03,362 - INFO - Enviando 10 chamados para análise de emoções no Flask.
2025-05-24 22:29:03,999 - ERROR - Erro ao enviar lote para Flask: HTTPConnectionPool(host='localhost', port=8081): Max retries exceeded with url: /extrair-keywords (Caused by NewConnectionError('<urllib3.connection.HTTPConnection object at 0x00000232077E21B0>: Failed to establish a new connection: [WinError 10061] Nenhuma conexão pôde ser feita porque a máquina de destino as recusou ativamente'))
2025-05-24 22:29:03,999 - INFO - Enviando 10 chamados para análise de emoções no Flask.
2025-05-24 22:29:04,278 - ERROR - Erro ao enviar lote para Flask: HTTPConnectionPool(host='localhost', port=8081): Max retries exceeded with url: /extrair-keywords (Caused by NewConnectionError('<urllib3.connection.HTTPConnection object at 0x00000233046F9220>: Failed to establish a new connection: [WinError 10061] Nenhuma conexão pôde ser feita porque a máquina de destino as recusou ativamente'))
2025-05-24 22:29:04,278 - INFO - Enviando 10 chamados para análise de emoções no Flask.
2025-05-24 22:29:05,021 - ERROR - Erro ao enviar lote para Flask: HTTPConnectionPool(host='localhost', port=8080): Max retries exceeded with url: /prever (Caused by NewConnectionError('<urllib3.connection.HTTPConnection object at 0x00000233D6B33860>: Failed to establish a new connection: [WinError 10061] Nenhuma conexão pôde ser feita porque a máquina de destino as recusou ativamente'))
2025-05-24 22:29:05,033 - INFO - Processando chamadoId: 11893
2025-05-24 22:29:05,057 - INFO - ChamadoId 11893 processado e salvo no banco de dados.
2025-05-24 22:29:05,068 - INFO - Processando chamadoId: 11892
2025-05-24 22:29:05,095 - INFO - ChamadoId 11892 processado e salvo no banco de dados.
2025-05-24 22:29:05,106 - INFO - Processando chamadoId: 11890
2025-05-24 22:29:05,131 - INFO - ChamadoId 11890 processado e salvo no banco de dados.
2025-05-24 22:29:05,141 - INFO - Processando chamadoId: 11888
2025-05-24 22:29:05,165 - INFO - ChamadoId 11888 processado e salvo no banco de dados.
2025-05-24 22:29:05,177 - INFO - Processando chamadoId: 11886
2025-05-24 22:29:05,198 - INFO - ChamadoId 11886 processado e salvo no banco de dados.
2025-05-24 22:29:05,209 - INFO - Processando chamadoId: 11885
2025-05-24 22:29:05,231 - INFO - ChamadoId 11885 processado e salvo no banco de dados.
2025-05-24 22:29:05,242 - INFO - Processando chamadoId: 11884
2025-05-24 22:29:05,266 - INFO - ChamadoId 11884 processado e salvo no banco de dados.
2025-05-24 22:29:05,278 - INFO - Processando chamadoId: 11883
2025-05-24 22:29:05,299 - INFO - ChamadoId 11883 processado e salvo no banco de dados.
2025-05-24 22:29:05,310 - INFO - Processando chamadoId: 11882
2025-05-24 22:29:05,335 - INFO - ChamadoId 11882 processado e salvo no banco de dados.
2025-05-24 22:29:05,348 - INFO - Processando chamadoId: 11880
2025-05-24 22:29:05,376 - INFO - ChamadoId 11880 processado e salvo no banco de dados.
2025-05-24 22:29:05,377 - INFO - Enviando 10 chamados para geracao de keywords
2025-05-24 22:29:05,702 - ERROR - Erro ao enviar lote para Flask: HTTPConnectionPool(host='localhost', port=8081): Max retries exceeded with url: /extrair-keywords (Caused by NewConnectionError('<urllib3.connection.HTTPConnection object at 0x00000233D6B316A0>: Failed to establish a new connection: [WinError 10061] Nenhuma conexão pôde ser feita porque a máquina de destino as recusou ativamente'))
2025-05-24 22:29:05,702 - INFO - Enviando 10 chamados para análise de emoções no Flask.
2025-05-24 22:29:05,767 - ERROR - Erro ao enviar lote para Flask: HTTPConnectionPool(host='localhost', port=8080): Max retries exceeded with url: /prever (Caused by NewConnectionError('<urllib3.connection.HTTPConnection object at 0x000002336EE56B10>: Failed to establish a new connection: [WinError 10061] Nenhuma conexão pôde ser feita porque a máquina de destino as recusou ativamente'))
2025-05-24 22:29:05,780 - INFO - Processando chamadoId: 11910
2025-05-24 22:29:05,806 - INFO - ChamadoId 11910 processado e salvo no banco de dados.
2025-05-24 22:29:05,817 - INFO - Processando chamadoId: 11908
2025-05-24 22:29:05,840 - INFO - ChamadoId 11908 processado e salvo no banco de dados.
2025-05-24 22:29:05,851 - INFO - Processando chamadoId: 11907
2025-05-24 22:29:05,871 - INFO - ChamadoId 11907 processado e salvo no banco de dados.
2025-05-24 22:29:05,882 - INFO - Processando chamadoId: 11906
2025-05-24 22:29:05,906 - INFO - ChamadoId 11906 processado e salvo no banco de dados.
2025-05-24 22:29:05,918 - INFO - Processando chamadoId: 11904
2025-05-24 22:29:05,941 - INFO - ChamadoId 11904 processado e salvo no banco de dados.
2025-05-24 22:29:05,952 - INFO - Processando chamadoId: 11902
2025-05-24 22:29:05,974 - INFO - ChamadoId 11902 processado e salvo no banco de dados.
2025-05-24 22:29:05,985 - INFO - Processando chamadoId: 11900
2025-05-24 22:29:06,007 - INFO - ChamadoId 11900 processado e salvo no banco de dados.
2025-05-24 22:29:06,019 - INFO - Processando chamadoId: 11898
2025-05-24 22:29:06,037 - INFO - ChamadoId 11898 processado e salvo no banco de dados.
2025-05-24 22:29:06,049 - INFO - Processando chamadoId: 11897
2025-05-24 22:29:06,073 - INFO - ChamadoId 11897 processado e salvo no banco de dados.
2025-05-24 22:29:06,084 - INFO - Processando chamadoId: 11895
2025-05-24 22:29:06,107 - INFO - ChamadoId 11895 processado e salvo no banco de dados.
2025-05-24 22:29:06,107 - INFO - Enviando 10 chamados para geracao de keywords
2025-05-24 22:29:06,326 - ERROR - Erro ao enviar lote para Flask: HTTPConnectionPool(host='localhost', port=8080): Max retries exceeded with url: /prever (Caused by NewConnectionError('<urllib3.connection.HTTPConnection object at 0x000002336EC52E70>: Failed to establish a new connection: [WinError 10061] Nenhuma conexão pôde ser feita porque a máquina de destino as recusou ativamente'))
2025-05-24 22:29:06,338 - INFO - Processando chamadoId: 11910
2025-05-24 22:29:06,364 - INFO - ChamadoId 11910 processado e salvo no banco de dados.
2025-05-24 22:29:06,375 - INFO - Processando chamadoId: 11908
2025-05-24 22:29:06,397 - INFO - ChamadoId 11908 processado e salvo no banco de dados.
2025-05-24 22:29:06,409 - INFO - Processando chamadoId: 11907
2025-05-24 22:29:06,426 - INFO - ChamadoId 11907 processado e salvo no banco de dados.
2025-05-24 22:29:06,437 - INFO - Processando chamadoId: 11906
2025-05-24 22:29:06,460 - INFO - ChamadoId 11906 processado e salvo no banco de dados.
2025-05-24 22:29:06,470 - INFO - Processando chamadoId: 11904
2025-05-24 22:29:06,493 - INFO - ChamadoId 11904 processado e salvo no banco de dados.
2025-05-24 22:29:06,504 - INFO - Processando chamadoId: 11902
2025-05-24 22:29:06,527 - INFO - ChamadoId 11902 processado e salvo no banco de dados.
2025-05-24 22:29:06,538 - INFO - Processando chamadoId: 11900
2025-05-24 22:29:06,560 - INFO - ChamadoId 11900 processado e salvo no banco de dados.
2025-05-24 22:29:06,571 - INFO - Processando chamadoId: 11898
2025-05-24 22:29:06,588 - ERROR - Erro ao enviar lote para Flask: HTTPConnectionPool(host='localhost', port=8080): Max retries exceeded with url: /prever (Caused by NewConnectionError('<urllib3.connection.HTTPConnection object at 0x0000023340381F40>: Failed to establish a new connection: [WinError 10061] Nenhuma conexão pôde ser feita porque a máquina de destino as recusou ativamente'))
2025-05-24 22:29:06,589 - INFO - ChamadoId 11898 processado e salvo no banco de dados.
2025-05-24 22:29:06,601 - INFO - Processando chamadoId: 11893
2025-05-24 22:29:06,601 - INFO - Processando chamadoId: 11897
2025-05-24 22:29:06,624 - INFO - ChamadoId 11893 processado e salvo no banco de dados.
2025-05-24 22:29:06,629 - INFO - ChamadoId 11897 processado e salvo no banco de dados.
2025-05-24 22:29:06,646 - INFO - Processando chamadoId: 11892
2025-05-24 22:29:06,657 - INFO - Processando chamadoId: 11895
2025-05-24 22:29:06,674 - INFO - ChamadoId 11892 processado e salvo no banco de dados.
2025-05-24 22:29:06,680 - INFO - ChamadoId 11895 processado e salvo no banco de dados.
2025-05-24 22:29:06,681 - INFO - Enviando 10 chamados para geracao de keywords
2025-05-24 22:29:06,685 - INFO - Processando chamadoId: 11890
2025-05-24 22:29:06,708 - INFO - ChamadoId 11890 processado e salvo no banco de dados.
2025-05-24 22:29:06,719 - INFO - Processando chamadoId: 11888
2025-05-24 22:29:06,743 - INFO - ChamadoId 11888 processado e salvo no banco de dados.
2025-05-24 22:29:06,755 - INFO - Processando chamadoId: 11886
2025-05-24 22:29:06,775 - INFO - ChamadoId 11886 processado e salvo no banco de dados.
2025-05-24 22:29:06,788 - INFO - Processando chamadoId: 11885
2025-05-24 22:29:06,797 - ERROR - Erro ao enviar lote para Flask: HTTPConnectionPool(host='localhost', port=8080): Max retries exceeded with url: /prever (Caused by NewConnectionError('<urllib3.connection.HTTPConnection object at 0x00000232077E0D70>: Failed to establish a new connection: [WinError 10061] Nenhuma conexão pôde ser feita porque a máquina de destino as recusou ativamente'))
2025-05-24 22:29:06,810 - INFO - Processando chamadoId: 11910
2025-05-24 22:29:06,811 - INFO - ChamadoId 11885 processado e salvo no banco de dados.
2025-05-24 22:29:06,824 - INFO - Processando chamadoId: 11884
2025-05-24 22:29:06,835 - INFO - ChamadoId 11910 processado e salvo no banco de dados.
2025-05-24 22:29:06,842 - INFO - ChamadoId 11884 processado e salvo no banco de dados.
2025-05-24 22:29:06,845 - INFO - Processando chamadoId: 11908
2025-05-24 22:29:06,854 - INFO - Processando chamadoId: 11883
2025-05-24 22:29:06,872 - INFO - ChamadoId 11908 processado e salvo no banco de dados.
2025-05-24 22:29:06,872 - INFO - ChamadoId 11883 processado e salvo no banco de dados.
2025-05-24 22:29:06,883 - INFO - Processando chamadoId: 11907
2025-05-24 22:29:06,883 - INFO - Processando chamadoId: 11882
2025-05-24 22:29:06,909 - INFO - ChamadoId 11907 processado e salvo no banco de dados.
2025-05-24 22:29:06,914 - INFO - ChamadoId 11882 processado e salvo no banco de dados.
2025-05-24 22:29:06,921 - INFO - Processando chamadoId: 11906
2025-05-24 22:29:06,924 - INFO - Processando chamadoId: 11880
2025-05-24 22:29:06,956 - INFO - ChamadoId 11906 processado e salvo no banco de dados.
2025-05-24 22:29:06,956 - INFO - ChamadoId 11880 processado e salvo no banco de dados.
2025-05-24 22:29:06,957 - INFO - Enviando 10 chamados para geracao de keywords
2025-05-24 22:29:06,967 - INFO - Processando chamadoId: 11904
2025-05-24 22:29:06,991 - INFO - ChamadoId 11904 processado e salvo no banco de dados.
2025-05-24 22:29:07,003 - INFO - Processando chamadoId: 11902
2025-05-24 22:29:07,028 - INFO - ChamadoId 11902 processado e salvo no banco de dados.
2025-05-24 22:29:07,040 - INFO - Processando chamadoId: 11900
2025-05-24 22:29:07,063 - INFO - ChamadoId 11900 processado e salvo no banco de dados.
2025-05-24 22:29:07,074 - INFO - Processando chamadoId: 11898
2025-05-24 22:29:07,095 - INFO - ChamadoId 11898 processado e salvo no banco de dados.
2025-05-24 22:29:07,107 - INFO - Processando chamadoId: 11897
2025-05-24 22:29:07,129 - INFO - ChamadoId 11897 processado e salvo no banco de dados.
2025-05-24 22:29:07,141 - INFO - Processando chamadoId: 11895
2025-05-24 22:29:07,165 - INFO - ChamadoId 11895 processado e salvo no banco de dados.
2025-05-24 22:29:07,166 - INFO - Enviando 10 chamados para geracao de keywords
2025-05-24 22:29:07,424 - ERROR - Erro ao enviar lote para Flask: HTTPConnectionPool(host='localhost', port=8080): Max retries exceeded with url: /prever (Caused by NewConnectionError('<urllib3.connection.HTTPConnection object at 0x000002336EF34F80>: Failed to establish a new connection: [WinError 10061] Nenhuma conexão pôde ser feita porque a máquina de destino as recusou ativamente'))
2025-05-24 22:29:07,424 - ERROR - Erro ao enviar lote para Flask: HTTPConnectionPool(host='localhost', port=8080): Max retries exceeded with url: /prever (Caused by NewConnectionError('<urllib3.connection.HTTPConnection object at 0x000002327F81CEF0>: Failed to establish a new connection: [WinError 10061] Nenhuma conexão pôde ser feita porque a máquina de destino as recusou ativamente'))
2025-05-24 22:29:07,436 - INFO - Processando chamadoId: 11893
2025-05-24 22:29:07,439 - INFO - Processando chamadoId: 11910
2025-05-24 22:29:07,465 - INFO - ChamadoId 11893 processado e salvo no banco de dados.
2025-05-24 22:29:07,473 - INFO - ChamadoId 11910 processado e salvo no banco de dados.
2025-05-24 22:29:07,476 - INFO - Processando chamadoId: 11892
2025-05-24 22:29:07,487 - INFO - Processando chamadoId: 11908
2025-05-24 22:29:07,504 - INFO - ChamadoId 11892 processado e salvo no banco de dados.
2025-05-24 22:29:07,519 - INFO - Processando chamadoId: 11890
2025-05-24 22:29:07,519 - INFO - ChamadoId 11908 processado e salvo no banco de dados.
2025-05-24 22:29:07,533 - INFO - Processando chamadoId: 11907
2025-05-24 22:29:07,543 - INFO - ChamadoId 11890 processado e salvo no banco de dados.
2025-05-24 22:29:07,554 - INFO - ChamadoId 11907 processado e salvo no banco de dados.
2025-05-24 22:29:07,556 - INFO - Processando chamadoId: 11888
2025-05-24 22:29:07,568 - INFO - Processando chamadoId: 11906
2025-05-24 22:29:07,579 - INFO - ChamadoId 11888 processado e salvo no banco de dados.
2025-05-24 22:29:07,592 - INFO - Processando chamadoId: 11886
2025-05-24 22:29:07,592 - INFO - ChamadoId 11906 processado e salvo no banco de dados.
2025-05-24 22:29:07,605 - INFO - Processando chamadoId: 11904
2025-05-24 22:29:07,613 - INFO - ChamadoId 11886 processado e salvo no banco de dados.
2025-05-24 22:29:07,625 - INFO - Processando chamadoId: 11885
2025-05-24 22:29:07,632 - INFO - ChamadoId 11904 processado e salvo no banco de dados.
2025-05-24 22:29:07,647 - INFO - ChamadoId 11885 processado e salvo no banco de dados.
2025-05-24 22:29:07,647 - INFO - Processando chamadoId: 11902
2025-05-24 22:29:07,661 - INFO - Processando chamadoId: 11884
2025-05-24 22:29:07,673 - INFO - ChamadoId 11902 processado e salvo no banco de dados.
2025-05-24 22:29:07,680 - INFO - ChamadoId 11884 processado e salvo no banco de dados.
2025-05-24 22:29:07,687 - INFO - Processando chamadoId: 11900
2025-05-24 22:29:07,693 - INFO - Processando chamadoId: 11883
2025-05-24 22:29:07,720 - INFO - ChamadoId 11883 processado e salvo no banco de dados.
2025-05-24 22:29:07,720 - INFO - ChamadoId 11900 processado e salvo no banco de dados.
2025-05-24 22:29:07,731 - INFO - Processando chamadoId: 11882
2025-05-24 22:29:07,732 - INFO - Processando chamadoId: 11898
2025-05-24 22:29:07,759 - INFO - ChamadoId 11898 processado e salvo no banco de dados.
2025-05-24 22:29:07,763 - INFO - ChamadoId 11882 processado e salvo no banco de dados.
2025-05-24 22:29:07,772 - INFO - Processando chamadoId: 11897
2025-05-24 22:29:07,775 - INFO - Processando chamadoId: 11880
2025-05-24 22:29:07,804 - INFO - ChamadoId 11897 processado e salvo no banco de dados.
2025-05-24 22:29:07,811 - INFO - ChamadoId 11880 processado e salvo no banco de dados.
2025-05-24 22:29:07,811 - INFO - Enviando 10 chamados para geracao de keywords
2025-05-24 22:29:07,817 - INFO - Processando chamadoId: 11895
2025-05-24 22:29:07,842 - INFO - ChamadoId 11895 processado e salvo no banco de dados.
2025-05-24 22:29:07,842 - INFO - Enviando 10 chamados para geracao de keywords
2025-05-24 22:29:08,095 - ERROR - Erro ao enviar lote para Flask: HTTPConnectionPool(host='localhost', port=8080): Max retries exceeded with url: /prever (Caused by NewConnectionError('<urllib3.connection.HTTPConnection object at 0x00000233D6B31FA0>: Failed to establish a new connection: [WinError 10061] Nenhuma conexão pôde ser feita porque a máquina de destino as recusou ativamente'))
2025-05-24 22:29:08,108 - INFO - Processando chamadoId: 11893
2025-05-24 22:29:08,131 - INFO - ChamadoId 11893 processado e salvo no banco de dados.
2025-05-24 22:29:08,142 - INFO - Processando chamadoId: 11892
2025-05-24 22:29:08,165 - INFO - ChamadoId 11892 processado e salvo no banco de dados.
2025-05-24 22:29:08,179 - INFO - Processando chamadoId: 11890
2025-05-24 22:29:08,203 - INFO - ChamadoId 11890 processado e salvo no banco de dados.
2025-05-24 22:29:08,215 - INFO - Processando chamadoId: 11888
2025-05-24 22:29:08,239 - INFO - ChamadoId 11888 processado e salvo no banco de dados.
2025-05-24 22:29:08,251 - INFO - Processando chamadoId: 11886
2025-05-24 22:29:08,271 - INFO - ChamadoId 11886 processado e salvo no banco de dados.
2025-05-24 22:29:08,282 - INFO - Processando chamadoId: 11885
2025-05-24 22:29:08,302 - INFO - ChamadoId 11885 processado e salvo no banco de dados.
2025-05-24 22:29:08,314 - INFO - Processando chamadoId: 11884
2025-05-24 22:29:08,332 - INFO - ChamadoId 11884 processado e salvo no banco de dados.
2025-05-24 22:29:08,343 - INFO - Processando chamadoId: 11883
2025-05-24 22:29:08,360 - ERROR - Erro ao enviar lote para Flask: HTTPConnectionPool(host='localhost', port=8080): Max retries exceeded with url: /prever (Caused by NewConnectionError('<urllib3.connection.HTTPConnection object at 0x000002336EE57530>: Failed to establish a new connection: [WinError 10061] Nenhuma conexão pôde ser feita porque a máquina de destino as recusou ativamente'))
2025-05-24 22:29:08,362 - INFO - ChamadoId 11883 processado e salvo no banco de dados.
2025-05-24 22:29:08,370 - INFO - Processando chamadoId: 11882
2025-05-24 22:29:08,371 - INFO - Processando chamadoId: 11893
2025-05-24 22:29:08,393 - INFO - ChamadoId 11893 processado e salvo no banco de dados.
2025-05-24 22:29:08,399 - INFO - ChamadoId 11882 processado e salvo no banco de dados.
2025-05-24 22:29:08,403 - INFO - Processando chamadoId: 11892
2025-05-24 22:29:08,410 - INFO - Processando chamadoId: 11880
2025-05-24 22:29:08,427 - INFO - ChamadoId 11892 processado e salvo no banco de dados.
2025-05-24 22:29:08,437 - INFO - Processando chamadoId: 11890
2025-05-24 22:29:08,437 - INFO - ChamadoId 11880 processado e salvo no banco de dados.
2025-05-24 22:29:08,438 - INFO - Enviando 10 chamados para geracao de keywords
2025-05-24 22:29:08,460 - INFO - ChamadoId 11890 processado e salvo no banco de dados.
2025-05-24 22:29:08,470 - INFO - Processando chamadoId: 11888
2025-05-24 22:29:08,492 - INFO - ChamadoId 11888 processado e salvo no banco de dados.
2025-05-24 22:29:08,502 - INFO - Processando chamadoId: 11886
2025-05-24 22:29:08,519 - INFO - ChamadoId 11886 processado e salvo no banco de dados.
2025-05-24 22:29:08,531 - INFO - Processando chamadoId: 11885
2025-05-24 22:29:08,551 - INFO - ChamadoId 11885 processado e salvo no banco de dados.
2025-05-24 22:29:08,567 - INFO - Processando chamadoId: 11884
2025-05-24 22:29:08,585 - INFO - ChamadoId 11884 processado e salvo no banco de dados.
2025-05-24 22:29:08,596 - INFO - Processando chamadoId: 11883
2025-05-24 22:29:08,617 - INFO - ChamadoId 11883 processado e salvo no banco de dados.
2025-05-24 22:29:08,627 - INFO - Processando chamadoId: 11882
2025-05-24 22:29:08,656 - INFO - ChamadoId 11882 processado e salvo no banco de dados.
2025-05-24 22:29:08,668 - INFO - Processando chamadoId: 11880
2025-05-24 22:29:08,698 - INFO - ChamadoId 11880 processado e salvo no banco de dados.
2025-05-24 22:29:08,699 - INFO - Enviando 10 chamados para geracao de keywords
2025-05-24 22:29:09,438 - ERROR - Erro ao enviar lote para Flask: HTTPConnectionPool(host='localhost', port=8081): Max retries exceeded with url: /extrair-keywords (Caused by NewConnectionError('<urllib3.connection.HTTPConnection object at 0x000002336EE55370>: Failed to establish a new connection: [WinError 10061] Nenhuma conexão pôde ser feita porque a máquina de destino as recusou ativamente'))
2025-05-24 22:29:09,439 - INFO - Enviando 10 chamados para análise de emoções no Flask.
2025-05-24 22:29:09,783 - ERROR - Erro ao enviar lote para Flask: HTTPConnectionPool(host='localhost', port=8080): Max retries exceeded with url: /prever (Caused by NewConnectionError('<urllib3.connection.HTTPConnection object at 0x00000232077E27E0>: Failed to establish a new connection: [WinError 10061] Nenhuma conexão pôde ser feita porque a máquina de destino as recusou ativamente'))
2025-05-24 22:29:09,794 - INFO - Processando chamadoId: 11893
2025-05-24 22:29:09,814 - INFO - ChamadoId 11893 processado e salvo no banco de dados.
2025-05-24 22:29:09,826 - INFO - Processando chamadoId: 11892
2025-05-24 22:29:09,850 - INFO - ChamadoId 11892 processado e salvo no banco de dados.
2025-05-24 22:29:09,862 - INFO - Processando chamadoId: 11890
2025-05-24 22:29:09,886 - INFO - ChamadoId 11890 processado e salvo no banco de dados.
2025-05-24 22:29:09,899 - INFO - Processando chamadoId: 11888
2025-05-24 22:29:09,923 - INFO - ChamadoId 11888 processado e salvo no banco de dados.
2025-05-24 22:29:09,935 - INFO - Processando chamadoId: 11886
2025-05-24 22:29:09,955 - INFO - ChamadoId 11886 processado e salvo no banco de dados.
2025-05-24 22:29:09,966 - INFO - Processando chamadoId: 11885
2025-05-24 22:29:09,987 - INFO - ChamadoId 11885 processado e salvo no banco de dados.
2025-05-24 22:29:09,998 - INFO - Processando chamadoId: 11884
2025-05-24 22:29:10,020 - INFO - ChamadoId 11884 processado e salvo no banco de dados.
2025-05-24 22:29:10,032 - INFO - Processando chamadoId: 11883
2025-05-24 22:29:10,053 - INFO - ChamadoId 11883 processado e salvo no banco de dados.
2025-05-24 22:29:10,065 - INFO - Processando chamadoId: 11882
2025-05-24 22:29:10,089 - INFO - ChamadoId 11882 processado e salvo no banco de dados.
2025-05-24 22:29:10,101 - INFO - Processando chamadoId: 11880
2025-05-24 22:29:10,127 - INFO - ChamadoId 11880 processado e salvo no banco de dados.
2025-05-24 22:29:10,128 - INFO - Enviando 10 chamados para geracao de keywords
2025-05-24 22:29:10,197 - ERROR - Erro ao enviar lote para Flask: HTTPConnectionPool(host='localhost', port=8081): Max retries exceeded with url: /extrair-keywords (Caused by NewConnectionError('<urllib3.connection.HTTPConnection object at 0x000002320772ED80>: Failed to establish a new connection: [WinError 10061] Nenhuma conexão pôde ser feita porque a máquina de destino as recusou ativamente'))
2025-05-24 22:29:10,199 - INFO - Enviando 10 chamados para análise de emoções no Flask.
2025-05-24 22:29:10,772 - ERROR - Erro ao enviar lote para Flask: HTTPConnectionPool(host='localhost', port=8081): Max retries exceeded with url: /extrair-keywords (Caused by NewConnectionError('<urllib3.connection.HTTPConnection object at 0x0000023207733AA0>: Failed to establish a new connection: [WinError 10061] Nenhuma conexão pôde ser feita porque a máquina de destino as recusou ativamente'))
2025-05-24 22:29:10,772 - INFO - Enviando 10 chamados para análise de emoções no Flask.
2025-05-24 22:29:11,020 - ERROR - Erro ao enviar lote para Flask: HTTPConnectionPool(host='localhost', port=8081): Max retries exceeded with url: /extrair-keywords (Caused by NewConnectionError('<urllib3.connection.HTTPConnection object at 0x00000233D6B30E00>: Failed to establish a new connection: [WinError 10061] Nenhuma conexão pôde ser feita porque a máquina de destino as recusou ativamente'))
2025-05-24 22:29:11,021 - INFO - Enviando 10 chamados para análise de emoções no Flask.
2025-05-24 22:29:11,227 - ERROR - Erro ao enviar lote para Flask: HTTPConnectionPool(host='localhost', port=8081): Max retries exceeded with url: /extrair-keywords (Caused by NewConnectionError('<urllib3.connection.HTTPConnection object at 0x00000233D6B31370>: Failed to establish a new connection: [WinError 10061] Nenhuma conexão pôde ser feita porque a máquina de destino as recusou ativamente'))
2025-05-24 22:29:11,228 - INFO - Enviando 10 chamados para análise de emoções no Flask.
2025-05-24 22:29:11,868 - ERROR - Erro ao enviar lote para Flask: HTTPConnectionPool(host='localhost', port=8081): Max retries exceeded with url: /extrair-keywords (Caused by NewConnectionError('<urllib3.connection.HTTPConnection object at 0x000002327E4ADB20>: Failed to establish a new connection: [WinError 10061] Nenhuma conexão pôde ser feita porque a máquina de destino as recusou ativamente'))
2025-05-24 22:29:11,869 - INFO - Enviando 10 chamados para análise de emoções no Flask.
2025-05-24 22:29:11,915 - ERROR - Erro ao enviar lote para Flask: HTTPConnectionPool(host='localhost', port=8081): Max retries exceeded with url: /extrair-keywords (Caused by NewConnectionError('<urllib3.connection.HTTPConnection object at 0x00000233D6B31820>: Failed to establish a new connection: [WinError 10061] Nenhuma conexão pôde ser feita porque a máquina de destino as recusou ativamente'))
2025-05-24 22:29:11,916 - INFO - Enviando 10 chamados para análise de emoções no Flask.
2025-05-24 22:29:12,525 - ERROR - Erro ao enviar lote para Flask: HTTPConnectionPool(host='localhost', port=8081): Max retries exceeded with url: /extrair-keywords (Caused by NewConnectionError('<urllib3.connection.HTTPConnection object at 0x00000232077E3BF0>: Failed to establish a new connection: [WinError 10061] Nenhuma conexão pôde ser feita porque a máquina de destino as recusou ativamente'))
2025-05-24 22:29:12,526 - INFO - Enviando 10 chamados para análise de emoções no Flask.
2025-05-24 22:29:12,768 - ERROR - Erro ao enviar lote para Flask: HTTPConnectionPool(host='localhost', port=8081): Max retries exceeded with url: /extrair-keywords (Caused by NewConnectionError('<urllib3.connection.HTTPConnection object at 0x00000232077E13A0>: Failed to establish a new connection: [WinError 10061] Nenhuma conexão pôde ser feita porque a máquina de destino as recusou ativamente'))
2025-05-24 22:29:12,769 - INFO - Enviando 10 chamados para análise de emoções no Flask.
2025-05-24 22:29:13,527 - ERROR - Erro ao enviar lote para Flask: HTTPConnectionPool(host='localhost', port=8080): Max retries exceeded with url: /prever (Caused by NewConnectionError('<urllib3.connection.HTTPConnection object at 0x00000232077E29F0>: Failed to establish a new connection: [WinError 10061] Nenhuma conexão pôde ser feita porque a máquina de destino as recusou ativamente'))
2025-05-24 22:29:13,539 - INFO - Processando chamadoId: 11878
2025-05-24 22:29:13,569 - INFO - ChamadoId 11878 processado e salvo no banco de dados.
2025-05-24 22:29:13,581 - INFO - Processando chamadoId: 11876
2025-05-24 22:29:13,610 - INFO - ChamadoId 11876 processado e salvo no banco de dados.
2025-05-24 22:29:13,620 - INFO - Processando chamadoId: 11874
2025-05-24 22:29:13,642 - INFO - ChamadoId 11874 processado e salvo no banco de dados.
2025-05-24 22:29:13,654 - INFO - Processando chamadoId: 11873
2025-05-24 22:29:13,683 - INFO - ChamadoId 11873 processado e salvo no banco de dados.
2025-05-24 22:29:13,694 - INFO - Processando chamadoId: 11871
2025-05-24 22:29:13,729 - INFO - ChamadoId 11871 processado e salvo no banco de dados.
2025-05-24 22:29:13,739 - INFO - Processando chamadoId: 11869
2025-05-24 22:29:13,767 - INFO - ChamadoId 11869 processado e salvo no banco de dados.
2025-05-24 22:29:13,778 - INFO - Processando chamadoId: 11867
2025-05-24 22:29:13,806 - INFO - ChamadoId 11867 processado e salvo no banco de dados.
2025-05-24 22:29:13,816 - INFO - Processando chamadoId: 11865
2025-05-24 22:29:13,838 - INFO - ChamadoId 11865 processado e salvo no banco de dados.
2025-05-24 22:29:13,848 - INFO - Processando chamadoId: 11864
2025-05-24 22:29:13,875 - INFO - ChamadoId 11864 processado e salvo no banco de dados.
2025-05-24 22:29:13,885 - INFO - Processando chamadoId: 11862
2025-05-24 22:29:13,908 - INFO - ChamadoId 11862 processado e salvo no banco de dados.
2025-05-24 22:29:13,908 - INFO - Enviando 10 chamados para geracao de keywords
2025-05-24 22:29:14,199 - ERROR - Erro ao enviar lote para Flask: HTTPConnectionPool(host='localhost', port=8081): Max retries exceeded with url: /extrair-keywords (Caused by NewConnectionError('<urllib3.connection.HTTPConnection object at 0x000002336EF341A0>: Failed to establish a new connection: [WinError 10061] Nenhuma conexão pôde ser feita porque a máquina de destino as recusou ativamente'))
2025-05-24 22:29:14,199 - INFO - Enviando 10 chamados para análise de emoções no Flask.
2025-05-24 22:29:14,262 - ERROR - Erro ao enviar lote para Flask: HTTPConnectionPool(host='localhost', port=8080): Max retries exceeded with url: /prever (Caused by NewConnectionError('<urllib3.connection.HTTPConnection object at 0x00000233D6B33F80>: Failed to establish a new connection: [WinError 10061] Nenhuma conexão pôde ser feita porque a máquina de destino as recusou ativamente'))
2025-05-24 22:29:14,274 - INFO - Processando chamadoId: 11893
2025-05-24 22:29:14,298 - INFO - ChamadoId 11893 processado e salvo no banco de dados.
2025-05-24 22:29:14,309 - INFO - Processando chamadoId: 11892
2025-05-24 22:29:14,331 - INFO - ChamadoId 11892 processado e salvo no banco de dados.
2025-05-24 22:29:14,343 - INFO - Processando chamadoId: 11890
2025-05-24 22:29:14,368 - INFO - ChamadoId 11890 processado e salvo no banco de dados.
2025-05-24 22:29:14,379 - INFO - Processando chamadoId: 11888
2025-05-24 22:29:14,400 - INFO - ChamadoId 11888 processado e salvo no banco de dados.
2025-05-24 22:29:14,410 - INFO - Processando chamadoId: 11886
2025-05-24 22:29:14,430 - INFO - ChamadoId 11886 processado e salvo no banco de dados.
2025-05-24 22:29:14,442 - INFO - Processando chamadoId: 11885
2025-05-24 22:29:14,464 - INFO - ChamadoId 11885 processado e salvo no banco de dados.
2025-05-24 22:29:14,475 - INFO - Processando chamadoId: 11884
2025-05-24 22:29:14,496 - INFO - ChamadoId 11884 processado e salvo no banco de dados.
2025-05-24 22:29:14,508 - INFO - Processando chamadoId: 11883
2025-05-24 22:29:14,530 - INFO - ChamadoId 11883 processado e salvo no banco de dados.
2025-05-24 22:29:14,541 - INFO - Processando chamadoId: 11882
2025-05-24 22:29:14,565 - INFO - ChamadoId 11882 processado e salvo no banco de dados.
2025-05-24 22:29:14,577 - INFO - Processando chamadoId: 11880
2025-05-24 22:29:14,602 - INFO - ChamadoId 11880 processado e salvo no banco de dados.
2025-05-24 22:29:14,602 - INFO - Enviando 10 chamados para geracao de keywords
2025-05-24 22:29:14,834 - ERROR - Erro ao enviar lote para Flask: HTTPConnectionPool(host='localhost', port=8080): Max retries exceeded with url: /prever (Caused by NewConnectionError('<urllib3.connection.HTTPConnection object at 0x000002336EE549B0>: Failed to establish a new connection: [WinError 10061] Nenhuma conexão pôde ser feita porque a máquina de destino as recusou ativamente'))
2025-05-24 22:29:14,847 - INFO - Processando chamadoId: 11893
2025-05-24 22:29:14,868 - INFO - ChamadoId 11893 processado e salvo no banco de dados.
2025-05-24 22:29:14,879 - INFO - Processando chamadoId: 11892
2025-05-24 22:29:14,905 - INFO - ChamadoId 11892 processado e salvo no banco de dados.
2025-05-24 22:29:14,915 - INFO - Processando chamadoId: 11890
2025-05-24 22:29:14,938 - INFO - ChamadoId 11890 processado e salvo no banco de dados.
2025-05-24 22:29:14,950 - INFO - Processando chamadoId: 11888
2025-05-24 22:29:14,971 - INFO - ChamadoId 11888 processado e salvo no banco de dados.
2025-05-24 22:29:14,983 - INFO - Processando chamadoId: 11886
2025-05-24 22:29:15,002 - INFO - ChamadoId 11886 processado e salvo no banco de dados.
2025-05-24 22:29:15,012 - INFO - Processando chamadoId: 11885
2025-05-24 22:29:15,030 - INFO - ChamadoId 11885 processado e salvo no banco de dados.
2025-05-24 22:29:15,040 - INFO - Processando chamadoId: 11884
2025-05-24 22:29:15,061 - INFO - ChamadoId 11884 processado e salvo no banco de dados.
2025-05-24 22:29:15,072 - INFO - Processando chamadoId: 11883
2025-05-24 22:29:15,079 - ERROR - Erro ao enviar lote para Flask: HTTPConnectionPool(host='localhost', port=8080): Max retries exceeded with url: /prever (Caused by NewConnectionError('<urllib3.connection.HTTPConnection object at 0x00000232555856A0>: Failed to establish a new connection: [WinError 10061] Nenhuma conexão pôde ser feita porque a máquina de destino as recusou ativamente'))
2025-05-24 22:29:15,091 - INFO - Processando chamadoId: 11878
2025-05-24 22:29:15,098 - INFO - ChamadoId 11883 processado e salvo no banco de dados.
2025-05-24 22:29:15,109 - INFO - Processando chamadoId: 11882
2025-05-24 22:29:15,125 - INFO - ChamadoId 11878 processado e salvo no banco de dados.
2025-05-24 22:29:15,138 - INFO - ChamadoId 11882 processado e salvo no banco de dados.
2025-05-24 22:29:15,139 - INFO - Processando chamadoId: 11876
2025-05-24 22:29:15,152 - INFO - Processando chamadoId: 11880
2025-05-24 22:29:15,174 - INFO - ChamadoId 11876 processado e salvo no banco de dados.
2025-05-24 22:29:15,183 - INFO - ChamadoId 11880 processado e salvo no banco de dados.
2025-05-24 22:29:15,183 - INFO - Enviando 10 chamados para geracao de keywords
2025-05-24 22:29:15,185 - INFO - Processando chamadoId: 11874
2025-05-24 22:29:15,206 - INFO - ChamadoId 11874 processado e salvo no banco de dados.
2025-05-24 22:29:15,218 - INFO - Processando chamadoId: 11873
2025-05-24 22:29:15,251 - INFO - ChamadoId 11873 processado e salvo no banco de dados.
2025-05-24 22:29:15,263 - INFO - Processando chamadoId: 11871
2025-05-24 22:29:15,293 - INFO - ChamadoId 11871 processado e salvo no banco de dados.
2025-05-24 22:29:15,298 - ERROR - Erro ao enviar lote para Flask: HTTPConnectionPool(host='localhost', port=8080): Max retries exceeded with url: /prever (Caused by NewConnectionError('<urllib3.connection.HTTPConnection object at 0x00000232077E1580>: Failed to establish a new connection: [WinError 10061] Nenhuma conexão pôde ser feita porque a máquina de destino as recusou ativamente'))
2025-05-24 22:29:15,305 - INFO - Processando chamadoId: 11869
2025-05-24 22:29:15,319 - INFO - Processando chamadoId: 11893
2025-05-24 22:29:15,341 - INFO - ChamadoId 11869 processado e salvo no banco de dados.
2025-05-24 22:29:15,344 - INFO - ChamadoId 11893 processado e salvo no banco de dados.
2025-05-24 22:29:15,352 - INFO - Processando chamadoId: 11867
2025-05-24 22:29:15,356 - INFO - Processando chamadoId: 11892
2025-05-24 22:29:15,390 - INFO - ChamadoId 11892 processado e salvo no banco de dados.
2025-05-24 22:29:15,391 - INFO - ChamadoId 11867 processado e salvo no banco de dados.
2025-05-24 22:29:15,404 - INFO - Processando chamadoId: 11865
2025-05-24 22:29:15,405 - INFO - Processando chamadoId: 11890
2025-05-24 22:29:15,435 - INFO - ChamadoId 11865 processado e salvo no banco de dados.
2025-05-24 22:29:15,444 - INFO - ChamadoId 11890 processado e salvo no banco de dados.
2025-05-24 22:29:15,446 - INFO - Processando chamadoId: 11864
2025-05-24 22:29:15,457 - INFO - Processando chamadoId: 11888
2025-05-24 22:29:15,473 - INFO - ChamadoId 11864 processado e salvo no banco de dados.
2025-05-24 22:29:15,483 - INFO - Processando chamadoId: 11862
2025-05-24 22:29:15,483 - INFO - ChamadoId 11888 processado e salvo no banco de dados.
2025-05-24 22:29:15,497 - INFO - Processando chamadoId: 11886
2025-05-24 22:29:15,504 - INFO - ChamadoId 11862 processado e salvo no banco de dados.
2025-05-24 22:29:15,505 - INFO - Enviando 10 chamados para geracao de keywords
2025-05-24 22:29:15,517 - INFO - ChamadoId 11886 processado e salvo no banco de dados.
2025-05-24 22:29:15,530 - INFO - Processando chamadoId: 11885
2025-05-24 22:29:15,558 - INFO - ChamadoId 11885 processado e salvo no banco de dados.
2025-05-24 22:29:15,572 - INFO - Processando chamadoId: 11884
2025-05-24 22:29:15,594 - INFO - ChamadoId 11884 processado e salvo no banco de dados.
2025-05-24 22:29:15,608 - INFO - Processando chamadoId: 11883
2025-05-24 22:29:15,634 - INFO - ChamadoId 11883 processado e salvo no banco de dados.
2025-05-24 22:29:15,645 - INFO - Processando chamadoId: 11882
2025-05-24 22:29:15,670 - INFO - ChamadoId 11882 processado e salvo no banco de dados.
2025-05-24 22:29:15,683 - INFO - Processando chamadoId: 11880
2025-05-24 22:29:15,707 - INFO - ChamadoId 11880 processado e salvo no banco de dados.
2025-05-24 22:29:15,707 - INFO - Enviando 10 chamados para geracao de keywords
2025-05-24 22:29:15,975 - ERROR - Erro ao enviar lote para Flask: HTTPConnectionPool(host='localhost', port=8080): Max retries exceeded with url: /prever (Caused by NewConnectionError('<urllib3.connection.HTTPConnection object at 0x00000232077E35F0>: Failed to establish a new connection: [WinError 10061] Nenhuma conexão pôde ser feita porque a máquina de destino as recusou ativamente'))
2025-05-24 22:29:15,989 - INFO - Processando chamadoId: 11878
2025-05-24 22:29:16,006 - ERROR - Erro ao enviar lote para Flask: HTTPConnectionPool(host='localhost', port=8080): Max retries exceeded with url: /prever (Caused by NewConnectionError('<urllib3.connection.HTTPConnection object at 0x000002327F814B60>: Failed to establish a new connection: [WinError 10061] Nenhuma conexão pôde ser feita porque a máquina de destino as recusou ativamente'))
2025-05-24 22:29:16,019 - INFO - Processando chamadoId: 11893
2025-05-24 22:29:16,030 - INFO - ChamadoId 11878 processado e salvo no banco de dados.
2025-05-24 22:29:16,043 - INFO - Processando chamadoId: 11876
2025-05-24 22:29:16,047 - INFO - ChamadoId 11893 processado e salvo no banco de dados.
2025-05-24 22:29:16,061 - INFO - Processando chamadoId: 11892
2025-05-24 22:29:16,078 - INFO - ChamadoId 11876 processado e salvo no banco de dados.
2025-05-24 22:29:16,092 - INFO - Processando chamadoId: 11874
2025-05-24 22:29:16,094 - INFO - ChamadoId 11892 processado e salvo no banco de dados.
2025-05-24 22:29:16,108 - INFO - Processando chamadoId: 11890
2025-05-24 22:29:16,119 - INFO - ChamadoId 11874 processado e salvo no banco de dados.
2025-05-24 22:29:16,133 - INFO - Processando chamadoId: 11873
2025-05-24 22:29:16,141 - INFO - ChamadoId 11890 processado e salvo no banco de dados.
2025-05-24 22:29:16,155 - INFO - Processando chamadoId: 11888
2025-05-24 22:29:16,168 - INFO - ChamadoId 11873 processado e salvo no banco de dados.
2025-05-24 22:29:16,181 - INFO - Processando chamadoId: 11871
2025-05-24 22:29:16,186 - INFO - ChamadoId 11888 processado e salvo no banco de dados.
2025-05-24 22:29:16,199 - INFO - Processando chamadoId: 11886
2025-05-24 22:29:16,219 - INFO - ChamadoId 11871 processado e salvo no banco de dados.
2025-05-24 22:29:16,225 - INFO - ChamadoId 11886 processado e salvo no banco de dados.
2025-05-24 22:29:16,232 - INFO - Processando chamadoId: 11869
2025-05-24 22:29:16,239 - INFO - Processando chamadoId: 11885
2025-05-24 22:29:16,271 - INFO - ChamadoId 11885 processado e salvo no banco de dados.
2025-05-24 22:29:16,274 - INFO - ChamadoId 11869 processado e salvo no banco de dados.
2025-05-24 22:29:16,285 - INFO - Processando chamadoId: 11884
2025-05-24 22:29:16,287 - INFO - Processando chamadoId: 11867
2025-05-24 22:29:16,318 - INFO - ChamadoId 11884 processado e salvo no banco de dados.
2025-05-24 22:29:16,329 - INFO - ChamadoId 11867 processado e salvo no banco de dados.
2025-05-24 22:29:16,329 - INFO - Processando chamadoId: 11883
2025-05-24 22:29:16,340 - INFO - Processando chamadoId: 11865
2025-05-24 22:29:16,352 - INFO - ChamadoId 11883 processado e salvo no banco de dados.
2025-05-24 22:29:16,364 - INFO - ChamadoId 11865 processado e salvo no banco de dados.
2025-05-24 22:29:16,364 - INFO - Processando chamadoId: 11882
2025-05-24 22:29:16,377 - INFO - Processando chamadoId: 11864
2025-05-24 22:29:16,397 - INFO - ChamadoId 11882 processado e salvo no banco de dados.
2025-05-24 22:29:16,411 - INFO - Processando chamadoId: 11880
2025-05-24 22:29:16,411 - INFO - ChamadoId 11864 processado e salvo no banco de dados.
2025-05-24 22:29:16,426 - INFO - Processando chamadoId: 11862
2025-05-24 22:29:16,450 - INFO - ChamadoId 11862 processado e salvo no banco de dados.
2025-05-24 22:29:16,450 - INFO - ChamadoId 11880 processado e salvo no banco de dados.
2025-05-24 22:29:16,451 - INFO - Enviando 10 chamados para geracao de keywords
2025-05-24 22:29:16,451 - INFO - Enviando 10 chamados para geracao de keywords
2025-05-24 22:29:16,624 - ERROR - Erro ao enviar lote para Flask: HTTPConnectionPool(host='localhost', port=8080): Max retries exceeded with url: /prever (Caused by NewConnectionError('<urllib3.connection.HTTPConnection object at 0x00000233D6B30920>: Failed to establish a new connection: [WinError 10061] Nenhuma conexão pôde ser feita porque a máquina de destino as recusou ativamente'))
2025-05-24 22:29:16,636 - INFO - Processando chamadoId: 11878
2025-05-24 22:29:16,661 - INFO - ChamadoId 11878 processado e salvo no banco de dados.
2025-05-24 22:29:16,672 - INFO - Processando chamadoId: 11876
2025-05-24 22:29:16,702 - INFO - ChamadoId 11876 processado e salvo no banco de dados.
2025-05-24 22:29:16,713 - INFO - Processando chamadoId: 11874
2025-05-24 22:29:16,745 - INFO - ChamadoId 11874 processado e salvo no banco de dados.
2025-05-24 22:29:16,756 - INFO - Processando chamadoId: 11873
2025-05-24 22:29:16,780 - INFO - ChamadoId 11873 processado e salvo no banco de dados.
2025-05-24 22:29:16,793 - INFO - Processando chamadoId: 11871
2025-05-24 22:29:16,823 - INFO - ChamadoId 11871 processado e salvo no banco de dados.
2025-05-24 22:29:16,834 - ERROR - Erro ao enviar lote para Flask: HTTPConnectionPool(host='localhost', port=8080): Max retries exceeded with url: /prever (Caused by NewConnectionError('<urllib3.connection.HTTPConnection object at 0x000002336EC2F530>: Failed to establish a new connection: [WinError 10061] Nenhuma conexão pôde ser feita porque a máquina de destino as recusou ativamente'))
2025-05-24 22:29:16,839 - INFO - Processando chamadoId: 11869
2025-05-24 22:29:16,846 - INFO - Processando chamadoId: 11878
2025-05-24 22:29:16,887 - INFO - ChamadoId 11869 processado e salvo no banco de dados.
2025-05-24 22:29:16,888 - INFO - ChamadoId 11878 processado e salvo no banco de dados.
2025-05-24 22:29:16,900 - INFO - Processando chamadoId: 11876
2025-05-24 22:29:16,900 - INFO - Processando chamadoId: 11867
2025-05-24 22:29:16,936 - INFO - ChamadoId 11876 processado e salvo no banco de dados.
2025-05-24 22:29:16,938 - INFO - ChamadoId 11867 processado e salvo no banco de dados.
2025-05-24 22:29:16,946 - INFO - Processando chamadoId: 11874
2025-05-24 22:29:16,948 - INFO - Processando chamadoId: 11865
2025-05-24 22:29:16,977 - INFO - ChamadoId 11874 processado e salvo no banco de dados.
2025-05-24 22:29:16,977 - INFO - ChamadoId 11865 processado e salvo no banco de dados.
2025-05-24 22:29:16,988 - INFO - Processando chamadoId: 11873
2025-05-24 22:29:16,988 - INFO - Processando chamadoId: 11864
2025-05-24 22:29:17,029 - INFO - ChamadoId 11864 processado e salvo no banco de dados.
2025-05-24 22:29:17,030 - INFO - ChamadoId 11873 processado e salvo no banco de dados.
2025-05-24 22:29:17,039 - INFO - Processando chamadoId: 11871
2025-05-24 22:29:17,039 - INFO - Processando chamadoId: 11862
2025-05-24 22:29:17,071 - INFO - ChamadoId 11862 processado e salvo no banco de dados.
2025-05-24 22:29:17,071 - INFO - Enviando 10 chamados para geracao de keywords
2025-05-24 22:29:17,086 - INFO - ChamadoId 11871 processado e salvo no banco de dados.
2025-05-24 22:29:17,095 - INFO - Processando chamadoId: 11869
2025-05-24 22:29:17,135 - INFO - ChamadoId 11869 processado e salvo no banco de dados.
2025-05-24 22:29:17,145 - INFO - Processando chamadoId: 11867
2025-05-24 22:29:17,177 - INFO - ChamadoId 11867 processado e salvo no banco de dados.
2025-05-24 22:29:17,188 - INFO - Processando chamadoId: 11865
2025-05-24 22:29:17,213 - INFO - ChamadoId 11865 processado e salvo no banco de dados.
2025-05-24 22:29:17,224 - INFO - Processando chamadoId: 11864
2025-05-24 22:29:17,250 - INFO - ChamadoId 11864 processado e salvo no banco de dados.
2025-05-24 22:29:17,262 - INFO - Processando chamadoId: 11862
2025-05-24 22:29:17,281 - INFO - ChamadoId 11862 processado e salvo no banco de dados.
2025-05-24 22:29:17,282 - INFO - Enviando 10 chamados para geracao de keywords
2025-05-24 22:29:17,990 - ERROR - Erro ao enviar lote para Flask: HTTPConnectionPool(host='localhost', port=8081): Max retries exceeded with url: /extrair-keywords (Caused by NewConnectionError('<urllib3.connection.HTTPConnection object at 0x00000232077E2B70>: Failed to establish a new connection: [WinError 10061] Nenhuma conexão pôde ser feita porque a máquina de destino as recusou ativamente'))
2025-05-24 22:29:17,990 - INFO - Enviando 10 chamados para análise de emoções no Flask.
2025-05-24 22:29:18,263 - ERROR - Erro ao enviar lote para Flask: HTTPConnectionPool(host='localhost', port=8080): Max retries exceeded with url: /prever (Caused by NewConnectionError('<urllib3.connection.HTTPConnection object at 0x00000232077E0DD0>: Failed to establish a new connection: [WinError 10061] Nenhuma conexão pôde ser feita porque a máquina de destino as recusou ativamente'))
2025-05-24 22:29:18,291 - INFO - Processando chamadoId: 11878
2025-05-24 22:29:18,316 - INFO - ChamadoId 11878 processado e salvo no banco de dados.
2025-05-24 22:29:18,328 - INFO - Processando chamadoId: 11876
2025-05-24 22:29:18,350 - INFO - ChamadoId 11876 processado e salvo no banco de dados.
2025-05-24 22:29:18,362 - INFO - Processando chamadoId: 11874
2025-05-24 22:29:18,382 - INFO - ChamadoId 11874 processado e salvo no banco de dados.
2025-05-24 22:29:18,393 - INFO - Processando chamadoId: 11873
2025-05-24 22:29:18,419 - INFO - ChamadoId 11873 processado e salvo no banco de dados.
2025-05-24 22:29:18,431 - INFO - Processando chamadoId: 11871
2025-05-24 22:29:18,455 - INFO - ChamadoId 11871 processado e salvo no banco de dados.
2025-05-24 22:29:18,467 - INFO - Processando chamadoId: 11869
2025-05-24 22:29:18,489 - INFO - ChamadoId 11869 processado e salvo no banco de dados.
2025-05-24 22:29:18,501 - INFO - Processando chamadoId: 11867
2025-05-24 22:29:18,523 - INFO - ChamadoId 11867 processado e salvo no banco de dados.
2025-05-24 22:29:18,536 - INFO - Processando chamadoId: 11865
2025-05-24 22:29:18,556 - INFO - ChamadoId 11865 processado e salvo no banco de dados.
2025-05-24 22:29:18,568 - INFO - Processando chamadoId: 11864
2025-05-24 22:29:18,592 - INFO - ChamadoId 11864 processado e salvo no banco de dados.
2025-05-24 22:29:18,603 - INFO - Processando chamadoId: 11862
2025-05-24 22:29:18,623 - INFO - ChamadoId 11862 processado e salvo no banco de dados.
2025-05-24 22:29:18,624 - INFO - Enviando 10 chamados para geracao de keywords
2025-05-24 22:29:18,708 - ERROR - Erro ao enviar lote para Flask: HTTPConnectionPool(host='localhost', port=8081): Max retries exceeded with url: /extrair-keywords (Caused by NewConnectionError('<urllib3.connection.HTTPConnection object at 0x000002336EF365D0>: Failed to establish a new connection: [WinError 10061] Nenhuma conexão pôde ser feita porque a máquina de destino as recusou ativamente'))
2025-05-24 22:29:18,710 - INFO - Enviando 10 chamados para análise de emoções no Flask.
2025-05-24 22:29:19,247 - ERROR - Erro ao enviar lote para Flask: HTTPConnectionPool(host='localhost', port=8081): Max retries exceeded with url: /extrair-keywords (Caused by NewConnectionError('<urllib3.connection.HTTPConnection object at 0x00000233046F97C0>: Failed to establish a new connection: [WinError 10061] Nenhuma conexão pôde ser feita porque a máquina de destino as recusou ativamente'))
2025-05-24 22:29:19,271 - INFO - Enviando 10 chamados para análise de emoções no Flask.
2025-05-24 22:29:19,576 - ERROR - Erro ao enviar lote para Flask: HTTPConnectionPool(host='localhost', port=8081): Max retries exceeded with url: /extrair-keywords (Caused by NewConnectionError('<urllib3.connection.HTTPConnection object at 0x000002327E4ACC20>: Failed to establish a new connection: [WinError 10061] Nenhuma conexão pôde ser feita porque a máquina de destino as recusou ativamente'))
2025-05-24 22:29:19,576 - INFO - Enviando 10 chamados para análise de emoções no Flask.
2025-05-24 22:29:19,785 - ERROR - Erro ao enviar lote para Flask: HTTPConnectionPool(host='localhost', port=8081): Max retries exceeded with url: /extrair-keywords (Caused by NewConnectionError('<urllib3.connection.HTTPConnection object at 0x000002336EC52D50>: Failed to establish a new connection: [WinError 10061] Nenhuma conexão pôde ser feita porque a máquina de destino as recusou ativamente'))
2025-05-24 22:29:19,785 - INFO - Enviando 10 chamados para análise de emoções no Flask.
2025-05-24 22:29:20,528 - ERROR - Erro ao enviar lote para Flask: HTTPConnectionPool(host='localhost', port=8081): Max retries exceeded with url: /extrair-keywords (Caused by NewConnectionError('<urllib3.connection.HTTPConnection object at 0x00000233D6B31820>: Failed to establish a new connection: [WinError 10061] Nenhuma conexão pôde ser feita porque a máquina de destino as recusou ativamente'))
2025-05-24 22:29:20,529 - INFO - Enviando 10 chamados para análise de emoções no Flask.
2025-05-24 22:29:20,544 - ERROR - Erro ao enviar lote para Flask: HTTPConnectionPool(host='localhost', port=8081): Max retries exceeded with url: /extrair-keywords (Caused by NewConnectionError('<urllib3.connection.HTTPConnection object at 0x00000233D6B339E0>: Failed to establish a new connection: [WinError 10061] Nenhuma conexão pôde ser feita porque a máquina de destino as recusou ativamente'))
2025-05-24 22:29:20,544 - INFO - Enviando 10 chamados para análise de emoções no Flask.
2025-05-24 22:29:21,152 - ERROR - Erro ao enviar lote para Flask: HTTPConnectionPool(host='localhost', port=8081): Max retries exceeded with url: /extrair-keywords (Caused by NewConnectionError('<urllib3.connection.HTTPConnection object at 0x000002336EE56C30>: Failed to establish a new connection: [WinError 10061] Nenhuma conexão pôde ser feita porque a máquina de destino as recusou ativamente'))
2025-05-24 22:29:21,153 - INFO - Enviando 10 chamados para análise de emoções no Flask.
2025-05-24 22:29:21,349 - ERROR - Erro ao enviar lote para Flask: HTTPConnectionPool(host='localhost', port=8081): Max retries exceeded with url: /extrair-keywords (Caused by NewConnectionError('<urllib3.connection.HTTPConnection object at 0x0000023207733410>: Failed to establish a new connection: [WinError 10061] Nenhuma conexão pôde ser feita porque a máquina de destino as recusou ativamente'))
2025-05-24 22:29:21,350 - INFO - Enviando 10 chamados para análise de emoções no Flask.
2025-05-24 22:29:22,063 - ERROR - Erro ao enviar lote para Flask: HTTPConnectionPool(host='localhost', port=8080): Max retries exceeded with url: /prever (Caused by NewConnectionError('<urllib3.connection.HTTPConnection object at 0x000002327F68AB40>: Failed to establish a new connection: [WinError 10061] Nenhuma conexão pôde ser feita porque a máquina de destino as recusou ativamente'))
2025-05-24 22:29:22,075 - INFO - Processando chamadoId: 11861
2025-05-24 22:29:22,115 - INFO - ChamadoId 11861 processado e salvo no banco de dados.
2025-05-24 22:29:22,127 - INFO - Processando chamadoId: 11859
2025-05-24 22:29:22,151 - INFO - ChamadoId 11859 processado e salvo no banco de dados.
2025-05-24 22:29:22,162 - INFO - Processando chamadoId: 11857
2025-05-24 22:29:22,189 - INFO - ChamadoId 11857 processado e salvo no banco de dados.
2025-05-24 22:29:22,200 - INFO - Processando chamadoId: 11855
2025-05-24 22:29:22,226 - INFO - ChamadoId 11855 processado e salvo no banco de dados.
2025-05-24 22:29:22,235 - INFO - Processando chamadoId: 11853
2025-05-24 22:29:22,264 - INFO - ChamadoId 11853 processado e salvo no banco de dados.
2025-05-24 22:29:22,273 - INFO - Processando chamadoId: 11851
2025-05-24 22:29:22,302 - INFO - ChamadoId 11851 processado e salvo no banco de dados.
2025-05-24 22:29:22,313 - INFO - Processando chamadoId: 11849
2025-05-24 22:29:22,340 - INFO - ChamadoId 11849 processado e salvo no banco de dados.
2025-05-24 22:29:22,351 - INFO - Processando chamadoId: 11847
2025-05-24 22:29:22,375 - INFO - ChamadoId 11847 processado e salvo no banco de dados.
2025-05-24 22:29:22,385 - INFO - Processando chamadoId: 11846
2025-05-24 22:29:22,413 - INFO - ChamadoId 11846 processado e salvo no banco de dados.
2025-05-24 22:29:22,424 - INFO - Processando chamadoId: 11844
2025-05-24 22:29:22,448 - INFO - ChamadoId 11844 processado e salvo no banco de dados.
2025-05-24 22:29:22,449 - INFO - Enviando 10 chamados para geracao de keywords
2025-05-24 22:29:22,708 - ERROR - Erro ao enviar lote para Flask: HTTPConnectionPool(host='localhost', port=8081): Max retries exceeded with url: /extrair-keywords (Caused by NewConnectionError('<urllib3.connection.HTTPConnection object at 0x0000023340382B40>: Failed to establish a new connection: [WinError 10061] Nenhuma conexão pôde ser feita porque a máquina de destino as recusou ativamente'))
2025-05-24 22:29:22,709 - INFO - Enviando 10 chamados para análise de emoções no Flask.
2025-05-24 22:29:22,771 - ERROR - Erro ao enviar lote para Flask: HTTPConnectionPool(host='localhost', port=8080): Max retries exceeded with url: /prever (Caused by NewConnectionError('<urllib3.connection.HTTPConnection object at 0x00000232077E2C30>: Failed to establish a new connection: [WinError 10061] Nenhuma conexão pôde ser feita porque a máquina de destino as recusou ativamente'))
2025-05-24 22:29:22,782 - INFO - Processando chamadoId: 11878
2025-05-24 22:29:22,805 - INFO - ChamadoId 11878 processado e salvo no banco de dados.
2025-05-24 22:29:22,816 - INFO - Processando chamadoId: 11876
2025-05-24 22:29:22,838 - INFO - ChamadoId 11876 processado e salvo no banco de dados.
2025-05-24 22:29:22,849 - INFO - Processando chamadoId: 11874
2025-05-24 22:29:22,870 - INFO - ChamadoId 11874 processado e salvo no banco de dados.
2025-05-24 22:29:22,881 - INFO - Processando chamadoId: 11873
2025-05-24 22:29:22,907 - INFO - ChamadoId 11873 processado e salvo no banco de dados.
2025-05-24 22:29:22,917 - INFO - Processando chamadoId: 11871
2025-05-24 22:29:22,941 - INFO - ChamadoId 11871 processado e salvo no banco de dados.
2025-05-24 22:29:22,952 - INFO - Processando chamadoId: 11869
2025-05-24 22:29:22,975 - INFO - ChamadoId 11869 processado e salvo no banco de dados.
2025-05-24 22:29:22,986 - INFO - Processando chamadoId: 11867
2025-05-24 22:29:23,009 - INFO - ChamadoId 11867 processado e salvo no banco de dados.
2025-05-24 22:29:23,020 - INFO - Processando chamadoId: 11865
2025-05-24 22:29:23,048 - INFO - ChamadoId 11865 processado e salvo no banco de dados.
2025-05-24 22:29:23,059 - INFO - Processando chamadoId: 11864
2025-05-24 22:29:23,083 - INFO - ChamadoId 11864 processado e salvo no banco de dados.
2025-05-24 22:29:23,095 - INFO - Processando chamadoId: 11862
2025-05-24 22:29:23,113 - INFO - ChamadoId 11862 processado e salvo no banco de dados.
2025-05-24 22:29:23,114 - INFO - Enviando 10 chamados para geracao de keywords
2025-05-24 22:29:23,362 - ERROR - Erro ao enviar lote para Flask: HTTPConnectionPool(host='localhost', port=8080): Max retries exceeded with url: /prever (Caused by NewConnectionError('<urllib3.connection.HTTPConnection object at 0x00000232077E1A30>: Failed to establish a new connection: [WinError 10061] Nenhuma conexão pôde ser feita porque a máquina de destino as recusou ativamente'))
2025-05-24 22:29:23,375 - INFO - Processando chamadoId: 11878
2025-05-24 22:29:23,400 - INFO - ChamadoId 11878 processado e salvo no banco de dados.
2025-05-24 22:29:23,410 - INFO - Processando chamadoId: 11876
2025-05-24 22:29:23,432 - INFO - ChamadoId 11876 processado e salvo no banco de dados.
2025-05-24 22:29:23,443 - INFO - Processando chamadoId: 11874
2025-05-24 22:29:23,469 - INFO - ChamadoId 11874 processado e salvo no banco de dados.
2025-05-24 22:29:23,479 - INFO - Processando chamadoId: 11873
2025-05-24 22:29:23,505 - INFO - ChamadoId 11873 processado e salvo no banco de dados.
2025-05-24 22:29:23,515 - INFO - Processando chamadoId: 11871
2025-05-24 22:29:23,539 - INFO - ChamadoId 11871 processado e salvo no banco de dados.
2025-05-24 22:29:23,550 - INFO - Processando chamadoId: 11869
2025-05-24 22:29:23,575 - INFO - ChamadoId 11869 processado e salvo no banco de dados.
2025-05-24 22:29:23,586 - INFO - Processando chamadoId: 11867
2025-05-24 22:29:23,609 - INFO - ChamadoId 11867 processado e salvo no banco de dados.
2025-05-24 22:29:23,620 - INFO - Processando chamadoId: 11865
2025-05-24 22:29:23,640 - INFO - ChamadoId 11865 processado e salvo no banco de dados.
2025-05-24 22:29:23,651 - INFO - Processando chamadoId: 11864
2025-05-24 22:29:23,673 - ERROR - Erro ao enviar lote para Flask: HTTPConnectionPool(host='localhost', port=8080): Max retries exceeded with url: /prever (Caused by NewConnectionError('<urllib3.connection.HTTPConnection object at 0x000002325C1022A0>: Failed to establish a new connection: [WinError 10061] Nenhuma conexão pôde ser feita porque a máquina de destino as recusou ativamente'))
2025-05-24 22:29:23,675 - INFO - ChamadoId 11864 processado e salvo no banco de dados.
2025-05-24 22:29:23,684 - INFO - Processando chamadoId: 11861
2025-05-24 22:29:23,684 - INFO - Processando chamadoId: 11862
2025-05-24 22:29:23,707 - INFO - ChamadoId 11862 processado e salvo no banco de dados.
2025-05-24 22:29:23,708 - INFO - Enviando 10 chamados para geracao de keywords
2025-05-24 22:29:23,717 - INFO - ChamadoId 11861 processado e salvo no banco de dados.
2025-05-24 22:29:23,729 - INFO - Processando chamadoId: 11859
2025-05-24 22:29:23,778 - INFO - ChamadoId 11859 processado e salvo no banco de dados.
2025-05-24 22:29:23,791 - INFO - Processando chamadoId: 11857
2025-05-24 22:29:23,817 - INFO - ChamadoId 11857 processado e salvo no banco de dados.
2025-05-24 22:29:23,830 - INFO - Processando chamadoId: 11855
2025-05-24 22:29:23,855 - INFO - ChamadoId 11855 processado e salvo no banco de dados.
2025-05-24 22:29:23,864 - ERROR - Erro ao enviar lote para Flask: HTTPConnectionPool(host='localhost', port=8080): Max retries exceeded with url: /prever (Caused by NewConnectionError('<urllib3.connection.HTTPConnection object at 0x0000023340383650>: Failed to establish a new connection: [WinError 10061] Nenhuma conexão pôde ser feita porque a máquina de destino as recusou ativamente'))
2025-05-24 22:29:23,866 - INFO - Processando chamadoId: 11853
2025-05-24 22:29:23,876 - INFO - Processando chamadoId: 11878
2025-05-24 22:29:23,893 - INFO - ChamadoId 11853 processado e salvo no banco de dados.
2025-05-24 22:29:23,904 - INFO - Processando chamadoId: 11851
2025-05-24 22:29:23,904 - INFO - ChamadoId 11878 processado e salvo no banco de dados.
2025-05-24 22:29:23,916 - INFO - Processando chamadoId: 11876
2025-05-24 22:29:23,928 - INFO - ChamadoId 11851 processado e salvo no banco de dados.
2025-05-24 22:29:23,939 - INFO - Processando chamadoId: 11849
2025-05-24 22:29:23,942 - INFO - ChamadoId 11876 processado e salvo no banco de dados.
2025-05-24 22:29:23,954 - INFO - Processando chamadoId: 11874
2025-05-24 22:29:23,966 - INFO - ChamadoId 11849 processado e salvo no banco de dados.
2025-05-24 22:29:23,974 - INFO - ChamadoId 11874 processado e salvo no banco de dados.
2025-05-24 22:29:23,977 - INFO - Processando chamadoId: 11847
2025-05-24 22:29:23,986 - INFO - Processando chamadoId: 11873
2025-05-24 22:29:24,002 - INFO - ChamadoId 11847 processado e salvo no banco de dados.
2025-05-24 22:29:24,013 - INFO - Processando chamadoId: 11846
2025-05-24 22:29:24,014 - INFO - ChamadoId 11873 processado e salvo no banco de dados.
2025-05-24 22:29:24,027 - INFO - Processando chamadoId: 11871
2025-05-24 22:29:24,037 - INFO - ChamadoId 11846 processado e salvo no banco de dados.
2025-05-24 22:29:24,050 - INFO - Processando chamadoId: 11844
2025-05-24 22:29:24,053 - INFO - ChamadoId 11871 processado e salvo no banco de dados.
2025-05-24 22:29:24,067 - INFO - Processando chamadoId: 11869
2025-05-24 22:29:24,074 - INFO - ChamadoId 11844 processado e salvo no banco de dados.
2025-05-24 22:29:24,075 - INFO - Enviando 10 chamados para geracao de keywords
2025-05-24 22:29:24,092 - INFO - ChamadoId 11869 processado e salvo no banco de dados.
2025-05-24 22:29:24,105 - INFO - Processando chamadoId: 11867
2025-05-24 22:29:24,130 - INFO - ChamadoId 11867 processado e salvo no banco de dados.
2025-05-24 22:29:24,142 - INFO - Processando chamadoId: 11865
2025-05-24 22:29:24,162 - INFO - ChamadoId 11865 processado e salvo no banco de dados.
2025-05-24 22:29:24,193 - INFO - Processando chamadoId: 11864
2025-05-24 22:29:24,216 - INFO - ChamadoId 11864 processado e salvo no banco de dados.
2025-05-24 22:29:24,227 - INFO - Processando chamadoId: 11862
2025-05-24 22:29:24,245 - INFO - ChamadoId 11862 processado e salvo no banco de dados.
2025-05-24 22:29:24,245 - INFO - Enviando 10 chamados para geracao de keywords
2025-05-24 22:29:24,605 - ERROR - Erro ao enviar lote para Flask: HTTPConnectionPool(host='localhost', port=8080): Max retries exceeded with url: /prever (Caused by NewConnectionError('<urllib3.connection.HTTPConnection object at 0x00000232555859A0>: Failed to establish a new connection: [WinError 10061] Nenhuma conexão pôde ser feita porque a máquina de destino as recusou ativamente'))
2025-05-24 22:29:24,605 - ERROR - Erro ao enviar lote para Flask: HTTPConnectionPool(host='localhost', port=8080): Max retries exceeded with url: /prever (Caused by NewConnectionError('<urllib3.connection.HTTPConnection object at 0x0000023207731FD0>: Failed to establish a new connection: [WinError 10061] Nenhuma conexão pôde ser feita porque a máquina de destino as recusou ativamente'))
2025-05-24 22:29:24,620 - INFO - Processando chamadoId: 11861
2025-05-24 22:29:24,620 - INFO - Processando chamadoId: 11878
2025-05-24 22:29:24,664 - INFO - ChamadoId 11861 processado e salvo no banco de dados.
2025-05-24 22:29:24,668 - INFO - ChamadoId 11878 processado e salvo no banco de dados.
2025-05-24 22:29:24,676 - INFO - Processando chamadoId: 11859
2025-05-24 22:29:24,681 - INFO - Processando chamadoId: 11876
2025-05-24 22:29:24,707 - INFO - ChamadoId 11859 processado e salvo no banco de dados.
2025-05-24 22:29:24,715 - INFO - ChamadoId 11876 processado e salvo no banco de dados.
2025-05-24 22:29:24,720 - INFO - Processando chamadoId: 11857
2025-05-24 22:29:24,729 - INFO - Processando chamadoId: 11874
2025-05-24 22:29:24,753 - INFO - ChamadoId 11857 processado e salvo no banco de dados.
2025-05-24 22:29:24,753 - INFO - ChamadoId 11874 processado e salvo no banco de dados.
2025-05-24 22:29:24,766 - INFO - Processando chamadoId: 11873
2025-05-24 22:29:24,766 - INFO - Processando chamadoId: 11855
2025-05-24 22:29:24,800 - INFO - ChamadoId 11855 processado e salvo no banco de dados.
2025-05-24 22:29:24,803 - INFO - ChamadoId 11873 processado e salvo no banco de dados.
2025-05-24 22:29:24,813 - INFO - Processando chamadoId: 11853
2025-05-24 22:29:24,816 - INFO - Processando chamadoId: 11871
2025-05-24 22:29:24,846 - INFO - ChamadoId 11853 processado e salvo no banco de dados.
2025-05-24 22:29:24,849 - INFO - ChamadoId 11871 processado e salvo no banco de dados.
2025-05-24 22:29:24,859 - INFO - Processando chamadoId: 11851
2025-05-24 22:29:24,861 - INFO - Processando chamadoId: 11869
2025-05-24 22:29:24,891 - INFO - ChamadoId 11851 processado e salvo no banco de dados.
2025-05-24 22:29:24,895 - INFO - ChamadoId 11869 processado e salvo no banco de dados.
2025-05-24 22:29:24,905 - INFO - Processando chamadoId: 11849
2025-05-24 22:29:24,909 - INFO - Processando chamadoId: 11867
2025-05-24 22:29:24,942 - INFO - ChamadoId 11849 processado e salvo no banco de dados.
2025-05-24 22:29:24,945 - INFO - ChamadoId 11867 processado e salvo no banco de dados.
2025-05-24 22:29:24,956 - INFO - Processando chamadoId: 11847
2025-05-24 22:29:24,958 - INFO - Processando chamadoId: 11865
2025-05-24 22:29:24,987 - INFO - ChamadoId 11865 processado e salvo no banco de dados.
2025-05-24 22:29:24,990 - INFO - ChamadoId 11847 processado e salvo no banco de dados.
2025-05-24 22:29:25,000 - INFO - Processando chamadoId: 11864
2025-05-24 22:29:25,000 - INFO - Processando chamadoId: 11846
2025-05-24 22:29:25,039 - INFO - ChamadoId 11846 processado e salvo no banco de dados.
2025-05-24 22:29:25,039 - INFO - ChamadoId 11864 processado e salvo no banco de dados.
2025-05-24 22:29:25,051 - INFO - Processando chamadoId: 11844
2025-05-24 22:29:25,052 - INFO - Processando chamadoId: 11862
2025-05-24 22:29:25,078 - INFO - ChamadoId 11862 processado e salvo no banco de dados.
2025-05-24 22:29:25,078 - INFO - Enviando 10 chamados para geracao de keywords
2025-05-24 22:29:25,085 - INFO - ChamadoId 11844 processado e salvo no banco de dados.
2025-05-24 22:29:25,086 - INFO - Enviando 10 chamados para geracao de keywords
2025-05-24 22:29:25,247 - ERROR - Erro ao enviar lote para Flask: HTTPConnectionPool(host='localhost', port=8080): Max retries exceeded with url: /prever (Caused by NewConnectionError('<urllib3.connection.HTTPConnection object at 0x00000232077E3710>: Failed to establish a new connection: [WinError 10061] Nenhuma conexão pôde ser feita porque a máquina de destino as recusou ativamente'))
2025-05-24 22:29:25,260 - INFO - Processando chamadoId: 11861
2025-05-24 22:29:25,302 - INFO - ChamadoId 11861 processado e salvo no banco de dados.
2025-05-24 22:29:25,312 - INFO - Processando chamadoId: 11859
2025-05-24 22:29:25,345 - INFO - ChamadoId 11859 processado e salvo no banco de dados.
2025-05-24 22:29:25,356 - INFO - Processando chamadoId: 11857
2025-05-24 22:29:25,378 - INFO - ChamadoId 11857 processado e salvo no banco de dados.
2025-05-24 22:29:25,390 - INFO - Processando chamadoId: 11855
2025-05-24 22:29:25,411 - INFO - ChamadoId 11855 processado e salvo no banco de dados.
2025-05-24 22:29:25,414 - ERROR - Erro ao enviar lote para Flask: HTTPConnectionPool(host='localhost', port=8080): Max retries exceeded with url: /prever (Caused by NewConnectionError('<urllib3.connection.HTTPConnection object at 0x00000232077E3380>: Failed to establish a new connection: [WinError 10061] Nenhuma conexão pôde ser feita porque a máquina de destino as recusou ativamente'))
2025-05-24 22:29:25,422 - INFO - Processando chamadoId: 11853
2025-05-24 22:29:25,426 - INFO - Processando chamadoId: 11861
2025-05-24 22:29:25,452 - INFO - ChamadoId 11853 processado e salvo no banco de dados.
2025-05-24 22:29:25,458 - INFO - ChamadoId 11861 processado e salvo no banco de dados.
2025-05-24 22:29:25,463 - INFO - Processando chamadoId: 11851
2025-05-24 22:29:25,469 - INFO - Processando chamadoId: 11859
2025-05-24 22:29:25,491 - INFO - ChamadoId 11851 processado e salvo no banco de dados.
2025-05-24 22:29:25,499 - INFO - ChamadoId 11859 processado e salvo no banco de dados.
2025-05-24 22:29:25,499 - INFO - Processando chamadoId: 11849
2025-05-24 22:29:25,510 - INFO - Processando chamadoId: 11857
2025-05-24 22:29:25,530 - INFO - ChamadoId 11849 processado e salvo no banco de dados.
2025-05-24 22:29:25,541 - INFO - ChamadoId 11857 processado e salvo no banco de dados.
2025-05-24 22:29:25,542 - INFO - Processando chamadoId: 11847
2025-05-24 22:29:25,551 - INFO - Processando chamadoId: 11855
2025-05-24 22:29:25,568 - INFO - ChamadoId 11847 processado e salvo no banco de dados.
2025-05-24 22:29:25,576 - INFO - ChamadoId 11855 processado e salvo no banco de dados.
2025-05-24 22:29:25,577 - INFO - Processando chamadoId: 11846
2025-05-24 22:29:25,589 - INFO - Processando chamadoId: 11853
2025-05-24 22:29:25,606 - INFO - ChamadoId 11846 processado e salvo no banco de dados.
2025-05-24 22:29:25,620 - INFO - Processando chamadoId: 11844
2025-05-24 22:29:25,621 - INFO - ChamadoId 11853 processado e salvo no banco de dados.
2025-05-24 22:29:25,633 - INFO - Processando chamadoId: 11851
2025-05-24 22:29:25,646 - INFO - ChamadoId 11844 processado e salvo no banco de dados.
2025-05-24 22:29:25,646 - INFO - Enviando 10 chamados para geracao de keywords
2025-05-24 22:29:25,661 - INFO - ChamadoId 11851 processado e salvo no banco de dados.
2025-05-24 22:29:25,671 - INFO - Processando chamadoId: 11849
2025-05-24 22:29:25,695 - INFO - ChamadoId 11849 processado e salvo no banco de dados.
2025-05-24 22:29:25,704 - INFO - Processando chamadoId: 11847
2025-05-24 22:29:25,725 - INFO - ChamadoId 11847 processado e salvo no banco de dados.
2025-05-24 22:29:25,736 - INFO - Processando chamadoId: 11846
2025-05-24 22:29:25,758 - INFO - ChamadoId 11846 processado e salvo no banco de dados.
2025-05-24 22:29:25,770 - INFO - Processando chamadoId: 11844
2025-05-24 22:29:25,792 - INFO - ChamadoId 11844 processado e salvo no banco de dados.
2025-05-24 22:29:25,792 - INFO - Enviando 10 chamados para geracao de keywords
2025-05-24 22:29:26,496 - ERROR - Erro ao enviar lote para Flask: HTTPConnectionPool(host='localhost', port=8081): Max retries exceeded with url: /extrair-keywords (Caused by NewConnectionError('<urllib3.connection.HTTPConnection object at 0x000002327F81F470>: Failed to establish a new connection: [WinError 10061] Nenhuma conexão pôde ser feita porque a máquina de destino as recusou ativamente'))
2025-05-24 22:29:26,496 - INFO - Enviando 10 chamados para análise de emoções no Flask.
2025-05-24 22:29:26,770 - ERROR - Erro ao enviar lote para Flask: HTTPConnectionPool(host='localhost', port=8080): Max retries exceeded with url: /prever (Caused by NewConnectionError('<urllib3.connection.HTTPConnection object at 0x000002336EE55370>: Failed to establish a new connection: [WinError 10061] Nenhuma conexão pôde ser feita porque a máquina de destino as recusou ativamente'))
2025-05-24 22:29:26,783 - INFO - Processando chamadoId: 11861
2025-05-24 22:29:26,811 - INFO - ChamadoId 11861 processado e salvo no banco de dados.
2025-05-24 22:29:26,823 - INFO - Processando chamadoId: 11859
2025-05-24 22:29:26,845 - INFO - ChamadoId 11859 processado e salvo no banco de dados.
2025-05-24 22:29:26,857 - INFO - Processando chamadoId: 11857
2025-05-24 22:29:26,883 - INFO - ChamadoId 11857 processado e salvo no banco de dados.
2025-05-24 22:29:26,896 - INFO - Processando chamadoId: 11855
2025-05-24 22:29:26,920 - INFO - ChamadoId 11855 processado e salvo no banco de dados.
2025-05-24 22:29:26,932 - INFO - Processando chamadoId: 11853
2025-05-24 22:29:26,956 - INFO - ChamadoId 11853 processado e salvo no banco de dados.
2025-05-24 22:29:26,967 - INFO - Processando chamadoId: 11851
2025-05-24 22:29:26,999 - INFO - ChamadoId 11851 processado e salvo no banco de dados.
2025-05-24 22:29:27,010 - INFO - Processando chamadoId: 11849
2025-05-24 22:29:27,039 - INFO - ChamadoId 11849 processado e salvo no banco de dados.
2025-05-24 22:29:27,052 - INFO - Processando chamadoId: 11847
2025-05-24 22:29:27,075 - INFO - ChamadoId 11847 processado e salvo no banco de dados.
2025-05-24 22:29:27,088 - INFO - Processando chamadoId: 11846
2025-05-24 22:29:27,110 - INFO - ChamadoId 11846 processado e salvo no banco de dados.
2025-05-24 22:29:27,122 - INFO - Processando chamadoId: 11844
2025-05-24 22:29:27,145 - INFO - ChamadoId 11844 processado e salvo no banco de dados.
2025-05-24 22:29:27,146 - INFO - Enviando 10 chamados para geracao de keywords
2025-05-24 22:29:27,169 - ERROR - Erro ao enviar lote para Flask: HTTPConnectionPool(host='localhost', port=8081): Max retries exceeded with url: /extrair-keywords (Caused by NewConnectionError('<urllib3.connection.HTTPConnection object at 0x000002325C103710>: Failed to establish a new connection: [WinError 10061] Nenhuma conexão pôde ser feita porque a máquina de destino as recusou ativamente'))
2025-05-24 22:29:27,169 - INFO - Enviando 10 chamados para análise de emoções no Flask.
2025-05-24 22:29:27,802 - ERROR - Erro ao enviar lote para Flask: HTTPConnectionPool(host='localhost', port=8081): Max retries exceeded with url: /extrair-keywords (Caused by NewConnectionError('<urllib3.connection.HTTPConnection object at 0x000002325553ADE0>: Failed to establish a new connection: [WinError 10061] Nenhuma conexão pôde ser feita porque a máquina de destino as recusou ativamente'))
2025-05-24 22:29:27,803 - INFO - Enviando 10 chamados para análise de emoções no Flask.
2025-05-24 22:29:28,164 - ERROR - Erro ao enviar lote para Flask: HTTPConnectionPool(host='localhost', port=8081): Max retries exceeded with url: /extrair-keywords (Caused by NewConnectionError('<urllib3.connection.HTTPConnection object at 0x00000232077E16D0>: Failed to establish a new connection: [WinError 10061] Nenhuma conexão pôde ser feita porque a máquina de destino as recusou ativamente'))
2025-05-24 22:29:28,165 - INFO - Enviando 10 chamados para análise de emoções no Flask.
2025-05-24 22:29:28,346 - ERROR - Erro ao enviar lote para Flask: HTTPConnectionPool(host='localhost', port=8081): Max retries exceeded with url: /extrair-keywords (Caused by NewConnectionError('<urllib3.connection.HTTPConnection object at 0x000002327C975490>: Failed to establish a new connection: [WinError 10061] Nenhuma conexão pôde ser feita porque a máquina de destino as recusou ativamente'))
2025-05-24 22:29:28,347 - INFO - Enviando 10 chamados para análise de emoções no Flask.
2025-05-24 22:29:29,127 - ERROR - Erro ao enviar lote para Flask: HTTPConnectionPool(host='localhost', port=8081): Max retries exceeded with url: /extrair-keywords (Caused by NewConnectionError('<urllib3.connection.HTTPConnection object at 0x0000023310C7E150>: Failed to establish a new connection: [WinError 10061] Nenhuma conexão pôde ser feita porque a máquina de destino as recusou ativamente'))
2025-05-24 22:29:29,128 - INFO - Enviando 10 chamados para análise de emoções no Flask.
2025-05-24 22:29:29,143 - ERROR - Erro ao enviar lote para Flask: HTTPConnectionPool(host='localhost', port=8081): Max retries exceeded with url: /extrair-keywords (Caused by NewConnectionError('<urllib3.connection.HTTPConnection object at 0x00000232077E1700>: Failed to establish a new connection: [WinError 10061] Nenhuma conexão pôde ser feita porque a máquina de destino as recusou ativamente'))
2025-05-24 22:29:29,143 - INFO - Enviando 10 chamados para análise de emoções no Flask.
2025-05-24 22:29:29,711 - ERROR - Erro ao enviar lote para Flask: HTTPConnectionPool(host='localhost', port=8081): Max retries exceeded with url: /extrair-keywords (Caused by NewConnectionError('<urllib3.connection.HTTPConnection object at 0x00000232077E13A0>: Failed to establish a new connection: [WinError 10061] Nenhuma conexão pôde ser feita porque a máquina de destino as recusou ativamente'))
2025-05-24 22:29:29,712 - INFO - Enviando 10 chamados para análise de emoções no Flask.
2025-05-24 22:29:29,847 - ERROR - Erro ao enviar lote para Flask: HTTPConnectionPool(host='localhost', port=8081): Max retries exceeded with url: /extrair-keywords (Caused by NewConnectionError('<urllib3.connection.HTTPConnection object at 0x000002327BABCEC0>: Failed to establish a new connection: [WinError 10061] Nenhuma conexão pôde ser feita porque a máquina de destino as recusou ativamente'))
2025-05-24 22:29:29,847 - INFO - Enviando 10 chamados para análise de emoções no Flask.
2025-05-24 22:29:30,555 - ERROR - Erro ao enviar lote para Flask: HTTPConnectionPool(host='localhost', port=8080): Max retries exceeded with url: /prever (Caused by NewConnectionError('<urllib3.connection.HTTPConnection object at 0x00000232077E3FE0>: Failed to establish a new connection: [WinError 10061] Nenhuma conexão pôde ser feita porque a máquina de destino as recusou ativamente'))
2025-05-24 22:29:30,567 - INFO - Processando chamadoId: 11842
2025-05-24 22:29:30,605 - INFO - ChamadoId 11842 processado e salvo no banco de dados.
2025-05-24 22:29:30,615 - INFO - Processando chamadoId: 11840
2025-05-24 22:29:30,644 - INFO - ChamadoId 11840 processado e salvo no banco de dados.
2025-05-24 22:29:30,655 - INFO - Processando chamadoId: 11838
2025-05-24 22:29:30,689 - INFO - ChamadoId 11838 processado e salvo no banco de dados.
2025-05-24 22:29:30,704 - INFO - Processando chamadoId: 11836
2025-05-24 22:29:30,730 - INFO - ChamadoId 11836 processado e salvo no banco de dados.
2025-05-24 22:29:30,742 - INFO - Processando chamadoId: 11834
2025-05-24 22:29:30,772 - INFO - ChamadoId 11834 processado e salvo no banco de dados.
2025-05-24 22:29:30,783 - INFO - Processando chamadoId: 11832
2025-05-24 22:29:30,814 - INFO - ChamadoId 11832 processado e salvo no banco de dados.
2025-05-24 22:29:30,825 - INFO - Processando chamadoId: 11830
2025-05-24 22:29:30,854 - INFO - ChamadoId 11830 processado e salvo no banco de dados.
2025-05-24 22:29:30,865 - INFO - Processando chamadoId: 11828
2025-05-24 22:29:30,893 - INFO - ChamadoId 11828 processado e salvo no banco de dados.
2025-05-24 22:29:30,904 - INFO - Processando chamadoId: 11826
2025-05-24 22:29:30,930 - INFO - ChamadoId 11826 processado e salvo no banco de dados.
2025-05-24 22:29:30,942 - INFO - Processando chamadoId: 11824
2025-05-24 22:29:30,969 - INFO - ChamadoId 11824 processado e salvo no banco de dados.
2025-05-24 22:29:30,970 - INFO - Enviando 10 chamados para geracao de keywords
2025-05-24 22:29:31,188 - ERROR - Erro ao enviar lote para Flask: HTTPConnectionPool(host='localhost', port=8081): Max retries exceeded with url: /extrair-keywords (Caused by NewConnectionError('<urllib3.connection.HTTPConnection object at 0x00000233D6B324E0>: Failed to establish a new connection: [WinError 10061] Nenhuma conexão pôde ser feita porque a máquina de destino as recusou ativamente'))
2025-05-24 22:29:31,189 - INFO - Enviando 10 chamados para análise de emoções no Flask.
2025-05-24 22:29:31,203 - ERROR - Erro ao enviar lote para Flask: HTTPConnectionPool(host='localhost', port=8080): Max retries exceeded with url: /prever (Caused by NewConnectionError('<urllib3.connection.HTTPConnection object at 0x00000233D6B338C0>: Failed to establish a new connection: [WinError 10061] Nenhuma conexão pôde ser feita porque a máquina de destino as recusou ativamente'))
2025-05-24 22:29:31,217 - INFO - Processando chamadoId: 11861
2025-05-24 22:29:31,245 - INFO - ChamadoId 11861 processado e salvo no banco de dados.
2025-05-24 22:29:31,255 - INFO - Processando chamadoId: 11859
2025-05-24 22:29:31,279 - INFO - ChamadoId 11859 processado e salvo no banco de dados.
2025-05-24 22:29:31,291 - INFO - Processando chamadoId: 11857
2025-05-24 22:29:31,317 - INFO - ChamadoId 11857 processado e salvo no banco de dados.
2025-05-24 22:29:31,328 - INFO - Processando chamadoId: 11855
2025-05-24 22:29:31,352 - INFO - ChamadoId 11855 processado e salvo no banco de dados.
2025-05-24 22:29:31,364 - INFO - Processando chamadoId: 11853
2025-05-24 22:29:31,387 - INFO - ChamadoId 11853 processado e salvo no banco de dados.
2025-05-24 22:29:31,398 - INFO - Processando chamadoId: 11851
2025-05-24 22:29:31,419 - INFO - ChamadoId 11851 processado e salvo no banco de dados.
2025-05-24 22:29:31,431 - INFO - Processando chamadoId: 11849
2025-05-24 22:29:31,453 - INFO - ChamadoId 11849 processado e salvo no banco de dados.
2025-05-24 22:29:31,465 - INFO - Processando chamadoId: 11847
2025-05-24 22:29:31,485 - INFO - ChamadoId 11847 processado e salvo no banco de dados.
2025-05-24 22:29:31,496 - INFO - Processando chamadoId: 11846
2025-05-24 22:29:31,519 - INFO - ChamadoId 11846 processado e salvo no banco de dados.
2025-05-24 22:29:31,531 - INFO - Processando chamadoId: 11844
2025-05-24 22:29:31,552 - INFO - ChamadoId 11844 processado e salvo no banco de dados.
2025-05-24 22:29:31,552 - INFO - Enviando 10 chamados para geracao de keywords
2025-05-24 22:29:31,879 - ERROR - Erro ao enviar lote para Flask: HTTPConnectionPool(host='localhost', port=8080): Max retries exceeded with url: /prever (Caused by NewConnectionError('<urllib3.connection.HTTPConnection object at 0x00000232077E2E40>: Failed to establish a new connection: [WinError 10061] Nenhuma conexão pôde ser feita porque a máquina de destino as recusou ativamente'))
2025-05-24 22:29:31,891 - INFO - Processando chamadoId: 11861
2025-05-24 22:29:31,924 - INFO - ChamadoId 11861 processado e salvo no banco de dados.
2025-05-24 22:29:31,934 - INFO - Processando chamadoId: 11859
2025-05-24 22:29:31,958 - INFO - ChamadoId 11859 processado e salvo no banco de dados.
2025-05-24 22:29:31,969 - INFO - Processando chamadoId: 11857
2025-05-24 22:29:31,994 - INFO - ChamadoId 11857 processado e salvo no banco de dados.
2025-05-24 22:29:32,005 - INFO - Processando chamadoId: 11855
2025-05-24 22:29:32,028 - INFO - ChamadoId 11855 processado e salvo no banco de dados.
2025-05-24 22:29:32,039 - INFO - Processando chamadoId: 11853
2025-05-24 22:29:32,062 - INFO - ChamadoId 11853 processado e salvo no banco de dados.
2025-05-24 22:29:32,073 - INFO - Processando chamadoId: 11851
2025-05-24 22:29:32,095 - INFO - ChamadoId 11851 processado e salvo no banco de dados.
2025-05-24 22:29:32,106 - INFO - Processando chamadoId: 11849
2025-05-24 22:29:32,131 - INFO - ChamadoId 11849 processado e salvo no banco de dados.
2025-05-24 22:29:32,142 - INFO - Processando chamadoId: 11847
2025-05-24 22:29:32,164 - INFO - ChamadoId 11847 processado e salvo no banco de dados.
2025-05-24 22:29:32,175 - INFO - Processando chamadoId: 11846
2025-05-24 22:29:32,197 - INFO - ChamadoId 11846 processado e salvo no banco de dados.
2025-05-24 22:29:32,211 - INFO - Processando chamadoId: 11844
2025-05-24 22:29:32,223 - ERROR - Erro ao enviar lote para Flask: HTTPConnectionPool(host='localhost', port=8080): Max retries exceeded with url: /prever (Caused by NewConnectionError('<urllib3.connection.HTTPConnection object at 0x00000232077E3CE0>: Failed to establish a new connection: [WinError 10061] Nenhuma conexão pôde ser feita porque a máquina de destino as recusou ativamente'))
2025-05-24 22:29:32,236 - INFO - ChamadoId 11844 processado e salvo no banco de dados.
2025-05-24 22:29:32,237 - INFO - Processando chamadoId: 11842
2025-05-24 22:29:32,237 - INFO - Enviando 10 chamados para geracao de keywords
2025-05-24 22:29:32,262 - INFO - ChamadoId 11842 processado e salvo no banco de dados.
2025-05-24 22:29:32,273 - INFO - Processando chamadoId: 11840
2025-05-24 22:29:32,300 - INFO - ChamadoId 11840 processado e salvo no banco de dados.
2025-05-24 22:29:32,311 - INFO - Processando chamadoId: 11838
2025-05-24 22:29:32,336 - INFO - ChamadoId 11838 processado e salvo no banco de dados.
2025-05-24 22:29:32,346 - INFO - Processando chamadoId: 11836
2025-05-24 22:29:32,369 - INFO - ChamadoId 11836 processado e salvo no banco de dados.
2025-05-24 22:29:32,381 - INFO - Processando chamadoId: 11834
2025-05-24 22:29:32,401 - ERROR - Erro ao enviar lote para Flask: HTTPConnectionPool(host='localhost', port=8080): Max retries exceeded with url: /prever (Caused by NewConnectionError('<urllib3.connection.HTTPConnection object at 0x0000023254EB3050>: Failed to establish a new connection: [WinError 10061] Nenhuma conexão pôde ser feita porque a máquina de destino as recusou ativamente'))
2025-05-24 22:29:32,402 - INFO - ChamadoId 11834 processado e salvo no banco de dados.
2025-05-24 22:29:32,412 - INFO - Processando chamadoId: 11861
2025-05-24 22:29:32,413 - INFO - Processando chamadoId: 11832
2025-05-24 22:29:32,448 - INFO - ChamadoId 11832 processado e salvo no banco de dados.
2025-05-24 22:29:32,451 - INFO - ChamadoId 11861 processado e salvo no banco de dados.
2025-05-24 22:29:32,459 - INFO - Processando chamadoId: 11830
2025-05-24 22:29:32,463 - INFO - Processando chamadoId: 11859
2025-05-24 22:29:32,492 - INFO - ChamadoId 11830 processado e salvo no banco de dados.
2025-05-24 22:29:32,494 - INFO - ChamadoId 11859 processado e salvo no banco de dados.
2025-05-24 22:29:32,503 - INFO - Processando chamadoId: 11828
2025-05-24 22:29:32,506 - INFO - Processando chamadoId: 11857
2025-05-24 22:29:32,537 - INFO - ChamadoId 11828 processado e salvo no banco de dados.
2025-05-24 22:29:32,540 - INFO - ChamadoId 11857 processado e salvo no banco de dados.
2025-05-24 22:29:32,549 - INFO - Processando chamadoId: 11826
2025-05-24 22:29:32,551 - INFO - Processando chamadoId: 11855
2025-05-24 22:29:32,581 - INFO - ChamadoId 11826 processado e salvo no banco de dados.
2025-05-24 22:29:32,584 - INFO - ChamadoId 11855 processado e salvo no banco de dados.
2025-05-24 22:29:32,592 - INFO - Processando chamadoId: 11824
2025-05-24 22:29:32,595 - INFO - Processando chamadoId: 11853
2025-05-24 22:29:32,626 - INFO - ChamadoId 11824 processado e salvo no banco de dados.
2025-05-24 22:29:32,626 - INFO - Enviando 10 chamados para geracao de keywords
2025-05-24 22:29:32,628 - INFO - ChamadoId 11853 processado e salvo no banco de dados.
2025-05-24 22:29:32,640 - INFO - Processando chamadoId: 11851
2025-05-24 22:29:32,664 - INFO - ChamadoId 11851 processado e salvo no banco de dados.
2025-05-24 22:29:32,676 - INFO - Processando chamadoId: 11849
2025-05-24 22:29:32,702 - INFO - ChamadoId 11849 processado e salvo no banco de dados.
2025-05-24 22:29:32,714 - INFO - Processando chamadoId: 11847
2025-05-24 22:29:32,735 - INFO - ChamadoId 11847 processado e salvo no banco de dados.
2025-05-24 22:29:32,747 - INFO - Processando chamadoId: 11846
2025-05-24 22:29:32,769 - INFO - ChamadoId 11846 processado e salvo no banco de dados.
2025-05-24 22:29:32,781 - INFO - Processando chamadoId: 11844
2025-05-24 22:29:32,805 - INFO - ChamadoId 11844 processado e salvo no banco de dados.
2025-05-24 22:29:32,805 - INFO - Enviando 10 chamados para geracao de keywords
2025-05-24 22:29:33,206 - ERROR - Erro ao enviar lote para Flask: HTTPConnectionPool(host='localhost', port=8080): Max retries exceeded with url: /prever (Caused by NewConnectionError('<urllib3.connection.HTTPConnection object at 0x000002336EE57A70>: Failed to establish a new connection: [WinError 10061] Nenhuma conexão pôde ser feita porque a máquina de destino as recusou ativamente'))
2025-05-24 22:29:33,221 - INFO - Processando chamadoId: 11842
2025-05-24 22:29:33,223 - ERROR - Erro ao enviar lote para Flask: HTTPConnectionPool(host='localhost', port=8080): Max retries exceeded with url: /prever (Caused by NewConnectionError('<urllib3.connection.HTTPConnection object at 0x00000232077E1790>: Failed to establish a new connection: [WinError 10061] Nenhuma conexão pôde ser feita porque a máquina de destino as recusou ativamente'))
2025-05-24 22:29:33,239 - INFO - Processando chamadoId: 11861
2025-05-24 22:29:33,251 - INFO - ChamadoId 11842 processado e salvo no banco de dados.
2025-05-24 22:29:33,264 - INFO - Processando chamadoId: 11840
2025-05-24 22:29:33,267 - INFO - ChamadoId 11861 processado e salvo no banco de dados.
2025-05-24 22:29:33,279 - INFO - Processando chamadoId: 11859
2025-05-24 22:29:33,289 - INFO - ChamadoId 11840 processado e salvo no banco de dados.
2025-05-24 22:29:33,302 - INFO - Processando chamadoId: 11838
2025-05-24 22:29:33,304 - INFO - ChamadoId 11859 processado e salvo no banco de dados.
2025-05-24 22:29:33,316 - INFO - Processando chamadoId: 11857
2025-05-24 22:29:33,330 - INFO - ChamadoId 11838 processado e salvo no banco de dados.
2025-05-24 22:29:33,340 - INFO - Processando chamadoId: 11836
2025-05-24 22:29:33,340 - INFO - ChamadoId 11857 processado e salvo no banco de dados.
2025-05-24 22:29:33,356 - INFO - Processando chamadoId: 11855
2025-05-24 22:29:33,366 - INFO - ChamadoId 11836 processado e salvo no banco de dados.
2025-05-24 22:29:33,379 - INFO - Processando chamadoId: 11834
2025-05-24 22:29:33,384 - INFO - ChamadoId 11855 processado e salvo no banco de dados.
2025-05-24 22:29:33,397 - INFO - Processando chamadoId: 11853
2025-05-24 22:29:33,403 - INFO - ChamadoId 11834 processado e salvo no banco de dados.
2025-05-24 22:29:33,415 - INFO - Processando chamadoId: 11832
2025-05-24 22:29:33,423 - INFO - ChamadoId 11853 processado e salvo no banco de dados.
2025-05-24 22:29:33,437 - INFO - Processando chamadoId: 11851
2025-05-24 22:29:33,438 - INFO - ChamadoId 11832 processado e salvo no banco de dados.
2025-05-24 22:29:33,450 - INFO - Processando chamadoId: 11830
2025-05-24 22:29:33,462 - INFO - ChamadoId 11851 processado e salvo no banco de dados.
2025-05-24 22:29:33,473 - INFO - ChamadoId 11830 processado e salvo no banco de dados.
2025-05-24 22:29:33,475 - INFO - Processando chamadoId: 11849
2025-05-24 22:29:33,484 - INFO - Processando chamadoId: 11828
2025-05-24 22:29:33,505 - INFO - ChamadoId 11849 processado e salvo no banco de dados.
2025-05-24 22:29:33,512 - INFO - ChamadoId 11828 processado e salvo no banco de dados.
2025-05-24 22:29:33,518 - INFO - Processando chamadoId: 11847
2025-05-24 22:29:33,524 - INFO - Processando chamadoId: 11826
2025-05-24 22:29:33,545 - INFO - ChamadoId 11847 processado e salvo no banco de dados.
2025-05-24 22:29:33,552 - INFO - ChamadoId 11826 processado e salvo no banco de dados.
2025-05-24 22:29:33,558 - INFO - Processando chamadoId: 11846
2025-05-24 22:29:33,563 - INFO - Processando chamadoId: 11824
2025-05-24 22:29:33,592 - INFO - ChamadoId 11846 processado e salvo no banco de dados.
2025-05-24 22:29:33,594 - INFO - ChamadoId 11824 processado e salvo no banco de dados.
2025-05-24 22:29:33,594 - INFO - Enviando 10 chamados para geracao de keywords
2025-05-24 22:29:33,606 - INFO - Processando chamadoId: 11844
2025-05-24 22:29:33,632 - INFO - ChamadoId 11844 processado e salvo no banco de dados.
2025-05-24 22:29:33,632 - INFO - Enviando 10 chamados para geracao de keywords
2025-05-24 22:29:33,808 - ERROR - Erro ao enviar lote para Flask: HTTPConnectionPool(host='localhost', port=8080): Max retries exceeded with url: /prever (Caused by NewConnectionError('<urllib3.connection.HTTPConnection object at 0x00000233403819D0>: Failed to establish a new connection: [WinError 10061] Nenhuma conexão pôde ser feita porque a máquina de destino as recusou ativamente'))
2025-05-24 22:29:33,822 - INFO - Processando chamadoId: 11842
2025-05-24 22:29:33,853 - INFO - ChamadoId 11842 processado e salvo no banco de dados.
2025-05-24 22:29:33,865 - INFO - Processando chamadoId: 11840
2025-05-24 22:29:33,889 - INFO - ChamadoId 11840 processado e salvo no banco de dados.
2025-05-24 22:29:33,900 - INFO - Processando chamadoId: 11838
2025-05-24 22:29:33,908 - ERROR - Erro ao enviar lote para Flask: HTTPConnectionPool(host='localhost', port=8080): Max retries exceeded with url: /prever (Caused by NewConnectionError('<urllib3.connection.HTTPConnection object at 0x000002327F81EDE0>: Failed to establish a new connection: [WinError 10061] Nenhuma conexão pôde ser feita porque a máquina de destino as recusou ativamente'))
2025-05-24 22:29:33,920 - INFO - Processando chamadoId: 11842
2025-05-24 22:29:33,925 - INFO - ChamadoId 11838 processado e salvo no banco de dados.
2025-05-24 22:29:33,937 - INFO - Processando chamadoId: 11836
2025-05-24 22:29:33,945 - INFO - ChamadoId 11842 processado e salvo no banco de dados.
2025-05-24 22:29:33,956 - INFO - Processando chamadoId: 11840
2025-05-24 22:29:33,960 - INFO - ChamadoId 11836 processado e salvo no banco de dados.
2025-05-24 22:29:33,971 - INFO - Processando chamadoId: 11834
2025-05-24 22:29:33,981 - INFO - ChamadoId 11840 processado e salvo no banco de dados.
2025-05-24 22:29:33,991 - INFO - Processando chamadoId: 11838
2025-05-24 22:29:33,993 - INFO - ChamadoId 11834 processado e salvo no banco de dados.
2025-05-24 22:29:34,003 - INFO - Processando chamadoId: 11832
2025-05-24 22:29:34,016 - INFO - ChamadoId 11838 processado e salvo no banco de dados.
2025-05-24 22:29:34,026 - INFO - Processando chamadoId: 11836
2025-05-24 22:29:34,026 - INFO - ChamadoId 11832 processado e salvo no banco de dados.
2025-05-24 22:29:34,038 - INFO - Processando chamadoId: 11830
2025-05-24 22:29:34,050 - INFO - ChamadoId 11836 processado e salvo no banco de dados.
2025-05-24 22:29:34,061 - INFO - Processando chamadoId: 11834
2025-05-24 22:29:34,061 - INFO - ChamadoId 11830 processado e salvo no banco de dados.
2025-05-24 22:29:34,075 - INFO - Processando chamadoId: 11828
2025-05-24 22:29:34,082 - INFO - ChamadoId 11834 processado e salvo no banco de dados.
2025-05-24 22:29:34,092 - INFO - Processando chamadoId: 11832
2025-05-24 22:29:34,097 - INFO - ChamadoId 11828 processado e salvo no banco de dados.
2025-05-24 22:29:34,108 - INFO - Processando chamadoId: 11826
2025-05-24 22:29:34,264 - INFO - ChamadoId 11832 processado e salvo no banco de dados.
2025-05-24 22:29:34,265 - INFO - ChamadoId 11826 processado e salvo no banco de dados.
2025-05-24 22:29:34,276 - INFO - Processando chamadoId: 11830
2025-05-24 22:29:34,276 - INFO - Processando chamadoId: 11824
2025-05-24 22:29:34,302 - INFO - ChamadoId 11824 processado e salvo no banco de dados.
2025-05-24 22:29:34,302 - INFO - Enviando 10 chamados para geracao de keywords
2025-05-24 22:29:34,310 - INFO - ChamadoId 11830 processado e salvo no banco de dados.
2025-05-24 22:29:34,324 - INFO - Processando chamadoId: 11828
2025-05-24 22:29:34,350 - INFO - ChamadoId 11828 processado e salvo no banco de dados.
2025-05-24 22:29:34,359 - INFO - Processando chamadoId: 11826
2025-05-24 22:29:34,381 - INFO - ChamadoId 11826 processado e salvo no banco de dados.
2025-05-24 22:29:34,391 - INFO - Processando chamadoId: 11824
2025-05-24 22:29:34,414 - INFO - ChamadoId 11824 processado e salvo no banco de dados.
2025-05-24 22:29:34,414 - INFO - Enviando 10 chamados para geracao de keywords
2025-05-24 22:29:35,041 - ERROR - Erro ao enviar lote para Flask: HTTPConnectionPool(host='localhost', port=8081): Max retries exceeded with url: /extrair-keywords (Caused by NewConnectionError('<urllib3.connection.HTTPConnection object at 0x000002327E4AC0E0>: Failed to establish a new connection: [WinError 10061] Nenhuma conexão pôde ser feita porque a máquina de destino as recusou ativamente'))
2025-05-24 22:29:35,041 - INFO - Enviando 10 chamados para análise de emoções no Flask.
2025-05-24 22:29:35,253 - ERROR - Erro ao enviar lote para Flask: HTTPConnectionPool(host='localhost', port=8080): Max retries exceeded with url: /prever (Caused by NewConnectionError('<urllib3.connection.HTTPConnection object at 0x00000232077E0B60>: Failed to establish a new connection: [WinError 10061] Nenhuma conexão pôde ser feita porque a máquina de destino as recusou ativamente'))
2025-05-24 22:29:35,266 - INFO - Processando chamadoId: 11842
2025-05-24 22:29:35,298 - INFO - ChamadoId 11842 processado e salvo no banco de dados.
2025-05-24 22:29:35,309 - INFO - Processando chamadoId: 11840
2025-05-24 22:29:35,334 - INFO - ChamadoId 11840 processado e salvo no banco de dados.
2025-05-24 22:29:35,345 - INFO - Processando chamadoId: 11838
2025-05-24 22:29:35,381 - INFO - ChamadoId 11838 processado e salvo no banco de dados.
2025-05-24 22:29:35,392 - INFO - Processando chamadoId: 11836
2025-05-24 22:29:35,422 - INFO - ChamadoId 11836 processado e salvo no banco de dados.
2025-05-24 22:29:35,434 - INFO - Processando chamadoId: 11834
2025-05-24 22:29:35,458 - INFO - ChamadoId 11834 processado e salvo no banco de dados.
2025-05-24 22:29:35,470 - INFO - Processando chamadoId: 11832
2025-05-24 22:29:35,494 - INFO - ChamadoId 11832 processado e salvo no banco de dados.
2025-05-24 22:29:35,506 - INFO - Processando chamadoId: 11830
2025-05-24 22:29:35,529 - INFO - ChamadoId 11830 processado e salvo no banco de dados.
2025-05-24 22:29:35,541 - INFO - Processando chamadoId: 11828
2025-05-24 22:29:35,563 - INFO - ChamadoId 11828 processado e salvo no banco de dados.
2025-05-24 22:29:35,574 - INFO - Processando chamadoId: 11826
2025-05-24 22:29:35,598 - INFO - ChamadoId 11826 processado e salvo no banco de dados.
2025-05-24 22:29:35,610 - INFO - Processando chamadoId: 11824
2025-05-24 22:29:35,612 - ERROR - Erro ao enviar lote para Flask: HTTPConnectionPool(host='localhost', port=8081): Max retries exceeded with url: /extrair-keywords (Caused by NewConnectionError('<urllib3.connection.HTTPConnection object at 0x00000233D6B30B00>: Failed to establish a new connection: [WinError 10061] Nenhuma conexão pôde ser feita porque a máquina de destino as recusou ativamente'))
2025-05-24 22:29:35,612 - INFO - Enviando 10 chamados para análise de emoções no Flask.
2025-05-24 22:29:35,636 - INFO - ChamadoId 11824 processado e salvo no banco de dados.
2025-05-24 22:29:35,636 - INFO - Enviando 10 chamados para geracao de keywords
2025-05-24 22:29:36,294 - ERROR - Erro ao enviar lote para Flask: HTTPConnectionPool(host='localhost', port=8081): Max retries exceeded with url: /extrair-keywords (Caused by NewConnectionError('<urllib3.connection.HTTPConnection object at 0x00000233D6B32B70>: Failed to establish a new connection: [WinError 10061] Nenhuma conexão pôde ser feita porque a máquina de destino as recusou ativamente'))
2025-05-24 22:29:36,297 - INFO - Enviando 10 chamados para análise de emoções no Flask.
2025-05-24 22:29:36,719 - ERROR - Erro ao enviar lote para Flask: HTTPConnectionPool(host='localhost', port=8081): Max retries exceeded with url: /extrair-keywords (Caused by NewConnectionError('<urllib3.connection.HTTPConnection object at 0x000002327F85B3E0>: Failed to establish a new connection: [WinError 10061] Nenhuma conexão pôde ser feita porque a máquina de destino as recusou ativamente'))
2025-05-24 22:29:36,719 - INFO - Enviando 10 chamados para análise de emoções no Flask.
2025-05-24 22:29:36,859 - ERROR - Erro ao enviar lote para Flask: HTTPConnectionPool(host='localhost', port=8081): Max retries exceeded with url: /extrair-keywords (Caused by NewConnectionError('<urllib3.connection.HTTPConnection object at 0x000002336EC51F10>: Failed to establish a new connection: [WinError 10061] Nenhuma conexão pôde ser feita porque a máquina de destino as recusou ativamente'))
2025-05-24 22:29:36,860 - INFO - Enviando 10 chamados para análise de emoções no Flask.
2025-05-24 22:29:37,673 - ERROR - Erro ao enviar lote para Flask: HTTPConnectionPool(host='localhost', port=8081): Max retries exceeded with url: /extrair-keywords (Caused by NewConnectionError('<urllib3.connection.HTTPConnection object at 0x000002336EE55B80>: Failed to establish a new connection: [WinError 10061] Nenhuma conexão pôde ser feita porque a máquina de destino as recusou ativamente'))
2025-05-24 22:29:37,675 - INFO - Enviando 10 chamados para análise de emoções no Flask.
2025-05-24 22:29:37,705 - ERROR - Erro ao enviar lote para Flask: HTTPConnectionPool(host='localhost', port=8081): Max retries exceeded with url: /extrair-keywords (Caused by NewConnectionError('<urllib3.connection.HTTPConnection object at 0x000002320772F440>: Failed to establish a new connection: [WinError 10061] Nenhuma conexão pôde ser feita porque a máquina de destino as recusou ativamente'))
2025-05-24 22:29:37,705 - INFO - Enviando 10 chamados para análise de emoções no Flask.
2025-05-24 22:29:38,363 - ERROR - Erro ao enviar lote para Flask: HTTPConnectionPool(host='localhost', port=8081): Max retries exceeded with url: /extrair-keywords (Caused by NewConnectionError('<urllib3.connection.HTTPConnection object at 0x0000023208705C70>: Failed to establish a new connection: [WinError 10061] Nenhuma conexão pôde ser feita porque a máquina de destino as recusou ativamente'))
2025-05-24 22:29:38,364 - INFO - Enviando 10 chamados para análise de emoções no Flask.
2025-05-24 22:29:38,488 - ERROR - Erro ao enviar lote para Flask: HTTPConnectionPool(host='localhost', port=8081): Max retries exceeded with url: /extrair-keywords (Caused by NewConnectionError('<urllib3.connection.HTTPConnection object at 0x0000023310C7E510>: Failed to establish a new connection: [WinError 10061] Nenhuma conexão pôde ser feita porque a máquina de destino as recusou ativamente'))
2025-05-24 22:29:38,489 - INFO - Enviando 10 chamados para análise de emoções no Flask.
2025-05-24 22:29:39,110 - ERROR - Erro ao enviar lote para Flask: HTTPConnectionPool(host='localhost', port=8080): Max retries exceeded with url: /prever (Caused by NewConnectionError('<urllib3.connection.HTTPConnection object at 0x000002327F815EB0>: Failed to establish a new connection: [WinError 10061] Nenhuma conexão pôde ser feita porque a máquina de destino as recusou ativamente'))
2025-05-24 22:29:39,124 - INFO - Processando chamadoId: 11822
2025-05-24 22:29:39,167 - INFO - ChamadoId 11822 processado e salvo no banco de dados.
2025-05-24 22:29:39,176 - INFO - Processando chamadoId: 11820
2025-05-24 22:29:39,203 - INFO - ChamadoId 11820 processado e salvo no banco de dados.
2025-05-24 22:29:39,214 - INFO - Processando chamadoId: 11818
2025-05-24 22:29:39,242 - INFO - ChamadoId 11818 processado e salvo no banco de dados.
2025-05-24 22:29:39,252 - INFO - Processando chamadoId: 11816
2025-05-24 22:29:39,280 - INFO - ChamadoId 11816 processado e salvo no banco de dados.
2025-05-24 22:29:39,290 - INFO - Processando chamadoId: 11814
2025-05-24 22:29:39,314 - INFO - ChamadoId 11814 processado e salvo no banco de dados.
2025-05-24 22:29:39,325 - INFO - Processando chamadoId: 11812
2025-05-24 22:29:39,348 - INFO - ChamadoId 11812 processado e salvo no banco de dados.
2025-05-24 22:29:39,359 - INFO - Processando chamadoId: 11811
2025-05-24 22:29:39,384 - INFO - ChamadoId 11811 processado e salvo no banco de dados.
2025-05-24 22:29:39,395 - INFO - Processando chamadoId: 11809
2025-05-24 22:29:39,420 - INFO - ChamadoId 11809 processado e salvo no banco de dados.
2025-05-24 22:29:39,430 - INFO - Processando chamadoId: 11807
2025-05-24 22:29:39,456 - INFO - ChamadoId 11807 processado e salvo no banco de dados.
2025-05-24 22:29:39,468 - INFO - Processando chamadoId: 11805
2025-05-24 22:29:39,496 - INFO - ChamadoId 11805 processado e salvo no banco de dados.
2025-05-24 22:29:39,496 - INFO - Enviando 10 chamados para geracao de keywords
2025-05-24 22:29:39,682 - ERROR - Erro ao enviar lote para Flask: HTTPConnectionPool(host='localhost', port=8080): Max retries exceeded with url: /prever (Caused by NewConnectionError('<urllib3.connection.HTTPConnection object at 0x00000232077E3140>: Failed to establish a new connection: [WinError 10061] Nenhuma conexão pôde ser feita porque a máquina de destino as recusou ativamente'))
2025-05-24 22:29:39,697 - ERROR - Erro ao enviar lote para Flask: HTTPConnectionPool(host='localhost', port=8081): Max retries exceeded with url: /extrair-keywords (Caused by NewConnectionError('<urllib3.connection.HTTPConnection object at 0x00000233D6B31DC0>: Failed to establish a new connection: [WinError 10061] Nenhuma conexão pôde ser feita porque a máquina de destino as recusou ativamente'))
2025-05-24 22:29:39,698 - INFO - Enviando 10 chamados para análise de emoções no Flask.
2025-05-24 22:29:39,706 - INFO - Processando chamadoId: 11842
2025-05-24 22:29:39,728 - INFO - ChamadoId 11842 processado e salvo no banco de dados.
2025-05-24 22:29:39,754 - INFO - Processando chamadoId: 11840
2025-05-24 22:29:39,778 - INFO - ChamadoId 11840 processado e salvo no banco de dados.
2025-05-24 22:29:39,789 - INFO - Processando chamadoId: 11838
2025-05-24 22:29:39,811 - INFO - ChamadoId 11838 processado e salvo no banco de dados.
2025-05-24 22:29:39,822 - INFO - Processando chamadoId: 11836
2025-05-24 22:29:39,848 - INFO - ChamadoId 11836 processado e salvo no banco de dados.
2025-05-24 22:29:39,858 - INFO - Processando chamadoId: 11834
2025-05-24 22:29:39,882 - INFO - ChamadoId 11834 processado e salvo no banco de dados.
2025-05-24 22:29:39,892 - INFO - Processando chamadoId: 11832
2025-05-24 22:29:39,918 - INFO - ChamadoId 11832 processado e salvo no banco de dados.
2025-05-24 22:29:39,929 - INFO - Processando chamadoId: 11830
2025-05-24 22:29:39,951 - INFO - ChamadoId 11830 processado e salvo no banco de dados.
2025-05-24 22:29:39,960 - INFO - Processando chamadoId: 11828
2025-05-24 22:29:39,981 - INFO - ChamadoId 11828 processado e salvo no banco de dados.
2025-05-24 22:29:39,993 - INFO - Processando chamadoId: 11826
2025-05-24 22:29:40,015 - INFO - ChamadoId 11826 processado e salvo no banco de dados.
2025-05-24 22:29:40,025 - INFO - Processando chamadoId: 11824
2025-05-24 22:29:40,049 - INFO - ChamadoId 11824 processado e salvo no banco de dados.
2025-05-24 22:29:40,049 - INFO - Enviando 10 chamados para geracao de keywords
2025-05-24 22:29:40,383 - ERROR - Erro ao enviar lote para Flask: HTTPConnectionPool(host='localhost', port=8080): Max retries exceeded with url: /prever (Caused by NewConnectionError('<urllib3.connection.HTTPConnection object at 0x0000023207792FF0>: Failed to establish a new connection: [WinError 10061] Nenhuma conexão pôde ser feita porque a máquina de destino as recusou ativamente'))
2025-05-24 22:29:40,395 - INFO - Processando chamadoId: 11842
2025-05-24 22:29:40,422 - INFO - ChamadoId 11842 processado e salvo no banco de dados.
2025-05-24 22:29:40,432 - INFO - Processando chamadoId: 11840
2025-05-24 22:29:40,457 - INFO - ChamadoId 11840 processado e salvo no banco de dados.
2025-05-24 22:29:40,468 - INFO - Processando chamadoId: 11838
2025-05-24 22:29:40,492 - INFO - ChamadoId 11838 processado e salvo no banco de dados.
2025-05-24 22:29:40,504 - INFO - Processando chamadoId: 11836
2025-05-24 22:29:40,526 - INFO - ChamadoId 11836 processado e salvo no banco de dados.
2025-05-24 22:29:40,537 - INFO - Processando chamadoId: 11834
2025-05-24 22:29:40,561 - INFO - ChamadoId 11834 processado e salvo no banco de dados.
2025-05-24 22:29:40,573 - INFO - Processando chamadoId: 11832
2025-05-24 22:29:40,595 - INFO - ChamadoId 11832 processado e salvo no banco de dados.
2025-05-24 22:29:40,606 - INFO - Processando chamadoId: 11830
2025-05-24 22:29:40,629 - INFO - ChamadoId 11830 processado e salvo no banco de dados.
2025-05-24 22:29:40,640 - INFO - Processando chamadoId: 11828
2025-05-24 22:29:40,666 - INFO - ChamadoId 11828 processado e salvo no banco de dados.
2025-05-24 22:29:40,678 - INFO - Processando chamadoId: 11826
2025-05-24 22:29:40,700 - INFO - ChamadoId 11826 processado e salvo no banco de dados.
2025-05-24 22:29:40,710 - INFO - Processando chamadoId: 11824
2025-05-24 22:29:40,732 - INFO - ChamadoId 11824 processado e salvo no banco de dados.
2025-05-24 22:29:40,733 - INFO - Enviando 10 chamados para geracao de keywords
2025-05-24 22:29:40,806 - ERROR - Erro ao enviar lote para Flask: HTTPConnectionPool(host='localhost', port=8080): Max retries exceeded with url: /prever (Caused by NewConnectionError('<urllib3.connection.HTTPConnection object at 0x00000232077E2720>: Failed to establish a new connection: [WinError 10061] Nenhuma conexão pôde ser feita porque a máquina de destino as recusou ativamente'))
2025-05-24 22:29:40,818 - INFO - Processando chamadoId: 11822
2025-05-24 22:29:40,847 - INFO - ChamadoId 11822 processado e salvo no banco de dados.
2025-05-24 22:29:40,860 - INFO - Processando chamadoId: 11820
2025-05-24 22:29:40,881 - INFO - ChamadoId 11820 processado e salvo no banco de dados.
2025-05-24 22:29:40,893 - INFO - Processando chamadoId: 11818
2025-05-24 22:29:40,918 - INFO - ChamadoId 11818 processado e salvo no banco de dados.
2025-05-24 22:29:40,929 - INFO - Processando chamadoId: 11816
2025-05-24 22:29:40,953 - INFO - ChamadoId 11816 processado e salvo no banco de dados.
2025-05-24 22:29:40,960 - ERROR - Erro ao enviar lote para Flask: HTTPConnectionPool(host='localhost', port=8080): Max retries exceeded with url: /prever (Caused by NewConnectionError('<urllib3.connection.HTTPConnection object at 0x00000232855BEC90>: Failed to establish a new connection: [WinError 10061] Nenhuma conexão pôde ser feita porque a máquina de destino as recusou ativamente'))
2025-05-24 22:29:40,964 - INFO - Processando chamadoId: 11814
2025-05-24 22:29:40,972 - INFO - Processando chamadoId: 11842
2025-05-24 22:29:40,989 - INFO - ChamadoId 11814 processado e salvo no banco de dados.
2025-05-24 22:29:40,998 - INFO - Processando chamadoId: 11812
2025-05-24 22:29:40,999 - INFO - ChamadoId 11842 processado e salvo no banco de dados.
2025-05-24 22:29:41,012 - INFO - Processando chamadoId: 11840
2025-05-24 22:29:41,020 - INFO - ChamadoId 11812 processado e salvo no banco de dados.
2025-05-24 22:29:41,031 - INFO - Processando chamadoId: 11811
2025-05-24 22:29:41,037 - INFO - ChamadoId 11840 processado e salvo no banco de dados.
2025-05-24 22:29:41,049 - INFO - Processando chamadoId: 11838
2025-05-24 22:29:41,056 - INFO - ChamadoId 11811 processado e salvo no banco de dados.
2025-05-24 22:29:41,069 - INFO - Processando chamadoId: 11809
2025-05-24 22:29:41,076 - INFO - ChamadoId 11838 processado e salvo no banco de dados.
2025-05-24 22:29:41,089 - INFO - Processando chamadoId: 11836
2025-05-24 22:29:41,092 - INFO - ChamadoId 11809 processado e salvo no banco de dados.
2025-05-24 22:29:41,105 - INFO - Processando chamadoId: 11807
2025-05-24 22:29:41,114 - INFO - ChamadoId 11836 processado e salvo no banco de dados.
2025-05-24 22:29:41,126 - INFO - Processando chamadoId: 11834
2025-05-24 22:29:41,128 - INFO - ChamadoId 11807 processado e salvo no banco de dados.
2025-05-24 22:29:41,143 - INFO - Processando chamadoId: 11805
2025-05-24 22:29:41,151 - INFO - ChamadoId 11834 processado e salvo no banco de dados.
2025-05-24 22:29:41,163 - INFO - Processando chamadoId: 11832
2025-05-24 22:29:41,166 - INFO - ChamadoId 11805 processado e salvo no banco de dados.
2025-05-24 22:29:41,167 - INFO - Enviando 10 chamados para geracao de keywords
2025-05-24 22:29:41,188 - INFO - ChamadoId 11832 processado e salvo no banco de dados.
2025-05-24 22:29:41,208 - INFO - Processando chamadoId: 11830
2025-05-24 22:29:41,248 - INFO - ChamadoId 11830 processado e salvo no banco de dados.
2025-05-24 22:29:41,281 - INFO - Processando chamadoId: 11828
2025-05-24 22:29:41,310 - INFO - ChamadoId 11828 processado e salvo no banco de dados.
2025-05-24 22:29:41,320 - INFO - Processando chamadoId: 11826
2025-05-24 22:29:41,345 - INFO - ChamadoId 11826 processado e salvo no banco de dados.
2025-05-24 22:29:41,357 - INFO - Processando chamadoId: 11824
2025-05-24 22:29:41,382 - INFO - ChamadoId 11824 processado e salvo no banco de dados.
2025-05-24 22:29:41,383 - INFO - Enviando 10 chamados para geracao de keywords
2025-05-24 22:29:41,737 - ERROR - Erro ao enviar lote para Flask: HTTPConnectionPool(host='localhost', port=8080): Max retries exceeded with url: /prever (Caused by NewConnectionError('<urllib3.connection.HTTPConnection object at 0x00000233D6B311C0>: Failed to establish a new connection: [WinError 10061] Nenhuma conexão pôde ser feita porque a máquina de destino as recusou ativamente'))
2025-05-24 22:29:41,752 - INFO - Processando chamadoId: 11822
2025-05-24 22:29:41,767 - ERROR - Erro ao enviar lote para Flask: HTTPConnectionPool(host='localhost', port=8080): Max retries exceeded with url: /prever (Caused by NewConnectionError('<urllib3.connection.HTTPConnection object at 0x000002327F85BD40>: Failed to establish a new connection: [WinError 10061] Nenhuma conexão pôde ser feita porque a máquina de destino as recusou ativamente'))
2025-05-24 22:29:41,780 - INFO - ChamadoId 11822 processado e salvo no banco de dados.
2025-05-24 22:29:41,782 - INFO - Processando chamadoId: 11842
2025-05-24 22:29:41,793 - INFO - Processando chamadoId: 11820
2025-05-24 22:29:41,810 - INFO - ChamadoId 11842 processado e salvo no banco de dados.
2025-05-24 22:29:41,819 - INFO - ChamadoId 11820 processado e salvo no banco de dados.
2025-05-24 22:29:41,821 - INFO - Processando chamadoId: 11840
2025-05-24 22:29:41,830 - INFO - Processando chamadoId: 11818
2025-05-24 22:29:41,853 - INFO - ChamadoId 11840 processado e salvo no banco de dados.
2025-05-24 22:29:41,859 - INFO - ChamadoId 11818 processado e salvo no banco de dados.
2025-05-24 22:29:41,866 - INFO - Processando chamadoId: 11838
2025-05-24 22:29:41,871 - INFO - Processando chamadoId: 11816
2025-05-24 22:29:41,899 - INFO - ChamadoId 11838 processado e salvo no banco de dados.
2025-05-24 22:29:41,904 - INFO - ChamadoId 11816 processado e salvo no banco de dados.
2025-05-24 22:29:41,912 - INFO - Processando chamadoId: 11836
2025-05-24 22:29:41,916 - INFO - Processando chamadoId: 11814
2025-05-24 22:29:41,945 - INFO - ChamadoId 11836 processado e salvo no banco de dados.
2025-05-24 22:29:41,945 - INFO - ChamadoId 11814 processado e salvo no banco de dados.
2025-05-24 22:29:41,959 - INFO - Processando chamadoId: 11812
2025-05-24 22:29:41,959 - INFO - Processando chamadoId: 11834
2025-05-24 22:29:41,985 - INFO - ChamadoId 11812 processado e salvo no banco de dados.
2025-05-24 22:29:41,992 - INFO - ChamadoId 11834 processado e salvo no banco de dados.
2025-05-24 22:29:41,998 - INFO - Processando chamadoId: 11811
2025-05-24 22:29:42,009 - INFO - Processando chamadoId: 11832
2025-05-24 22:29:42,031 - INFO - ChamadoId 11811 processado e salvo no banco de dados.
2025-05-24 22:29:42,043 - INFO - Processando chamadoId: 11809
2025-05-24 22:29:42,043 - INFO - ChamadoId 11832 processado e salvo no banco de dados.
2025-05-24 22:29:42,059 - INFO - Processando chamadoId: 11830
2025-05-24 22:29:42,068 - INFO - ChamadoId 11809 processado e salvo no banco de dados.
2025-05-24 22:29:42,082 - INFO - Processando chamadoId: 11807
2025-05-24 22:29:42,085 - INFO - ChamadoId 11830 processado e salvo no banco de dados.
2025-05-24 22:29:42,098 - INFO - Processando chamadoId: 11828
2025-05-24 22:29:42,107 - INFO - ChamadoId 11807 processado e salvo no banco de dados.
2025-05-24 22:29:42,120 - INFO - Processando chamadoId: 11805
2025-05-24 22:29:42,122 - INFO - ChamadoId 11828 processado e salvo no banco de dados.
2025-05-24 22:29:42,135 - INFO - Processando chamadoId: 11826
2025-05-24 22:29:42,143 - INFO - ChamadoId 11805 processado e salvo no banco de dados.
2025-05-24 22:29:42,145 - INFO - Enviando 10 chamados para geracao de keywords
2025-05-24 22:29:42,161 - INFO - ChamadoId 11826 processado e salvo no banco de dados.
2025-05-24 22:29:42,175 - INFO - Processando chamadoId: 11824
2025-05-24 22:29:42,200 - INFO - ChamadoId 11824 processado e salvo no banco de dados.
2025-05-24 22:29:42,200 - INFO - Enviando 10 chamados para geracao de keywords
2025-05-24 22:29:42,445 - ERROR - Erro ao enviar lote para Flask: HTTPConnectionPool(host='localhost', port=8080): Max retries exceeded with url: /prever (Caused by NewConnectionError('<urllib3.connection.HTTPConnection object at 0x00000232077E29C0>: Failed to establish a new connection: [WinError 10061] Nenhuma conexão pôde ser feita porque a máquina de destino as recusou ativamente'))
2025-05-24 22:29:42,456 - INFO - Processando chamadoId: 11822
2025-05-24 22:29:42,485 - INFO - ChamadoId 11822 processado e salvo no banco de dados.
2025-05-24 22:29:42,496 - INFO - Processando chamadoId: 11820
2025-05-24 22:29:42,518 - INFO - ChamadoId 11820 processado e salvo no banco de dados.
2025-05-24 22:29:42,529 - INFO - Processando chamadoId: 11818
2025-05-24 22:29:42,533 - ERROR - Erro ao enviar lote para Flask: HTTPConnectionPool(host='localhost', port=8080): Max retries exceeded with url: /prever (Caused by NewConnectionError('<urllib3.connection.HTTPConnection object at 0x00000232077E3290>: Failed to establish a new connection: [WinError 10061] Nenhuma conexão pôde ser feita porque a máquina de destino as recusou ativamente'))
2025-05-24 22:29:42,545 - INFO - Processando chamadoId: 11822
2025-05-24 22:29:42,553 - INFO - ChamadoId 11818 processado e salvo no banco de dados.
2025-05-24 22:29:42,565 - INFO - Processando chamadoId: 11816
2025-05-24 22:29:42,570 - INFO - ChamadoId 11822 processado e salvo no banco de dados.
2025-05-24 22:29:42,580 - INFO - Processando chamadoId: 11820
2025-05-24 22:29:42,587 - INFO - ChamadoId 11816 processado e salvo no banco de dados.
2025-05-24 22:29:42,599 - INFO - Processando chamadoId: 11814
2025-05-24 22:29:42,602 - INFO - ChamadoId 11820 processado e salvo no banco de dados.
2025-05-24 22:29:42,612 - INFO - Processando chamadoId: 11818
2025-05-24 22:29:42,622 - INFO - ChamadoId 11814 processado e salvo no banco de dados.
2025-05-24 22:29:42,632 - INFO - Processando chamadoId: 11812
2025-05-24 22:29:42,634 - INFO - ChamadoId 11818 processado e salvo no banco de dados.
2025-05-24 22:29:42,644 - INFO - Processando chamadoId: 11816
2025-05-24 22:29:42,651 - INFO - ChamadoId 11812 processado e salvo no banco de dados.
2025-05-24 22:29:42,662 - INFO - Processando chamadoId: 11811
2025-05-24 22:29:42,666 - INFO - ChamadoId 11816 processado e salvo no banco de dados.
2025-05-24 22:29:42,677 - INFO - Processando chamadoId: 11814
2025-05-24 22:29:42,684 - INFO - ChamadoId 11811 processado e salvo no banco de dados.
2025-05-24 22:29:42,696 - INFO - Processando chamadoId: 11809
2025-05-24 22:29:42,700 - INFO - ChamadoId 11814 processado e salvo no banco de dados.
2025-05-24 22:29:42,710 - INFO - Processando chamadoId: 11812
2025-05-24 22:29:42,720 - INFO - ChamadoId 11809 processado e salvo no banco de dados.
2025-05-24 22:29:42,728 - INFO - ChamadoId 11812 processado e salvo no banco de dados.
2025-05-24 22:29:42,729 - INFO - Processando chamadoId: 11807
2025-05-24 22:29:42,737 - INFO - Processando chamadoId: 11811
2025-05-24 22:29:42,756 - INFO - ChamadoId 11807 processado e salvo no banco de dados.
2025-05-24 22:29:42,761 - INFO - ChamadoId 11811 processado e salvo no banco de dados.
2025-05-24 22:29:42,767 - INFO - Processando chamadoId: 11805
2025-05-24 22:29:42,773 - INFO - Processando chamadoId: 11809
2025-05-24 22:29:42,796 - INFO - ChamadoId 11805 processado e salvo no banco de dados.
2025-05-24 22:29:42,796 - INFO - Enviando 10 chamados para geracao de keywords
2025-05-24 22:29:42,798 - INFO - ChamadoId 11809 processado e salvo no banco de dados.
2025-05-24 22:29:42,808 - INFO - Processando chamadoId: 11807
2025-05-24 22:29:42,832 - INFO - ChamadoId 11807 processado e salvo no banco de dados.
2025-05-24 22:29:42,842 - INFO - Processando chamadoId: 11805
2025-05-24 22:29:42,862 - INFO - ChamadoId 11805 processado e salvo no banco de dados.
2025-05-24 22:29:42,863 - INFO - Enviando 10 chamados para geracao de keywords
2025-05-24 22:29:43,535 - ERROR - Erro ao enviar lote para Flask: HTTPConnectionPool(host='localhost', port=8081): Max retries exceeded with url: /extrair-keywords (Caused by NewConnectionError('<urllib3.connection.HTTPConnection object at 0x000002327E4AC1A0>: Failed to establish a new connection: [WinError 10061] Nenhuma conexão pôde ser feita porque a máquina de destino as recusou ativamente'))
2025-05-24 22:29:43,536 - INFO - Enviando 10 chamados para análise de emoções no Flask.
2025-05-24 22:29:43,778 - ERROR - Erro ao enviar lote para Flask: HTTPConnectionPool(host='localhost', port=8080): Max retries exceeded with url: /prever (Caused by NewConnectionError('<urllib3.connection.HTTPConnection object at 0x000002336EE57770>: Failed to establish a new connection: [WinError 10061] Nenhuma conexão pôde ser feita porque a máquina de destino as recusou ativamente'))
2025-05-24 22:29:43,790 - INFO - Processando chamadoId: 11822
2025-05-24 22:29:43,818 - INFO - ChamadoId 11822 processado e salvo no banco de dados.
2025-05-24 22:29:43,831 - INFO - Processando chamadoId: 11820
2025-05-24 22:29:43,857 - INFO - ChamadoId 11820 processado e salvo no banco de dados.
2025-05-24 22:29:43,871 - INFO - Processando chamadoId: 11818
2025-05-24 22:29:43,893 - INFO - ChamadoId 11818 processado e salvo no banco de dados.
2025-05-24 22:29:43,904 - INFO - Processando chamadoId: 11816
2025-05-24 22:29:43,929 - INFO - ChamadoId 11816 processado e salvo no banco de dados.
2025-05-24 22:29:43,941 - INFO - Processando chamadoId: 11814
2025-05-24 22:29:43,963 - INFO - ChamadoId 11814 processado e salvo no banco de dados.
2025-05-24 22:29:43,974 - INFO - Processando chamadoId: 11812
2025-05-24 22:29:43,994 - INFO - ChamadoId 11812 processado e salvo no banco de dados.
2025-05-24 22:29:44,006 - INFO - Processando chamadoId: 11811
2025-05-24 22:29:44,030 - INFO - ChamadoId 11811 processado e salvo no banco de dados.
2025-05-24 22:29:44,041 - INFO - Processando chamadoId: 11809
2025-05-24 22:29:44,064 - INFO - ChamadoId 11809 processado e salvo no banco de dados.
2025-05-24 22:29:44,077 - INFO - Processando chamadoId: 11807
2025-05-24 22:29:44,101 - INFO - ChamadoId 11807 processado e salvo no banco de dados.
2025-05-24 22:29:44,115 - INFO - Processando chamadoId: 11805
2025-05-24 22:29:44,124 - ERROR - Erro ao enviar lote para Flask: HTTPConnectionPool(host='localhost', port=8081): Max retries exceeded with url: /extrair-keywords (Caused by NewConnectionError('<urllib3.connection.HTTPConnection object at 0x0000023207730E60>: Failed to establish a new connection: [WinError 10061] Nenhuma conexão pôde ser feita porque a máquina de destino as recusou ativamente'))
2025-05-24 22:29:44,125 - INFO - Enviando 10 chamados para análise de emoções no Flask.
2025-05-24 22:29:44,148 - INFO - ChamadoId 11805 processado e salvo no banco de dados.
2025-05-24 22:29:44,149 - INFO - Enviando 10 chamados para geracao de keywords
2025-05-24 22:29:44,816 - ERROR - Erro ao enviar lote para Flask: HTTPConnectionPool(host='localhost', port=8081): Max retries exceeded with url: /extrair-keywords (Caused by NewConnectionError('<urllib3.connection.HTTPConnection object at 0x000002336EF37C20>: Failed to establish a new connection: [WinError 10061] Nenhuma conexão pôde ser feita porque a máquina de destino as recusou ativamente'))
2025-05-24 22:29:44,817 - INFO - Enviando 10 chamados para análise de emoções no Flask.
2025-05-24 22:29:45,225 - ERROR - Erro ao enviar lote para Flask: HTTPConnectionPool(host='localhost', port=8081): Max retries exceeded with url: /extrair-keywords (Caused by NewConnectionError('<urllib3.connection.HTTPConnection object at 0x000002327F85B680>: Failed to establish a new connection: [WinError 10061] Nenhuma conexão pôde ser feita porque a máquina de destino as recusou ativamente'))
2025-05-24 22:29:45,226 - INFO - Enviando 10 chamados para análise de emoções no Flask.
2025-05-24 22:29:45,472 - ERROR - Erro ao enviar lote para Flask: HTTPConnectionPool(host='localhost', port=8081): Max retries exceeded with url: /extrair-keywords (Caused by NewConnectionError('<urllib3.connection.HTTPConnection object at 0x000002336EBF7EC0>: Failed to establish a new connection: [WinError 10061] Nenhuma conexão pôde ser feita porque a máquina de destino as recusou ativamente'))
2025-05-24 22:29:45,473 - INFO - Enviando 10 chamados para análise de emoções no Flask.
2025-05-24 22:29:46,214 - ERROR - Erro ao enviar lote para Flask: HTTPConnectionPool(host='localhost', port=8081): Max retries exceeded with url: /extrair-keywords (Caused by NewConnectionError('<urllib3.connection.HTTPConnection object at 0x00000233141DA690>: Failed to establish a new connection: [WinError 10061] Nenhuma conexão pôde ser feita porque a máquina de destino as recusou ativamente'))
2025-05-24 22:29:46,215 - INFO - Enviando 10 chamados para análise de emoções no Flask.
2025-05-24 22:29:46,262 - ERROR - Erro ao enviar lote para Flask: HTTPConnectionPool(host='localhost', port=8081): Max retries exceeded with url: /extrair-keywords (Caused by NewConnectionError('<urllib3.connection.HTTPConnection object at 0x000002325555B3B0>: Failed to establish a new connection: [WinError 10061] Nenhuma conexão pôde ser feita porque a máquina de destino as recusou ativamente'))
2025-05-24 22:29:46,262 - INFO - Enviando 10 chamados para análise de emoções no Flask.
2025-05-24 22:29:46,871 - ERROR - Erro ao enviar lote para Flask: HTTPConnectionPool(host='localhost', port=8081): Max retries exceeded with url: /extrair-keywords (Caused by NewConnectionError('<urllib3.connection.HTTPConnection object at 0x000002327C974E60>: Failed to establish a new connection: [WinError 10061] Nenhuma conexão pôde ser feita porque a máquina de destino as recusou ativamente'))
2025-05-24 22:29:46,873 - INFO - Enviando 10 chamados para análise de emoções no Flask.
2025-05-24 22:29:46,949 - ERROR - Erro ao enviar lote para Flask: HTTPConnectionPool(host='localhost', port=8081): Max retries exceeded with url: /extrair-keywords (Caused by NewConnectionError('<urllib3.connection.HTTPConnection object at 0x00000233D6B32810>: Failed to establish a new connection: [WinError 10061] Nenhuma conexão pôde ser feita porque a máquina de destino as recusou ativamente'))
2025-05-24 22:29:46,951 - INFO - Enviando 10 chamados para análise de emoções no Flask.
2025-05-24 22:29:47,602 - ERROR - Erro ao enviar lote para Flask: HTTPConnectionPool(host='localhost', port=8080): Max retries exceeded with url: /prever (Caused by NewConnectionError('<urllib3.connection.HTTPConnection object at 0x00000233D6B32F60>: Failed to establish a new connection: [WinError 10061] Nenhuma conexão pôde ser feita porque a máquina de destino as recusou ativamente'))
2025-05-24 22:29:47,616 - INFO - Processando chamadoId: 11803
2025-05-24 22:29:47,649 - INFO - ChamadoId 11803 processado e salvo no banco de dados.
2025-05-24 22:29:47,659 - INFO - Processando chamadoId: 11801
2025-05-24 22:29:47,684 - INFO - ChamadoId 11801 processado e salvo no banco de dados.
2025-05-24 22:29:47,694 - INFO - Processando chamadoId: 11799
2025-05-24 22:29:47,720 - INFO - ChamadoId 11799 processado e salvo no banco de dados.
2025-05-24 22:29:47,733 - INFO - Processando chamadoId: 11797
2025-05-24 22:29:47,760 - INFO - ChamadoId 11797 processado e salvo no banco de dados.
2025-05-24 22:29:47,770 - INFO - Processando chamadoId: 11795
2025-05-24 22:29:47,798 - INFO - ChamadoId 11795 processado e salvo no banco de dados.
2025-05-24 22:29:47,809 - INFO - Processando chamadoId: 11793
2025-05-24 22:29:47,837 - INFO - ChamadoId 11793 processado e salvo no banco de dados.
2025-05-24 22:29:47,847 - INFO - Processando chamadoId: 11791
2025-05-24 22:29:47,873 - INFO - ChamadoId 11791 processado e salvo no banco de dados.
2025-05-24 22:29:47,883 - INFO - Processando chamadoId: 11789
2025-05-24 22:29:47,910 - INFO - ChamadoId 11789 processado e salvo no banco de dados.
2025-05-24 22:29:47,922 - INFO - Processando chamadoId: 11787
2025-05-24 22:29:47,947 - INFO - ChamadoId 11787 processado e salvo no banco de dados.
2025-05-24 22:29:47,958 - INFO - Processando chamadoId: 11785
2025-05-24 22:29:47,983 - INFO - ChamadoId 11785 processado e salvo no banco de dados.
2025-05-24 22:29:47,983 - INFO - Enviando 10 chamados para geracao de keywords
2025-05-24 22:29:48,193 - ERROR - Erro ao enviar lote para Flask: HTTPConnectionPool(host='localhost', port=8080): Max retries exceeded with url: /prever (Caused by NewConnectionError('<urllib3.connection.HTTPConnection object at 0x000002327F8153D0>: Failed to establish a new connection: [WinError 10061] Nenhuma conexão pôde ser feita porque a máquina de destino as recusou ativamente'))
2025-05-24 22:29:48,194 - ERROR - Erro ao enviar lote para Flask: HTTPConnectionPool(host='localhost', port=8081): Max retries exceeded with url: /extrair-keywords (Caused by NewConnectionError('<urllib3.connection.HTTPConnection object at 0x000002336EE569F0>: Failed to establish a new connection: [WinError 10061] Nenhuma conexão pôde ser feita porque a máquina de destino as recusou ativamente'))
2025-05-24 22:29:48,196 - INFO - Enviando 10 chamados para análise de emoções no Flask.
2025-05-24 22:29:48,209 - INFO - Processando chamadoId: 11822
2025-05-24 22:29:48,238 - INFO - ChamadoId 11822 processado e salvo no banco de dados.
2025-05-24 22:29:48,250 - INFO - Processando chamadoId: 11820
2025-05-24 22:29:48,284 - INFO - ChamadoId 11820 processado e salvo no banco de dados.
2025-05-24 22:29:48,295 - INFO - Processando chamadoId: 11818
2025-05-24 22:29:48,326 - INFO - ChamadoId 11818 processado e salvo no banco de dados.
2025-05-24 22:29:48,337 - INFO - Processando chamadoId: 11816
2025-05-24 22:29:48,365 - INFO - ChamadoId 11816 processado e salvo no banco de dados.
2025-05-24 22:29:48,376 - INFO - Processando chamadoId: 11814
2025-05-24 22:29:48,399 - INFO - ChamadoId 11814 processado e salvo no banco de dados.
2025-05-24 22:29:48,410 - INFO - Processando chamadoId: 11812
2025-05-24 22:29:48,428 - INFO - ChamadoId 11812 processado e salvo no banco de dados.
2025-05-24 22:29:48,440 - INFO - Processando chamadoId: 11811
2025-05-24 22:29:48,462 - INFO - ChamadoId 11811 processado e salvo no banco de dados.
2025-05-24 22:29:48,473 - INFO - Processando chamadoId: 11809
2025-05-24 22:29:48,496 - INFO - ChamadoId 11809 processado e salvo no banco de dados.
2025-05-24 22:29:48,507 - INFO - Processando chamadoId: 11807
2025-05-24 22:29:48,534 - INFO - ChamadoId 11807 processado e salvo no banco de dados.
2025-05-24 22:29:48,545 - INFO - Processando chamadoId: 11805
2025-05-24 22:29:48,569 - INFO - ChamadoId 11805 processado e salvo no banco de dados.
2025-05-24 22:29:48,569 - INFO - Enviando 10 chamados para geracao de keywords
2025-05-24 22:29:48,875 - ERROR - Erro ao enviar lote para Flask: HTTPConnectionPool(host='localhost', port=8080): Max retries exceeded with url: /prever (Caused by NewConnectionError('<urllib3.connection.HTTPConnection object at 0x000002327F81E660>: Failed to establish a new connection: [WinError 10061] Nenhuma conexão pôde ser feita porque a máquina de destino as recusou ativamente'))
2025-05-24 22:29:48,890 - INFO - Processando chamadoId: 11822
2025-05-24 22:29:48,916 - INFO - ChamadoId 11822 processado e salvo no banco de dados.
2025-05-24 22:29:48,926 - INFO - Processando chamadoId: 11820
2025-05-24 22:29:48,951 - INFO - ChamadoId 11820 processado e salvo no banco de dados.
2025-05-24 22:29:48,966 - INFO - Processando chamadoId: 11818
2025-05-24 22:29:48,991 - INFO - ChamadoId 11818 processado e salvo no banco de dados.
2025-05-24 22:29:49,004 - INFO - Processando chamadoId: 11816
2025-05-24 22:29:49,030 - INFO - ChamadoId 11816 processado e salvo no banco de dados.
2025-05-24 22:29:49,042 - INFO - Processando chamadoId: 11814
2025-05-24 22:29:49,091 - INFO - ChamadoId 11814 processado e salvo no banco de dados.
2025-05-24 22:29:49,105 - INFO - Processando chamadoId: 11812
2025-05-24 22:29:49,122 - INFO - ChamadoId 11812 processado e salvo no banco de dados.
2025-05-24 22:29:49,133 - INFO - Processando chamadoId: 11811
2025-05-24 22:29:49,156 - INFO - ChamadoId 11811 processado e salvo no banco de dados.
2025-05-24 22:29:49,166 - INFO - Processando chamadoId: 11809
2025-05-24 22:29:49,189 - INFO - ChamadoId 11809 processado e salvo no banco de dados.
2025-05-24 22:29:49,202 - INFO - Processando chamadoId: 11807
2025-05-24 22:29:49,226 - INFO - ChamadoId 11807 processado e salvo no banco de dados.
2025-05-24 22:29:49,238 - INFO - Processando chamadoId: 11805
2025-05-24 22:29:49,260 - INFO - ChamadoId 11805 processado e salvo no banco de dados.
2025-05-24 22:29:49,260 - INFO - Enviando 10 chamados para geracao de keywords
2025-05-24 22:29:49,305 - ERROR - Erro ao enviar lote para Flask: HTTPConnectionPool(host='localhost', port=8080): Max retries exceeded with url: /prever (Caused by NewConnectionError('<urllib3.connection.HTTPConnection object at 0x00000232077E35C0>: Failed to establish a new connection: [WinError 10061] Nenhuma conexão pôde ser feita porque a máquina de destino as recusou ativamente'))
2025-05-24 22:29:49,316 - INFO - Processando chamadoId: 11803
2025-05-24 22:29:49,341 - INFO - ChamadoId 11803 processado e salvo no banco de dados.
2025-05-24 22:29:49,352 - INFO - Processando chamadoId: 11801
2025-05-24 22:29:49,376 - INFO - ChamadoId 11801 processado e salvo no banco de dados.
2025-05-24 22:29:49,388 - INFO - Processando chamadoId: 11799
2025-05-24 22:29:49,409 - INFO - ChamadoId 11799 processado e salvo no banco de dados.
2025-05-24 22:29:49,421 - INFO - Processando chamadoId: 11797
2025-05-24 22:29:49,446 - INFO - ChamadoId 11797 processado e salvo no banco de dados.
2025-05-24 22:29:49,458 - INFO - Processando chamadoId: 11795
2025-05-24 22:29:49,483 - INFO - ChamadoId 11795 processado e salvo no banco de dados.
2025-05-24 22:29:49,494 - INFO - Processando chamadoId: 11793
2025-05-24 22:29:49,518 - INFO - ChamadoId 11793 processado e salvo no banco de dados.
2025-05-24 22:29:49,530 - INFO - Processando chamadoId: 11791
2025-05-24 22:29:49,560 - INFO - ChamadoId 11791 processado e salvo no banco de dados.
2025-05-24 22:29:49,573 - INFO - Processando chamadoId: 11789
2025-05-24 22:29:49,580 - ERROR - Erro ao enviar lote para Flask: HTTPConnectionPool(host='localhost', port=8080): Max retries exceeded with url: /prever (Caused by NewConnectionError('<urllib3.connection.HTTPConnection object at 0x00000232077E29C0>: Failed to establish a new connection: [WinError 10061] Nenhuma conexão pôde ser feita porque a máquina de destino as recusou ativamente'))
2025-05-24 22:29:49,594 - INFO - Processando chamadoId: 11822
2025-05-24 22:29:49,602 - INFO - ChamadoId 11789 processado e salvo no banco de dados.
2025-05-24 22:29:49,615 - INFO - Processando chamadoId: 11787
2025-05-24 22:29:49,622 - INFO - ChamadoId 11822 processado e salvo no banco de dados.
2025-05-24 22:29:49,635 - INFO - Processando chamadoId: 11820
2025-05-24 22:29:49,640 - INFO - ChamadoId 11787 processado e salvo no banco de dados.
2025-05-24 22:29:49,650 - INFO - Processando chamadoId: 11785
2025-05-24 22:29:49,659 - INFO - ChamadoId 11820 processado e salvo no banco de dados.
2025-05-24 22:29:49,670 - INFO - Processando chamadoId: 11818
2025-05-24 22:29:49,675 - INFO - ChamadoId 11785 processado e salvo no banco de dados.
2025-05-24 22:29:49,676 - INFO - Enviando 10 chamados para geracao de keywords
2025-05-24 22:29:49,695 - INFO - ChamadoId 11818 processado e salvo no banco de dados.
2025-05-24 22:29:49,708 - INFO - Processando chamadoId: 11816
2025-05-24 22:29:49,732 - INFO - ChamadoId 11816 processado e salvo no banco de dados.
2025-05-24 22:29:49,746 - INFO - Processando chamadoId: 11814
2025-05-24 22:29:49,770 - INFO - ChamadoId 11814 processado e salvo no banco de dados.
2025-05-24 22:29:49,782 - INFO - Processando chamadoId: 11812
2025-05-24 22:29:49,805 - INFO - ChamadoId 11812 processado e salvo no banco de dados.
2025-05-24 22:29:49,817 - INFO - Processando chamadoId: 11811
2025-05-24 22:29:49,839 - INFO - ChamadoId 11811 processado e salvo no banco de dados.
2025-05-24 22:29:49,851 - INFO - Processando chamadoId: 11809
2025-05-24 22:29:49,875 - INFO - ChamadoId 11809 processado e salvo no banco de dados.
2025-05-24 22:29:49,887 - INFO - Processando chamadoId: 11807
2025-05-24 22:29:49,912 - INFO - ChamadoId 11807 processado e salvo no banco de dados.
2025-05-24 22:29:49,924 - INFO - Processando chamadoId: 11805
2025-05-24 22:29:49,950 - INFO - ChamadoId 11805 processado e salvo no banco de dados.
2025-05-24 22:29:49,950 - INFO - Enviando 10 chamados para geracao de keywords
2025-05-24 22:29:50,281 - ERROR - Erro ao enviar lote para Flask: HTTPConnectionPool(host='localhost', port=8080): Max retries exceeded with url: /prever (Caused by NewConnectionError('<urllib3.connection.HTTPConnection object at 0x00000232077E2D50>: Failed to establish a new connection: [WinError 10061] Nenhuma conexão pôde ser feita porque a máquina de destino as recusou ativamente'))
2025-05-24 22:29:50,295 - INFO - Processando chamadoId: 11803
2025-05-24 22:29:50,323 - INFO - ChamadoId 11803 processado e salvo no banco de dados.
2025-05-24 22:29:50,329 - ERROR - Erro ao enviar lote para Flask: HTTPConnectionPool(host='localhost', port=8080): Max retries exceeded with url: /prever (Caused by NewConnectionError('<urllib3.connection.HTTPConnection object at 0x00000232077E3200>: Failed to establish a new connection: [WinError 10061] Nenhuma conexão pôde ser feita porque a máquina de destino as recusou ativamente'))
2025-05-24 22:29:50,336 - INFO - Processando chamadoId: 11801
2025-05-24 22:29:50,343 - INFO - Processando chamadoId: 11822
2025-05-24 22:29:50,363 - INFO - ChamadoId 11801 processado e salvo no banco de dados.
2025-05-24 22:29:50,377 - INFO - Processando chamadoId: 11799
2025-05-24 22:29:50,378 - INFO - ChamadoId 11822 processado e salvo no banco de dados.
2025-05-24 22:29:50,392 - INFO - Processando chamadoId: 11820
2025-05-24 22:29:50,403 - INFO - ChamadoId 11799 processado e salvo no banco de dados.
2025-05-24 22:29:50,419 - INFO - Processando chamadoId: 11797
2025-05-24 22:29:50,421 - INFO - ChamadoId 11820 processado e salvo no banco de dados.
2025-05-24 22:29:50,437 - INFO - Processando chamadoId: 11818
2025-05-24 22:29:50,443 - INFO - ChamadoId 11797 processado e salvo no banco de dados.
2025-05-24 22:29:50,457 - INFO - Processando chamadoId: 11795
2025-05-24 22:29:50,464 - INFO - ChamadoId 11818 processado e salvo no banco de dados.
2025-05-24 22:29:50,477 - INFO - Processando chamadoId: 11816
2025-05-24 22:29:50,482 - INFO - ChamadoId 11795 processado e salvo no banco de dados.
2025-05-24 22:29:50,495 - INFO - Processando chamadoId: 11793
2025-05-24 22:29:50,506 - INFO - ChamadoId 11816 processado e salvo no banco de dados.
2025-05-24 22:29:50,520 - INFO - Processando chamadoId: 11814
2025-05-24 22:29:50,523 - INFO - ChamadoId 11793 processado e salvo no banco de dados.
2025-05-24 22:29:50,536 - INFO - Processando chamadoId: 11791
2025-05-24 22:29:50,544 - INFO - ChamadoId 11814 processado e salvo no banco de dados.
2025-05-24 22:29:50,557 - INFO - Processando chamadoId: 11812
2025-05-24 22:29:50,560 - INFO - ChamadoId 11791 processado e salvo no banco de dados.
2025-05-24 22:29:50,573 - INFO - Processando chamadoId: 11789
2025-05-24 22:29:50,579 - INFO - ChamadoId 11812 processado e salvo no banco de dados.
2025-05-24 22:29:50,593 - INFO - Processando chamadoId: 11811
2025-05-24 22:29:50,599 - INFO - ChamadoId 11789 processado e salvo no banco de dados.
2025-05-24 22:29:50,611 - INFO - Processando chamadoId: 11787
2025-05-24 22:29:50,620 - INFO - ChamadoId 11811 processado e salvo no banco de dados.
2025-05-24 22:29:50,632 - INFO - Processando chamadoId: 11809
2025-05-24 22:29:50,636 - INFO - ChamadoId 11787 processado e salvo no banco de dados.
2025-05-24 22:29:50,649 - INFO - Processando chamadoId: 11785
2025-05-24 22:29:50,657 - INFO - ChamadoId 11809 processado e salvo no banco de dados.
2025-05-24 22:29:50,670 - INFO - Processando chamadoId: 11807
2025-05-24 22:29:50,670 - INFO - ChamadoId 11785 processado e salvo no banco de dados.
2025-05-24 22:29:50,671 - INFO - Enviando 10 chamados para geracao de keywords
2025-05-24 22:29:50,696 - INFO - ChamadoId 11807 processado e salvo no banco de dados.
2025-05-24 22:29:50,710 - INFO - Processando chamadoId: 11805
2025-05-24 22:29:50,733 - INFO - ChamadoId 11805 processado e salvo no banco de dados.
2025-05-24 22:29:50,734 - INFO - Enviando 10 chamados para geracao de keywords
2025-05-24 22:29:50,974 - ERROR - Erro ao enviar lote para Flask: HTTPConnectionPool(host='localhost', port=8080): Max retries exceeded with url: /prever (Caused by NewConnectionError('<urllib3.connection.HTTPConnection object at 0x00000233403843B0>: Failed to establish a new connection: [WinError 10061] Nenhuma conexão pôde ser feita porque a máquina de destino as recusou ativamente'))
2025-05-24 22:29:50,984 - INFO - Processando chamadoId: 11803
2025-05-24 22:29:51,006 - INFO - ChamadoId 11803 processado e salvo no banco de dados.
2025-05-24 22:29:51,018 - INFO - Processando chamadoId: 11801
2025-05-24 22:29:51,039 - INFO - ChamadoId 11801 processado e salvo no banco de dados.
2025-05-24 22:29:51,043 - ERROR - Erro ao enviar lote para Flask: HTTPConnectionPool(host='localhost', port=8080): Max retries exceeded with url: /prever (Caused by NewConnectionError('<urllib3.connection.HTTPConnection object at 0x000002336EBF79E0>: Failed to establish a new connection: [WinError 10061] Nenhuma conexão pôde ser feita porque a máquina de destino as recusou ativamente'))
2025-05-24 22:29:51,050 - INFO - Processando chamadoId: 11799
2025-05-24 22:29:51,053 - INFO - Processando chamadoId: 11803
2025-05-24 22:29:51,082 - INFO - ChamadoId 11799 processado e salvo no banco de dados.
2025-05-24 22:29:51,085 - INFO - ChamadoId 11803 processado e salvo no banco de dados.
2025-05-24 22:29:51,093 - INFO - Processando chamadoId: 11797
2025-05-24 22:29:51,093 - INFO - Processando chamadoId: 11801
2025-05-24 22:29:51,127 - INFO - ChamadoId 11801 processado e salvo no banco de dados.
2025-05-24 22:29:51,127 - INFO - ChamadoId 11797 processado e salvo no banco de dados.
2025-05-24 22:29:51,138 - INFO - Processando chamadoId: 11799
2025-05-24 22:29:51,138 - INFO - Processando chamadoId: 11795
2025-05-24 22:29:51,171 - INFO - ChamadoId 11795 processado e salvo no banco de dados.
2025-05-24 22:29:51,171 - INFO - ChamadoId 11799 processado e salvo no banco de dados.
2025-05-24 22:29:51,182 - INFO - Processando chamadoId: 11797
2025-05-24 22:29:51,182 - INFO - Processando chamadoId: 11793
2025-05-24 22:29:51,212 - INFO - ChamadoId 11793 processado e salvo no banco de dados.
2025-05-24 22:29:51,213 - INFO - ChamadoId 11797 processado e salvo no banco de dados.
2025-05-24 22:29:51,224 - INFO - Processando chamadoId: 11795
2025-05-24 22:29:51,224 - INFO - Processando chamadoId: 11791
2025-05-24 22:29:51,256 - INFO - ChamadoId 11795 processado e salvo no banco de dados.
2025-05-24 22:29:51,256 - INFO - ChamadoId 11791 processado e salvo no banco de dados.
2025-05-24 22:29:51,267 - INFO - Processando chamadoId: 11793
2025-05-24 22:29:51,267 - INFO - Processando chamadoId: 11789
2025-05-24 22:29:51,298 - INFO - ChamadoId 11789 processado e salvo no banco de dados.
2025-05-24 22:29:51,300 - INFO - ChamadoId 11793 processado e salvo no banco de dados.
2025-05-24 22:29:51,309 - INFO - Processando chamadoId: 11787
2025-05-24 22:29:51,309 - INFO - Processando chamadoId: 11791
2025-05-24 22:29:51,339 - INFO - ChamadoId 11791 processado e salvo no banco de dados.
2025-05-24 22:29:51,340 - INFO - ChamadoId 11787 processado e salvo no banco de dados.
2025-05-24 22:29:51,348 - INFO - Processando chamadoId: 11789
2025-05-24 22:29:51,349 - INFO - Processando chamadoId: 11785
2025-05-24 22:29:51,382 - INFO - ChamadoId 11789 processado e salvo no banco de dados.
2025-05-24 22:29:51,385 - INFO - ChamadoId 11785 processado e salvo no banco de dados.
2025-05-24 22:29:51,385 - INFO - Enviando 10 chamados para geracao de keywords
2025-05-24 22:29:51,391 - INFO - Processando chamadoId: 11787
2025-05-24 22:29:51,414 - INFO - ChamadoId 11787 processado e salvo no banco de dados.
2025-05-24 22:29:51,425 - INFO - Processando chamadoId: 11785
2025-05-24 22:29:51,447 - INFO - ChamadoId 11785 processado e salvo no banco de dados.
2025-05-24 22:29:51,448 - INFO - Enviando 10 chamados para geracao de keywords
2025-05-24 22:29:52,060 - ERROR - Erro ao enviar lote para Flask: HTTPConnectionPool(host='localhost', port=8081): Max retries exceeded with url: /extrair-keywords (Caused by NewConnectionError('<urllib3.connection.HTTPConnection object at 0x00000233046F9E80>: Failed to establish a new connection: [WinError 10061] Nenhuma conexão pôde ser feita porque a máquina de destino as recusou ativamente'))
2025-05-24 22:29:52,061 - INFO - Enviando 10 chamados para análise de emoções no Flask.
2025-05-24 22:29:52,257 - ERROR - Erro ao enviar lote para Flask: HTTPConnectionPool(host='localhost', port=8080): Max retries exceeded with url: /prever (Caused by NewConnectionError('<urllib3.connection.HTTPConnection object at 0x00000232077E1AC0>: Failed to establish a new connection: [WinError 10061] Nenhuma conexão pôde ser feita porque a máquina de destino as recusou ativamente'))
2025-05-24 22:29:52,268 - INFO - Processando chamadoId: 11803
2025-05-24 22:29:52,297 - INFO - ChamadoId 11803 processado e salvo no banco de dados.
2025-05-24 22:29:52,308 - INFO - Processando chamadoId: 11801
2025-05-24 22:29:52,332 - INFO - ChamadoId 11801 processado e salvo no banco de dados.
2025-05-24 22:29:52,343 - INFO - Processando chamadoId: 11799
2025-05-24 22:29:52,370 - INFO - ChamadoId 11799 processado e salvo no banco de dados.
2025-05-24 22:29:52,381 - INFO - Processando chamadoId: 11797
2025-05-24 22:29:52,404 - INFO - ChamadoId 11797 processado e salvo no banco de dados.
2025-05-24 22:29:52,417 - INFO - Processando chamadoId: 11795
2025-05-24 22:29:52,439 - INFO - ChamadoId 11795 processado e salvo no banco de dados.
2025-05-24 22:29:52,451 - INFO - Processando chamadoId: 11793
2025-05-24 22:29:52,473 - INFO - ChamadoId 11793 processado e salvo no banco de dados.
2025-05-24 22:29:52,484 - INFO - Processando chamadoId: 11791
2025-05-24 22:29:52,507 - INFO - ChamadoId 11791 processado e salvo no banco de dados.
2025-05-24 22:29:52,517 - INFO - Processando chamadoId: 11789
2025-05-24 22:29:52,540 - INFO - ChamadoId 11789 processado e salvo no banco de dados.
2025-05-24 22:29:52,551 - INFO - Processando chamadoId: 11787
2025-05-24 22:29:52,573 - INFO - ChamadoId 11787 processado e salvo no banco de dados.
2025-05-24 22:29:52,585 - INFO - Processando chamadoId: 11785
2025-05-24 22:29:52,607 - INFO - ChamadoId 11785 processado e salvo no banco de dados.
2025-05-24 22:29:52,608 - INFO - Enviando 10 chamados para geracao de keywords
2025-05-24 22:29:52,641 - ERROR - Erro ao enviar lote para Flask: HTTPConnectionPool(host='localhost', port=8081): Max retries exceeded with url: /extrair-keywords (Caused by NewConnectionError('<urllib3.connection.HTTPConnection object at 0x00000232077E1C70>: Failed to establish a new connection: [WinError 10061] Nenhuma conexão pôde ser feita porque a máquina de destino as recusou ativamente'))
2025-05-24 22:29:52,641 - INFO - Enviando 10 chamados para análise de emoções no Flask.
2025-05-24 22:29:53,292 - ERROR - Erro ao enviar lote para Flask: HTTPConnectionPool(host='localhost', port=8081): Max retries exceeded with url: /extrair-keywords (Caused by NewConnectionError('<urllib3.connection.HTTPConnection object at 0x0000023207733A10>: Failed to establish a new connection: [WinError 10061] Nenhuma conexão pôde ser feita porque a máquina de destino as recusou ativamente'))
2025-05-24 22:29:53,294 - INFO - Enviando 10 chamados para análise de emoções no Flask.
2025-05-24 22:29:53,733 - ERROR - Erro ao enviar lote para Flask: HTTPConnectionPool(host='localhost', port=8081): Max retries exceeded with url: /extrair-keywords (Caused by NewConnectionError('<urllib3.connection.HTTPConnection object at 0x00000232077E1730>: Failed to establish a new connection: [WinError 10061] Nenhuma conexão pôde ser feita porque a máquina de destino as recusou ativamente'))
2025-05-24 22:29:53,734 - INFO - Enviando 10 chamados para análise de emoções no Flask.
2025-05-24 22:29:54,029 - ERROR - Erro ao enviar lote para Flask: HTTPConnectionPool(host='localhost', port=8081): Max retries exceeded with url: /extrair-keywords (Caused by NewConnectionError('<urllib3.connection.HTTPConnection object at 0x000002327C975100>: Failed to establish a new connection: [WinError 10061] Nenhuma conexão pôde ser feita porque a máquina de destino as recusou ativamente'))
2025-05-24 22:29:54,030 - INFO - Enviando 10 chamados para análise de emoções no Flask.
2025-05-24 22:29:54,705 - ERROR - Erro ao enviar lote para Flask: HTTPConnectionPool(host='localhost', port=8081): Max retries exceeded with url: /extrair-keywords (Caused by NewConnectionError('<urllib3.connection.HTTPConnection object at 0x00000232077E0F80>: Failed to establish a new connection: [WinError 10061] Nenhuma conexão pôde ser feita porque a máquina de destino as recusou ativamente'))
2025-05-24 22:29:54,706 - INFO - Enviando 10 chamados para análise de emoções no Flask.
2025-05-24 22:29:54,790 - ERROR - Erro ao enviar lote para Flask: HTTPConnectionPool(host='localhost', port=8081): Max retries exceeded with url: /extrair-keywords (Caused by NewConnectionError('<urllib3.connection.HTTPConnection object at 0x000002320B9FFCE0>: Failed to establish a new connection: [WinError 10061] Nenhuma conexão pôde ser feita porque a máquina de destino as recusou ativamente'))
2025-05-24 22:29:54,792 - INFO - Enviando 10 chamados para análise de emoções no Flask.
2025-05-24 22:29:55,469 - ERROR - Erro ao enviar lote para Flask: HTTPConnectionPool(host='localhost', port=8081): Max retries exceeded with url: /extrair-keywords (Caused by NewConnectionError('<urllib3.connection.HTTPConnection object at 0x00000233D6AFF800>: Failed to establish a new connection: [WinError 10061] Nenhuma conexão pôde ser feita porque a máquina de destino as recusou ativamente'))
2025-05-24 22:29:55,469 - INFO - Enviando 10 chamados para análise de emoções no Flask.
2025-05-24 22:29:55,525 - ERROR - Erro ao enviar lote para Flask: HTTPConnectionPool(host='localhost', port=8081): Max retries exceeded with url: /extrair-keywords (Caused by NewConnectionError('<urllib3.connection.HTTPConnection object at 0x000002336EBF79E0>: Failed to establish a new connection: [WinError 10061] Nenhuma conexão pôde ser feita porque a máquina de destino as recusou ativamente'))
2025-05-24 22:29:55,526 - INFO - Enviando 10 chamados para análise de emoções no Flask.
2025-05-24 22:29:56,140 - ERROR - Erro ao enviar lote para Flask: HTTPConnectionPool(host='localhost', port=8080): Max retries exceeded with url: /prever (Caused by NewConnectionError('<urllib3.connection.HTTPConnection object at 0x0000023208704770>: Failed to establish a new connection: [WinError 10061] Nenhuma conexão pôde ser feita porque a máquina de destino as recusou ativamente'))
2025-05-24 22:29:56,154 - INFO - Processando chamadoId: 11783
2025-05-24 22:29:56,190 - INFO - ChamadoId 11783 processado e salvo no banco de dados.
2025-05-24 22:29:56,201 - INFO - Processando chamadoId: 11781
2025-05-24 22:29:56,226 - INFO - ChamadoId 11781 processado e salvo no banco de dados.
2025-05-24 22:29:56,239 - INFO - Processando chamadoId: 11779
2025-05-24 22:29:56,267 - INFO - ChamadoId 11779 processado e salvo no banco de dados.
2025-05-24 22:29:56,279 - INFO - Processando chamadoId: 11777
2025-05-24 22:29:56,305 - INFO - ChamadoId 11777 processado e salvo no banco de dados.
2025-05-24 22:29:56,316 - INFO - Processando chamadoId: 11775
2025-05-24 22:29:56,339 - INFO - ChamadoId 11775 processado e salvo no banco de dados.
2025-05-24 22:29:56,349 - INFO - Processando chamadoId: 11774
2025-05-24 22:29:56,376 - INFO - ChamadoId 11774 processado e salvo no banco de dados.
2025-05-24 22:29:56,387 - INFO - Processando chamadoId: 11772
2025-05-24 22:29:56,413 - INFO - ChamadoId 11772 processado e salvo no banco de dados.
2025-05-24 22:29:56,425 - INFO - Processando chamadoId: 11770
2025-05-24 22:29:56,450 - INFO - ChamadoId 11770 processado e salvo no banco de dados.
2025-05-24 22:29:56,461 - INFO - Processando chamadoId: 11768
2025-05-24 22:29:56,486 - INFO - ChamadoId 11768 processado e salvo no banco de dados.
2025-05-24 22:29:56,496 - INFO - Processando chamadoId: 11766
2025-05-24 22:29:56,521 - INFO - ChamadoId 11766 processado e salvo no banco de dados.
2025-05-24 22:29:56,522 - INFO - Enviando 10 chamados para geracao de keywords
2025-05-24 22:29:56,672 - ERROR - Erro ao enviar lote para Flask: HTTPConnectionPool(host='localhost', port=8081): Max retries exceeded with url: /extrair-keywords (Caused by NewConnectionError('<urllib3.connection.HTTPConnection object at 0x00000232077E1CD0>: Failed to establish a new connection: [WinError 10061] Nenhuma conexão pôde ser feita porque a máquina de destino as recusou ativamente'))
2025-05-24 22:29:56,673 - INFO - Enviando 10 chamados para análise de emoções no Flask.
2025-05-24 22:29:56,724 - ERROR - Erro ao enviar lote para Flask: HTTPConnectionPool(host='localhost', port=8080): Max retries exceeded with url: /prever (Caused by NewConnectionError('<urllib3.connection.HTTPConnection object at 0x00000232077E0350>: Failed to establish a new connection: [WinError 10061] Nenhuma conexão pôde ser feita porque a máquina de destino as recusou ativamente'))
2025-05-24 22:29:56,737 - INFO - Processando chamadoId: 11803
2025-05-24 22:29:56,763 - INFO - ChamadoId 11803 processado e salvo no banco de dados.
2025-05-24 22:29:56,774 - INFO - Processando chamadoId: 11801
2025-05-24 22:29:56,797 - INFO - ChamadoId 11801 processado e salvo no banco de dados.
2025-05-24 22:29:56,808 - INFO - Processando chamadoId: 11799
2025-05-24 22:29:56,832 - INFO - ChamadoId 11799 processado e salvo no banco de dados.
2025-05-24 22:29:56,843 - INFO - Processando chamadoId: 11797
2025-05-24 22:29:56,866 - INFO - ChamadoId 11797 processado e salvo no banco de dados.
2025-05-24 22:29:56,876 - INFO - Processando chamadoId: 11795
2025-05-24 22:29:56,899 - INFO - ChamadoId 11795 processado e salvo no banco de dados.
2025-05-24 22:29:56,911 - INFO - Processando chamadoId: 11793
2025-05-24 22:29:56,934 - INFO - ChamadoId 11793 processado e salvo no banco de dados.
2025-05-24 22:29:56,946 - INFO - Processando chamadoId: 11791
2025-05-24 22:29:56,969 - INFO - ChamadoId 11791 processado e salvo no banco de dados.
2025-05-24 22:29:56,980 - INFO - Processando chamadoId: 11789
2025-05-24 22:29:57,000 - INFO - ChamadoId 11789 processado e salvo no banco de dados.
2025-05-24 22:29:57,011 - INFO - Processando chamadoId: 11787
2025-05-24 22:29:57,034 - INFO - ChamadoId 11787 processado e salvo no banco de dados.
2025-05-24 22:29:57,044 - INFO - Processando chamadoId: 11785
2025-05-24 22:29:57,066 - INFO - ChamadoId 11785 processado e salvo no banco de dados.
2025-05-24 22:29:57,066 - INFO - Enviando 10 chamados para geracao de keywords
2025-05-24 22:29:57,368 - ERROR - Erro ao enviar lote para Flask: HTTPConnectionPool(host='localhost', port=8080): Max retries exceeded with url: /prever (Caused by NewConnectionError('<urllib3.connection.HTTPConnection object at 0x00000232077E2FF0>: Failed to establish a new connection: [WinError 10061] Nenhuma conexão pôde ser feita porque a máquina de destino as recusou ativamente'))
2025-05-24 22:29:57,382 - INFO - Processando chamadoId: 11803
2025-05-24 22:29:57,408 - INFO - ChamadoId 11803 processado e salvo no banco de dados.
2025-05-24 22:29:57,419 - INFO - Processando chamadoId: 11801
2025-05-24 22:29:57,442 - INFO - ChamadoId 11801 processado e salvo no banco de dados.
2025-05-24 22:29:57,453 - INFO - Processando chamadoId: 11799
2025-05-24 22:29:57,475 - INFO - ChamadoId 11799 processado e salvo no banco de dados.
2025-05-24 22:29:57,487 - INFO - Processando chamadoId: 11797
2025-05-24 22:29:57,511 - INFO - ChamadoId 11797 processado e salvo no banco de dados.
2025-05-24 22:29:57,522 - INFO - Processando chamadoId: 11795
2025-05-24 22:29:57,544 - INFO - ChamadoId 11795 processado e salvo no banco de dados.
2025-05-24 22:29:57,555 - INFO - Processando chamadoId: 11793
2025-05-24 22:29:57,578 - INFO - ChamadoId 11793 processado e salvo no banco de dados.
2025-05-24 22:29:57,589 - INFO - Processando chamadoId: 11791
2025-05-24 22:29:57,612 - INFO - ChamadoId 11791 processado e salvo no banco de dados.
2025-05-24 22:29:57,626 - INFO - Processando chamadoId: 11789
2025-05-24 22:29:57,647 - INFO - ChamadoId 11789 processado e salvo no banco de dados.
2025-05-24 22:29:57,659 - INFO - Processando chamadoId: 11787
2025-05-24 22:29:57,681 - INFO - ChamadoId 11787 processado e salvo no banco de dados.
2025-05-24 22:29:57,693 - INFO - Processando chamadoId: 11785
2025-05-24 22:29:57,715 - INFO - ChamadoId 11785 processado e salvo no banco de dados.
2025-05-24 22:29:57,715 - INFO - Enviando 10 chamados para geracao de keywords
2025-05-24 22:29:57,808 - ERROR - Erro ao enviar lote para Flask: HTTPConnectionPool(host='localhost', port=8080): Max retries exceeded with url: /prever (Caused by NewConnectionError('<urllib3.connection.HTTPConnection object at 0x000002327E4931A0>: Failed to establish a new connection: [WinError 10061] Nenhuma conexão pôde ser feita porque a máquina de destino as recusou ativamente'))
2025-05-24 22:29:57,821 - INFO - Processando chamadoId: 11783
2025-05-24 22:29:57,851 - INFO - ChamadoId 11783 processado e salvo no banco de dados.
2025-05-24 22:29:57,862 - INFO - Processando chamadoId: 11781
2025-05-24 22:29:57,884 - INFO - ChamadoId 11781 processado e salvo no banco de dados.
2025-05-24 22:29:57,896 - INFO - Processando chamadoId: 11779
2025-05-24 22:29:57,919 - INFO - ChamadoId 11779 processado e salvo no banco de dados.
2025-05-24 22:29:57,931 - INFO - Processando chamadoId: 11777
2025-05-24 22:29:57,957 - INFO - ChamadoId 11777 processado e salvo no banco de dados.
2025-05-24 22:29:57,969 - INFO - Processando chamadoId: 11775
2025-05-24 22:29:57,991 - INFO - ChamadoId 11775 processado e salvo no banco de dados.
2025-05-24 22:29:58,004 - INFO - Processando chamadoId: 11774
2025-05-24 22:29:58,029 - INFO - ChamadoId 11774 processado e salvo no banco de dados.
2025-05-24 22:29:58,040 - INFO - Processando chamadoId: 11772
2025-05-24 22:29:58,064 - INFO - ChamadoId 11772 processado e salvo no banco de dados.
2025-05-24 22:29:58,076 - INFO - Processando chamadoId: 11770
2025-05-24 22:29:58,100 - INFO - ChamadoId 11770 processado e salvo no banco de dados.
2025-05-24 22:29:58,101 - ERROR - Erro ao enviar lote para Flask: HTTPConnectionPool(host='localhost', port=8080): Max retries exceeded with url: /prever (Caused by NewConnectionError('<urllib3.connection.HTTPConnection object at 0x000002327F85B860>: Failed to establish a new connection: [WinError 10061] Nenhuma conexão pôde ser feita porque a máquina de destino as recusou ativamente'))
2025-05-24 22:29:58,112 - INFO - Processando chamadoId: 11768
2025-05-24 22:29:58,112 - INFO - Processando chamadoId: 11803
2025-05-24 22:29:58,143 - INFO - ChamadoId 11768 processado e salvo no banco de dados.
2025-05-24 22:29:58,145 - INFO - ChamadoId 11803 processado e salvo no banco de dados.
2025-05-24 22:29:58,155 - INFO - Processando chamadoId: 11766
2025-05-24 22:29:58,157 - INFO - Processando chamadoId: 11801
2025-05-24 22:29:58,189 - INFO - ChamadoId 11801 processado e salvo no banco de dados.
2025-05-24 22:29:58,189 - INFO - ChamadoId 11766 processado e salvo no banco de dados.
2025-05-24 22:29:58,190 - INFO - Enviando 10 chamados para geracao de keywords
2025-05-24 22:29:58,201 - INFO - Processando chamadoId: 11799
2025-05-24 22:29:58,225 - INFO - ChamadoId 11799 processado e salvo no banco de dados.
2025-05-24 22:29:58,236 - INFO - Processando chamadoId: 11797
2025-05-24 22:29:58,261 - INFO - ChamadoId 11797 processado e salvo no banco de dados.
2025-05-24 22:29:58,274 - INFO - Processando chamadoId: 11795
2025-05-24 22:29:58,296 - INFO - ChamadoId 11795 processado e salvo no banco de dados.
2025-05-24 22:29:58,310 - INFO - Processando chamadoId: 11793
2025-05-24 22:29:58,334 - INFO - ChamadoId 11793 processado e salvo no banco de dados.
2025-05-24 22:29:58,346 - INFO - Processando chamadoId: 11791
2025-05-24 22:29:58,373 - INFO - ChamadoId 11791 processado e salvo no banco de dados.
2025-05-24 22:29:58,385 - INFO - Processando chamadoId: 11789
2025-05-24 22:29:58,411 - INFO - ChamadoId 11789 processado e salvo no banco de dados.
2025-05-24 22:29:58,422 - INFO - Processando chamadoId: 11787
2025-05-24 22:29:58,447 - INFO - ChamadoId 11787 processado e salvo no banco de dados.
2025-05-24 22:29:58,460 - INFO - Processando chamadoId: 11785
2025-05-24 22:29:58,493 - INFO - ChamadoId 11785 processado e salvo no banco de dados.
2025-05-24 22:29:58,493 - INFO - Enviando 10 chamados para geracao de keywords
2025-05-24 22:29:58,776 - ERROR - Erro ao enviar lote para Flask: HTTPConnectionPool(host='localhost', port=8080): Max retries exceeded with url: /prever (Caused by NewConnectionError('<urllib3.connection.HTTPConnection object at 0x00000232077E1FD0>: Failed to establish a new connection: [WinError 10061] Nenhuma conexão pôde ser feita porque a máquina de destino as recusou ativamente'))
2025-05-24 22:29:58,791 - INFO - Processando chamadoId: 11783
2025-05-24 22:29:58,822 - INFO - ChamadoId 11783 processado e salvo no banco de dados.
2025-05-24 22:29:58,832 - ERROR - Erro ao enviar lote para Flask: HTTPConnectionPool(host='localhost', port=8080): Max retries exceeded with url: /prever (Caused by NewConnectionError('<urllib3.connection.HTTPConnection object at 0x00000232D3F485F0>: Failed to establish a new connection: [WinError 10061] Nenhuma conexão pôde ser feita porque a máquina de destino as recusou ativamente'))
2025-05-24 22:29:58,835 - INFO - Processando chamadoId: 11781
2025-05-24 22:29:58,846 - INFO - Processando chamadoId: 11803
2025-05-24 22:29:58,860 - INFO - ChamadoId 11781 processado e salvo no banco de dados.
2025-05-24 22:29:58,887 - INFO - Processando chamadoId: 11779
2025-05-24 22:29:58,889 - INFO - ChamadoId 11803 processado e salvo no banco de dados.
2025-05-24 22:29:58,904 - INFO - Processando chamadoId: 11801
2025-05-24 22:29:58,912 - INFO - ChamadoId 11779 processado e salvo no banco de dados.
2025-05-24 22:29:58,933 - INFO - Processando chamadoId: 11777
2025-05-24 22:29:58,933 - INFO - ChamadoId 11801 processado e salvo no banco de dados.
2025-05-24 22:29:58,947 - INFO - Processando chamadoId: 11799
2025-05-24 22:29:58,958 - INFO - ChamadoId 11777 processado e salvo no banco de dados.
2025-05-24 22:29:58,971 - INFO - Processando chamadoId: 11775
2025-05-24 22:29:58,971 - INFO - ChamadoId 11799 processado e salvo no banco de dados.
2025-05-24 22:29:58,984 - INFO - Processando chamadoId: 11797
2025-05-24 22:29:58,993 - INFO - ChamadoId 11775 processado e salvo no banco de dados.
2025-05-24 22:29:59,007 - INFO - Processando chamadoId: 11774
2025-05-24 22:29:59,011 - INFO - ChamadoId 11797 processado e salvo no banco de dados.
2025-05-24 22:29:59,024 - INFO - Processando chamadoId: 11795
2025-05-24 22:29:59,032 - INFO - ChamadoId 11774 processado e salvo no banco de dados.
2025-05-24 22:29:59,045 - INFO - Processando chamadoId: 11772
2025-05-24 22:29:59,051 - INFO - ChamadoId 11795 processado e salvo no banco de dados.
2025-05-24 22:29:59,076 - INFO - ChamadoId 11772 processado e salvo no banco de dados.
2025-05-24 22:29:59,078 - INFO - Processando chamadoId: 11793
2025-05-24 22:29:59,089 - INFO - Processando chamadoId: 11770
2025-05-24 22:29:59,106 - INFO - ChamadoId 11793 processado e salvo no banco de dados.
2025-05-24 22:29:59,114 - INFO - ChamadoId 11770 processado e salvo no banco de dados.
2025-05-24 22:29:59,118 - INFO - Processando chamadoId: 11791
2025-05-24 22:29:59,133 - INFO - Processando chamadoId: 11768
2025-05-24 22:29:59,143 - INFO - ChamadoId 11791 processado e salvo no banco de dados.
2025-05-24 22:29:59,156 - INFO - ChamadoId 11768 processado e salvo no banco de dados.
2025-05-24 22:29:59,156 - INFO - Processando chamadoId: 11789
2025-05-24 22:29:59,169 - INFO - Processando chamadoId: 11766
2025-05-24 22:29:59,181 - INFO - ChamadoId 11789 processado e salvo no banco de dados.
2025-05-24 22:29:59,194 - INFO - Processando chamadoId: 11787
2025-05-24 22:29:59,194 - INFO - ChamadoId 11766 processado e salvo no banco de dados.
2025-05-24 22:29:59,195 - INFO - Enviando 10 chamados para geracao de keywords
2025-05-24 22:29:59,218 - INFO - ChamadoId 11787 processado e salvo no banco de dados.
2025-05-24 22:29:59,231 - INFO - Processando chamadoId: 11785
2025-05-24 22:29:59,255 - INFO - ChamadoId 11785 processado e salvo no banco de dados.
2025-05-24 22:29:59,256 - INFO - Enviando 10 chamados para geracao de keywords
2025-05-24 22:29:59,530 - ERROR - Erro ao enviar lote para Flask: HTTPConnectionPool(host='localhost', port=8080): Max retries exceeded with url: /prever (Caused by NewConnectionError('<urllib3.connection.HTTPConnection object at 0x00000233A7DFC260>: Failed to establish a new connection: [WinError 10061] Nenhuma conexão pôde ser feita porque a máquina de destino as recusou ativamente'))
2025-05-24 22:29:59,542 - INFO - Processando chamadoId: 11783
2025-05-24 22:29:59,569 - INFO - ChamadoId 11783 processado e salvo no banco de dados.
2025-05-24 22:29:59,580 - INFO - Processando chamadoId: 11781
2025-05-24 22:29:59,590 - ERROR - Erro ao enviar lote para Flask: HTTPConnectionPool(host='localhost', port=8080): Max retries exceeded with url: /prever (Caused by NewConnectionError('<urllib3.connection.HTTPConnection object at 0x0000023404F2FF50>: Failed to establish a new connection: [WinError 10061] Nenhuma conexão pôde ser feita porque a máquina de destino as recusou ativamente'))
2025-05-24 22:29:59,601 - INFO - Processando chamadoId: 11783
2025-05-24 22:29:59,604 - INFO - ChamadoId 11781 processado e salvo no banco de dados.
2025-05-24 22:29:59,615 - INFO - Processando chamadoId: 11779
2025-05-24 22:29:59,625 - INFO - ChamadoId 11783 processado e salvo no banco de dados.
2025-05-24 22:29:59,636 - INFO - Processando chamadoId: 11781
2025-05-24 22:29:59,640 - INFO - ChamadoId 11779 processado e salvo no banco de dados.
2025-05-24 22:29:59,651 - INFO - Processando chamadoId: 11777
2025-05-24 22:29:59,661 - INFO - ChamadoId 11781 processado e salvo no banco de dados.
2025-05-24 22:29:59,672 - INFO - Processando chamadoId: 11779
2025-05-24 22:29:59,675 - INFO - ChamadoId 11777 processado e salvo no banco de dados.
2025-05-24 22:29:59,685 - INFO - Processando chamadoId: 11775
2025-05-24 22:29:59,695 - INFO - ChamadoId 11779 processado e salvo no banco de dados.
2025-05-24 22:29:59,704 - INFO - Processando chamadoId: 11777
2025-05-24 22:29:59,705 - INFO - ChamadoId 11775 processado e salvo no banco de dados.
2025-05-24 22:29:59,716 - INFO - Processando chamadoId: 11774
2025-05-24 22:29:59,730 - INFO - ChamadoId 11777 processado e salvo no banco de dados.
2025-05-24 22:29:59,741 - INFO - ChamadoId 11774 processado e salvo no banco de dados.
2025-05-24 22:29:59,743 - INFO - Processando chamadoId: 11775
2025-05-24 22:29:59,751 - INFO - Processando chamadoId: 11772
2025-05-24 22:29:59,762 - INFO - ChamadoId 11775 processado e salvo no banco de dados.
2025-05-24 22:29:59,773 - INFO - Processando chamadoId: 11774
2025-05-24 22:29:59,775 - INFO - ChamadoId 11772 processado e salvo no banco de dados.
2025-05-24 22:29:59,785 - INFO - Processando chamadoId: 11770
2025-05-24 22:29:59,821 - INFO - ChamadoId 11770 processado e salvo no banco de dados.
2025-05-24 22:29:59,822 - INFO - ChamadoId 11774 processado e salvo no banco de dados.
2025-05-24 22:29:59,833 - INFO - Processando chamadoId: 11768
2025-05-24 22:29:59,833 - INFO - Processando chamadoId: 11772
2025-05-24 22:29:59,865 - INFO - ChamadoId 11768 processado e salvo no banco de dados.
2025-05-24 22:29:59,866 - INFO - ChamadoId 11772 processado e salvo no banco de dados.
2025-05-24 22:29:59,877 - INFO - Processando chamadoId: 11770
2025-05-24 22:29:59,877 - INFO - Processando chamadoId: 11766
2025-05-24 22:29:59,908 - INFO - ChamadoId 11770 processado e salvo no banco de dados.
2025-05-24 22:29:59,910 - INFO - ChamadoId 11766 processado e salvo no banco de dados.
2025-05-24 22:29:59,910 - INFO - Enviando 10 chamados para geracao de keywords
2025-05-24 22:29:59,918 - INFO - Processando chamadoId: 11768
2025-05-24 22:29:59,941 - INFO - ChamadoId 11768 processado e salvo no banco de dados.
2025-05-24 22:29:59,951 - INFO - Processando chamadoId: 11766
2025-05-24 22:29:59,974 - INFO - ChamadoId 11766 processado e salvo no banco de dados.
2025-05-24 22:29:59,975 - INFO - Enviando 10 chamados para geracao de keywords
2025-05-24 22:30:00,594 - ERROR - Erro ao enviar lote para Flask: HTTPConnectionPool(host='localhost', port=8081): Max retries exceeded with url: /extrair-keywords (Caused by NewConnectionError('<urllib3.connection.HTTPConnection object at 0x000002336EBF7E60>: Failed to establish a new connection: [WinError 10061] Nenhuma conexão pôde ser feita porque a máquina de destino as recusou ativamente'))
2025-05-24 22:30:00,596 - INFO - Enviando 10 chamados para análise de emoções no Flask.
2025-05-24 22:30:00,780 - ERROR - Erro ao enviar lote para Flask: HTTPConnectionPool(host='localhost', port=8080): Max retries exceeded with url: /prever (Caused by NewConnectionError('<urllib3.connection.HTTPConnection object at 0x000002320B9FEF00>: Failed to establish a new connection: [WinError 10061] Nenhuma conexão pôde ser feita porque a máquina de destino as recusou ativamente'))
2025-05-24 22:30:00,793 - INFO - Processando chamadoId: 11783
2025-05-24 22:30:00,821 - INFO - ChamadoId 11783 processado e salvo no banco de dados.
2025-05-24 22:30:00,832 - INFO - Processando chamadoId: 11781
2025-05-24 22:30:00,856 - INFO - ChamadoId 11781 processado e salvo no banco de dados.
2025-05-24 22:30:00,868 - INFO - Processando chamadoId: 11779
2025-05-24 22:30:00,893 - INFO - ChamadoId 11779 processado e salvo no banco de dados.
2025-05-24 22:30:00,905 - INFO - Processando chamadoId: 11777
2025-05-24 22:30:00,929 - INFO - ChamadoId 11777 processado e salvo no banco de dados.
2025-05-24 22:30:00,941 - INFO - Processando chamadoId: 11775
2025-05-24 22:30:00,963 - INFO - ChamadoId 11775 processado e salvo no banco de dados.
2025-05-24 22:30:00,975 - INFO - Processando chamadoId: 11774
2025-05-24 22:30:01,008 - INFO - ChamadoId 11774 processado e salvo no banco de dados.
2025-05-24 22:30:01,021 - INFO - Processando chamadoId: 11772
2025-05-24 22:30:01,044 - INFO - ChamadoId 11772 processado e salvo no banco de dados.
2025-05-24 22:30:01,058 - INFO - Processando chamadoId: 11770
2025-05-24 22:30:01,080 - INFO - ChamadoId 11770 processado e salvo no banco de dados.
2025-05-24 22:30:01,092 - INFO - Processando chamadoId: 11768
2025-05-24 22:30:01,114 - INFO - ChamadoId 11768 processado e salvo no banco de dados.
2025-05-24 22:30:01,125 - INFO - Processando chamadoId: 11766
2025-05-24 22:30:01,136 - ERROR - Erro ao enviar lote para Flask: HTTPConnectionPool(host='localhost', port=8081): Max retries exceeded with url: /extrair-keywords (Caused by NewConnectionError('<urllib3.connection.HTTPConnection object at 0x00000233D6B31DC0>: Failed to establish a new connection: [WinError 10061] Nenhuma conexão pôde ser feita porque a máquina de destino as recusou ativamente'))
2025-05-24 22:30:01,136 - INFO - Enviando 10 chamados para análise de emoções no Flask.
2025-05-24 22:30:01,150 - INFO - ChamadoId 11766 processado e salvo no banco de dados.
2025-05-24 22:30:01,150 - INFO - Enviando 10 chamados para geracao de keywords
2025-05-24 22:30:01,769 - ERROR - Erro ao enviar lote para Flask: HTTPConnectionPool(host='localhost', port=8081): Max retries exceeded with url: /extrair-keywords (Caused by NewConnectionError('<urllib3.connection.HTTPConnection object at 0x00000232077E11F0>: Failed to establish a new connection: [WinError 10061] Nenhuma conexão pôde ser feita porque a máquina de destino as recusou ativamente'))
2025-05-24 22:30:01,772 - INFO - Enviando 10 chamados para análise de emoções no Flask.
2025-05-24 22:30:02,240 - ERROR - Erro ao enviar lote para Flask: HTTPConnectionPool(host='localhost', port=8081): Max retries exceeded with url: /extrair-keywords (Caused by NewConnectionError('<urllib3.connection.HTTPConnection object at 0x000002327C2333B0>: Failed to establish a new connection: [WinError 10061] Nenhuma conexão pôde ser feita porque a máquina de destino as recusou ativamente'))
2025-05-24 22:30:02,241 - INFO - Enviando 10 chamados para análise de emoções no Flask.
2025-05-24 22:30:02,584 - ERROR - Erro ao enviar lote para Flask: HTTPConnectionPool(host='localhost', port=8081): Max retries exceeded with url: /extrair-keywords (Caused by NewConnectionError('<urllib3.connection.HTTPConnection object at 0x00000232077909E0>: Failed to establish a new connection: [WinError 10061] Nenhuma conexão pôde ser feita porque a máquina de destino as recusou ativamente'))
2025-05-24 22:30:02,585 - INFO - Enviando 10 chamados para análise de emoções no Flask.
2025-05-24 22:30:03,259 - ERROR - Erro ao enviar lote para Flask: HTTPConnectionPool(host='localhost', port=8081): Max retries exceeded with url: /extrair-keywords (Caused by NewConnectionError('<urllib3.connection.HTTPConnection object at 0x00000232077E0F20>: Failed to establish a new connection: [WinError 10061] Nenhuma conexão pôde ser feita porque a máquina de destino as recusou ativamente'))
2025-05-24 22:30:03,261 - INFO - Enviando 10 chamados para análise de emoções no Flask.
2025-05-24 22:30:03,333 - ERROR - Erro ao enviar lote para Flask: HTTPConnectionPool(host='localhost', port=8081): Max retries exceeded with url: /extrair-keywords (Caused by NewConnectionError('<urllib3.connection.HTTPConnection object at 0x0000023208706B40>: Failed to establish a new connection: [WinError 10061] Nenhuma conexão pôde ser feita porque a máquina de destino as recusou ativamente'))
2025-05-24 22:30:03,335 - INFO - Enviando 10 chamados para análise de emoções no Flask.
2025-05-24 22:30:03,991 - ERROR - Erro ao enviar lote para Flask: HTTPConnectionPool(host='localhost', port=8081): Max retries exceeded with url: /extrair-keywords (Caused by NewConnectionError('<urllib3.connection.HTTPConnection object at 0x000002336EE57E30>: Failed to establish a new connection: [WinError 10061] Nenhuma conexão pôde ser feita porque a máquina de destino as recusou ativamente'))
2025-05-24 22:30:03,993 - INFO - Enviando 10 chamados para análise de emoções no Flask.
2025-05-24 22:30:04,056 - ERROR - Erro ao enviar lote para Flask: HTTPConnectionPool(host='localhost', port=8081): Max retries exceeded with url: /extrair-keywords (Caused by NewConnectionError('<urllib3.connection.HTTPConnection object at 0x000002336EF35580>: Failed to establish a new connection: [WinError 10061] Nenhuma conexão pôde ser feita porque a máquina de destino as recusou ativamente'))
2025-05-24 22:30:04,056 - INFO - Enviando 10 chamados para análise de emoções no Flask.
2025-05-24 22:30:04,682 - ERROR - Erro ao enviar lote para Flask: HTTPConnectionPool(host='localhost', port=8080): Max retries exceeded with url: /prever (Caused by NewConnectionError('<urllib3.connection.HTTPConnection object at 0x00000233D6B32090>: Failed to establish a new connection: [WinError 10061] Nenhuma conexão pôde ser feita porque a máquina de destino as recusou ativamente'))
2025-05-24 22:30:04,695 - INFO - Processando chamadoId: 11764
2025-05-24 22:30:04,729 - INFO - ChamadoId 11764 processado e salvo no banco de dados.
2025-05-24 22:30:04,742 - INFO - Processando chamadoId: 11762
2025-05-24 22:30:04,769 - INFO - ChamadoId 11762 processado e salvo no banco de dados.
2025-05-24 22:30:04,779 - INFO - Processando chamadoId: 11760
2025-05-24 22:30:04,820 - INFO - ChamadoId 11760 processado e salvo no banco de dados.
2025-05-24 22:30:04,830 - INFO - Processando chamadoId: 11758
2025-05-24 22:30:04,857 - INFO - ChamadoId 11758 processado e salvo no banco de dados.
2025-05-24 22:30:04,868 - INFO - Processando chamadoId: 11756
2025-05-24 22:30:04,897 - INFO - ChamadoId 11756 processado e salvo no banco de dados.
2025-05-24 22:30:04,908 - INFO - Processando chamadoId: 11754
2025-05-24 22:30:04,938 - INFO - ChamadoId 11754 processado e salvo no banco de dados.
2025-05-24 22:30:04,949 - INFO - Processando chamadoId: 11752
2025-05-24 22:30:04,980 - INFO - ChamadoId 11752 processado e salvo no banco de dados.
2025-05-24 22:30:04,991 - INFO - Processando chamadoId: 11750
2025-05-24 22:30:05,020 - INFO - ChamadoId 11750 processado e salvo no banco de dados.
2025-05-24 22:30:05,030 - INFO - Processando chamadoId: 11748
2025-05-24 22:30:05,055 - INFO - ChamadoId 11748 processado e salvo no banco de dados.
2025-05-24 22:30:05,066 - INFO - Processando chamadoId: 11746
2025-05-24 22:30:05,094 - INFO - ChamadoId 11746 processado e salvo no banco de dados.
2025-05-24 22:30:05,095 - INFO - Enviando 10 chamados para geracao de keywords
2025-05-24 22:30:05,198 - ERROR - Erro ao enviar lote para Flask: HTTPConnectionPool(host='localhost', port=8080): Max retries exceeded with url: /prever (Caused by NewConnectionError('<urllib3.connection.HTTPConnection object at 0x000002327A9EBC80>: Failed to establish a new connection: [WinError 10061] Nenhuma conexão pôde ser feita porque a máquina de destino as recusou ativamente'))
2025-05-24 22:30:05,198 - ERROR - Erro ao enviar lote para Flask: HTTPConnectionPool(host='localhost', port=8081): Max retries exceeded with url: /extrair-keywords (Caused by NewConnectionError('<urllib3.connection.HTTPConnection object at 0x0000023207731DC0>: Failed to establish a new connection: [WinError 10061] Nenhuma conexão pôde ser feita porque a máquina de destino as recusou ativamente'))
2025-05-24 22:30:05,199 - INFO - Enviando 10 chamados para análise de emoções no Flask.
2025-05-24 22:30:05,209 - INFO - Processando chamadoId: 11783
2025-05-24 22:30:05,231 - INFO - ChamadoId 11783 processado e salvo no banco de dados.
2025-05-24 22:30:05,243 - INFO - Processando chamadoId: 11781
2025-05-24 22:30:05,264 - INFO - ChamadoId 11781 processado e salvo no banco de dados.
2025-05-24 22:30:05,276 - INFO - Processando chamadoId: 11779
2025-05-24 22:30:05,300 - INFO - ChamadoId 11779 processado e salvo no banco de dados.
2025-05-24 22:30:05,312 - INFO - Processando chamadoId: 11777
2025-05-24 22:30:05,336 - INFO - ChamadoId 11777 processado e salvo no banco de dados.
2025-05-24 22:30:05,348 - INFO - Processando chamadoId: 11775
2025-05-24 22:30:05,370 - INFO - ChamadoId 11775 processado e salvo no banco de dados.
2025-05-24 22:30:05,381 - INFO - Processando chamadoId: 11774
2025-05-24 22:30:05,403 - INFO - ChamadoId 11774 processado e salvo no banco de dados.
2025-05-24 22:30:05,418 - INFO - Processando chamadoId: 11772
2025-05-24 22:30:05,442 - INFO - ChamadoId 11772 processado e salvo no banco de dados.
2025-05-24 22:30:05,452 - INFO - Processando chamadoId: 11770
2025-05-24 22:30:05,477 - INFO - ChamadoId 11770 processado e salvo no banco de dados.
2025-05-24 22:30:05,488 - INFO - Processando chamadoId: 11768
2025-05-24 22:30:05,510 - INFO - ChamadoId 11768 processado e salvo no banco de dados.
2025-05-24 22:30:05,522 - INFO - Processando chamadoId: 11766
2025-05-24 22:30:05,542 - INFO - ChamadoId 11766 processado e salvo no banco de dados.
2025-05-24 22:30:05,543 - INFO - Enviando 10 chamados para geracao de keywords
2025-05-24 22:30:05,829 - ERROR - Erro ao enviar lote para Flask: HTTPConnectionPool(host='localhost', port=8080): Max retries exceeded with url: /prever (Caused by NewConnectionError('<urllib3.connection.HTTPConnection object at 0x000002327F817AA0>: Failed to establish a new connection: [WinError 10061] Nenhuma conexão pôde ser feita porque a máquina de destino as recusou ativamente'))
2025-05-24 22:30:05,841 - INFO - Processando chamadoId: 11783
2025-05-24 22:30:05,871 - INFO - ChamadoId 11783 processado e salvo no banco de dados.
2025-05-24 22:30:05,882 - INFO - Processando chamadoId: 11781
2025-05-24 22:30:05,904 - INFO - ChamadoId 11781 processado e salvo no banco de dados.
2025-05-24 22:30:05,916 - INFO - Processando chamadoId: 11779
2025-05-24 22:30:05,940 - INFO - ChamadoId 11779 processado e salvo no banco de dados.
2025-05-24 22:30:05,951 - INFO - Processando chamadoId: 11777
2025-05-24 22:30:05,973 - INFO - ChamadoId 11777 processado e salvo no banco de dados.
2025-05-24 22:30:05,983 - INFO - Processando chamadoId: 11775
2025-05-24 22:30:06,003 - INFO - ChamadoId 11775 processado e salvo no banco de dados.
2025-05-24 22:30:06,014 - INFO - Processando chamadoId: 11774
2025-05-24 22:30:06,038 - INFO - ChamadoId 11774 processado e salvo no banco de dados.
2025-05-24 22:30:06,048 - INFO - Processando chamadoId: 11772
2025-05-24 22:30:06,072 - INFO - ChamadoId 11772 processado e salvo no banco de dados.
2025-05-24 22:30:06,082 - INFO - Processando chamadoId: 11770
2025-05-24 22:30:06,104 - INFO - ChamadoId 11770 processado e salvo no banco de dados.
2025-05-24 22:30:06,116 - INFO - Processando chamadoId: 11768
2025-05-24 22:30:06,138 - INFO - ChamadoId 11768 processado e salvo no banco de dados.
2025-05-24 22:30:06,149 - INFO - Processando chamadoId: 11766
2025-05-24 22:30:06,172 - INFO - ChamadoId 11766 processado e salvo no banco de dados.
2025-05-24 22:30:06,172 - INFO - Enviando 10 chamados para geracao de keywords
2025-05-24 22:30:06,285 - ERROR - Erro ao enviar lote para Flask: HTTPConnectionPool(host='localhost', port=8080): Max retries exceeded with url: /prever (Caused by NewConnectionError('<urllib3.connection.HTTPConnection object at 0x00000232077E25D0>: Failed to establish a new connection: [WinError 10061] Nenhuma conexão pôde ser feita porque a máquina de destino as recusou ativamente'))
2025-05-24 22:30:06,298 - INFO - Processando chamadoId: 11764
2025-05-24 22:30:06,327 - INFO - ChamadoId 11764 processado e salvo no banco de dados.
2025-05-24 22:30:06,339 - INFO - Processando chamadoId: 11762
2025-05-24 22:30:06,363 - INFO - ChamadoId 11762 processado e salvo no banco de dados.
2025-05-24 22:30:06,376 - INFO - Processando chamadoId: 11760
2025-05-24 22:30:06,402 - INFO - ChamadoId 11760 processado e salvo no banco de dados.
2025-05-24 22:30:06,413 - INFO - Processando chamadoId: 11758
2025-05-24 22:30:06,438 - INFO - ChamadoId 11758 processado e salvo no banco de dados.
2025-05-24 22:30:06,452 - INFO - Processando chamadoId: 11756
2025-05-24 22:30:06,473 - INFO - ChamadoId 11756 processado e salvo no banco de dados.
2025-05-24 22:30:06,485 - INFO - Processando chamadoId: 11754
2025-05-24 22:30:06,510 - INFO - ChamadoId 11754 processado e salvo no banco de dados.
2025-05-24 22:30:06,523 - INFO - Processando chamadoId: 11752
2025-05-24 22:30:06,546 - INFO - ChamadoId 11752 processado e salvo no banco de dados.
2025-05-24 22:30:06,558 - INFO - Processando chamadoId: 11750
2025-05-24 22:30:06,583 - INFO - ChamadoId 11750 processado e salvo no banco de dados.
2025-05-24 22:30:06,596 - INFO - Processando chamadoId: 11748
2025-05-24 22:30:06,620 - INFO - ChamadoId 11748 processado e salvo no banco de dados.
2025-05-24 22:30:06,631 - INFO - Processando chamadoId: 11746
2025-05-24 22:30:06,658 - INFO - ChamadoId 11746 processado e salvo no banco de dados.
2025-05-24 22:30:06,658 - INFO - Enviando 10 chamados para geracao de keywords
2025-05-24 22:30:06,661 - ERROR - Erro ao enviar lote para Flask: HTTPConnectionPool(host='localhost', port=8080): Max retries exceeded with url: /prever (Caused by NewConnectionError('<urllib3.connection.HTTPConnection object at 0x00000232077E2900>: Failed to establish a new connection: [WinError 10061] Nenhuma conexão pôde ser feita porque a máquina de destino as recusou ativamente'))
2025-05-24 22:30:06,674 - INFO - Processando chamadoId: 11783
2025-05-24 22:30:06,697 - INFO - ChamadoId 11783 processado e salvo no banco de dados.
2025-05-24 22:30:06,709 - INFO - Processando chamadoId: 11781
2025-05-24 22:30:06,733 - INFO - ChamadoId 11781 processado e salvo no banco de dados.
2025-05-24 22:30:06,745 - INFO - Processando chamadoId: 11779
2025-05-24 22:30:06,771 - INFO - ChamadoId 11779 processado e salvo no banco de dados.
2025-05-24 22:30:06,782 - INFO - Processando chamadoId: 11777
2025-05-24 22:30:06,806 - INFO - ChamadoId 11777 processado e salvo no banco de dados.
2025-05-24 22:30:06,818 - INFO - Processando chamadoId: 11775
2025-05-24 22:30:06,838 - INFO - ChamadoId 11775 processado e salvo no banco de dados.
2025-05-24 22:30:06,849 - INFO - Processando chamadoId: 11774
2025-05-24 22:30:06,872 - INFO - ChamadoId 11774 processado e salvo no banco de dados.
2025-05-24 22:30:06,883 - INFO - Processando chamadoId: 11772
2025-05-24 22:30:06,906 - INFO - ChamadoId 11772 processado e salvo no banco de dados.
2025-05-24 22:30:06,919 - INFO - Processando chamadoId: 11770
2025-05-24 22:30:06,941 - INFO - ChamadoId 11770 processado e salvo no banco de dados.
2025-05-24 22:30:06,954 - INFO - Processando chamadoId: 11768
2025-05-24 22:30:06,977 - INFO - ChamadoId 11768 processado e salvo no banco de dados.
2025-05-24 22:30:06,990 - INFO - Processando chamadoId: 11766
2025-05-24 22:30:07,017 - INFO - ChamadoId 11766 processado e salvo no banco de dados.
2025-05-24 22:30:07,017 - INFO - Enviando 10 chamados para geracao de keywords
2025-05-24 22:30:07,320 - ERROR - Erro ao enviar lote para Flask: HTTPConnectionPool(host='localhost', port=8080): Max retries exceeded with url: /prever (Caused by NewConnectionError('<urllib3.connection.HTTPConnection object at 0x00000232077E1AF0>: Failed to establish a new connection: [WinError 10061] Nenhuma conexão pôde ser feita porque a máquina de destino as recusou ativamente'))
2025-05-24 22:30:07,335 - INFO - Processando chamadoId: 11764
2025-05-24 22:30:07,366 - INFO - ChamadoId 11764 processado e salvo no banco de dados.
2025-05-24 22:30:07,381 - INFO - Processando chamadoId: 11762
2025-05-24 22:30:07,408 - INFO - ChamadoId 11762 processado e salvo no banco de dados.
2025-05-24 22:30:07,414 - ERROR - Erro ao enviar lote para Flask: HTTPConnectionPool(host='localhost', port=8080): Max retries exceeded with url: /prever (Caused by NewConnectionError('<urllib3.connection.HTTPConnection object at 0x00000233046F9F10>: Failed to establish a new connection: [WinError 10061] Nenhuma conexão pôde ser feita porque a máquina de destino as recusou ativamente'))
2025-05-24 22:30:07,420 - INFO - Processando chamadoId: 11760
2025-05-24 22:30:07,427 - INFO - Processando chamadoId: 11783
2025-05-24 22:30:07,453 - INFO - ChamadoId 11760 processado e salvo no banco de dados.
2025-05-24 22:30:07,456 - INFO - ChamadoId 11783 processado e salvo no banco de dados.
2025-05-24 22:30:07,465 - INFO - Processando chamadoId: 11758
2025-05-24 22:30:07,468 - INFO - Processando chamadoId: 11781
2025-05-24 22:30:07,503 - INFO - ChamadoId 11781 processado e salvo no banco de dados.
2025-05-24 22:30:07,503 - INFO - ChamadoId 11758 processado e salvo no banco de dados.
2025-05-24 22:30:07,515 - INFO - Processando chamadoId: 11779
2025-05-24 22:30:07,515 - INFO - Processando chamadoId: 11756
2025-05-24 22:30:07,550 - INFO - ChamadoId 11779 processado e salvo no banco de dados.
2025-05-24 22:30:07,552 - INFO - ChamadoId 11756 processado e salvo no banco de dados.
2025-05-24 22:30:07,563 - INFO - Processando chamadoId: 11777
2025-05-24 22:30:07,563 - INFO - Processando chamadoId: 11754
2025-05-24 22:30:07,599 - INFO - ChamadoId 11777 processado e salvo no banco de dados.
2025-05-24 22:30:07,602 - INFO - ChamadoId 11754 processado e salvo no banco de dados.
2025-05-24 22:30:07,613 - INFO - Processando chamadoId: 11752
2025-05-24 22:30:07,613 - INFO - Processando chamadoId: 11775
2025-05-24 22:30:07,645 - INFO - ChamadoId 11775 processado e salvo no banco de dados.
2025-05-24 22:30:07,647 - INFO - ChamadoId 11752 processado e salvo no banco de dados.
2025-05-24 22:30:07,659 - INFO - Processando chamadoId: 11750
2025-05-24 22:30:07,659 - INFO - Processando chamadoId: 11774
2025-05-24 22:30:07,692 - INFO - ChamadoId 11774 processado e salvo no banco de dados.
2025-05-24 22:30:07,694 - INFO - ChamadoId 11750 processado e salvo no banco de dados.
2025-05-24 22:30:07,706 - INFO - Processando chamadoId: 11748
2025-05-24 22:30:07,706 - INFO - Processando chamadoId: 11772
2025-05-24 22:30:07,740 - INFO - ChamadoId 11772 processado e salvo no banco de dados.
2025-05-24 22:30:07,740 - INFO - ChamadoId 11748 processado e salvo no banco de dados.
2025-05-24 22:30:07,753 - INFO - Processando chamadoId: 11746
2025-05-24 22:30:07,753 - INFO - Processando chamadoId: 11770
2025-05-24 22:30:07,786 - INFO - ChamadoId 11770 processado e salvo no banco de dados.
2025-05-24 22:30:07,788 - INFO - ChamadoId 11746 processado e salvo no banco de dados.
2025-05-24 22:30:07,788 - INFO - Enviando 10 chamados para geracao de keywords
2025-05-24 22:30:07,799 - INFO - Processando chamadoId: 11768
2025-05-24 22:30:07,824 - INFO - ChamadoId 11768 processado e salvo no banco de dados.
2025-05-24 22:30:07,837 - INFO - Processando chamadoId: 11766
2025-05-24 22:30:07,861 - INFO - ChamadoId 11766 processado e salvo no banco de dados.
2025-05-24 22:30:07,861 - INFO - Enviando 10 chamados para geracao de keywords
2025-05-24 22:30:08,073 - ERROR - Erro ao enviar lote para Flask: HTTPConnectionPool(host='localhost', port=8080): Max retries exceeded with url: /prever (Caused by NewConnectionError('<urllib3.connection.HTTPConnection object at 0x000002325C103C20>: Failed to establish a new connection: [WinError 10061] Nenhuma conexão pôde ser feita porque a máquina de destino as recusou ativamente'))
2025-05-24 22:30:08,084 - INFO - Processando chamadoId: 11764
2025-05-24 22:30:08,113 - INFO - ChamadoId 11764 processado e salvo no banco de dados.
2025-05-24 22:30:08,123 - INFO - Processando chamadoId: 11762
2025-05-24 22:30:08,146 - INFO - ChamadoId 11762 processado e salvo no banco de dados.
2025-05-24 22:30:08,151 - ERROR - Erro ao enviar lote para Flask: HTTPConnectionPool(host='localhost', port=8080): Max retries exceeded with url: /prever (Caused by NewConnectionError('<urllib3.connection.HTTPConnection object at 0x000002336EF36840>: Failed to establish a new connection: [WinError 10061] Nenhuma conexão pôde ser feita porque a máquina de destino as recusou ativamente'))
2025-05-24 22:30:08,157 - INFO - Processando chamadoId: 11760
2025-05-24 22:30:08,163 - INFO - Processando chamadoId: 11764
2025-05-24 22:30:08,189 - INFO - ChamadoId 11760 processado e salvo no banco de dados.
2025-05-24 22:30:08,191 - INFO - ChamadoId 11764 processado e salvo no banco de dados.
2025-05-24 22:30:08,200 - INFO - Processando chamadoId: 11762
2025-05-24 22:30:08,201 - INFO - Processando chamadoId: 11758
2025-05-24 22:30:08,231 - INFO - ChamadoId 11758 processado e salvo no banco de dados.
2025-05-24 22:30:08,231 - INFO - ChamadoId 11762 processado e salvo no banco de dados.
2025-05-24 22:30:08,242 - INFO - Processando chamadoId: 11756
2025-05-24 22:30:08,242 - INFO - Processando chamadoId: 11760
2025-05-24 22:30:08,274 - INFO - ChamadoId 11756 processado e salvo no banco de dados.
2025-05-24 22:30:08,275 - INFO - ChamadoId 11760 processado e salvo no banco de dados.
2025-05-24 22:30:08,312 - INFO - Processando chamadoId: 11754
2025-05-24 22:30:08,312 - INFO - Processando chamadoId: 11758
2025-05-24 22:30:08,346 - INFO - ChamadoId 11758 processado e salvo no banco de dados.
2025-05-24 22:30:08,348 - INFO - ChamadoId 11754 processado e salvo no banco de dados.
2025-05-24 22:30:08,357 - INFO - Processando chamadoId: 11756
2025-05-24 22:30:08,361 - INFO - Processando chamadoId: 11752
2025-05-24 22:30:08,385 - INFO - ChamadoId 11756 processado e salvo no banco de dados.
2025-05-24 22:30:08,392 - INFO - ChamadoId 11752 processado e salvo no banco de dados.
2025-05-24 22:30:08,396 - INFO - Processando chamadoId: 11754
2025-05-24 22:30:08,403 - INFO - Processando chamadoId: 11750
2025-05-24 22:30:08,425 - INFO - ChamadoId 11754 processado e salvo no banco de dados.
2025-05-24 22:30:08,432 - INFO - ChamadoId 11750 processado e salvo no banco de dados.
2025-05-24 22:30:08,436 - INFO - Processando chamadoId: 11752
2025-05-24 22:30:08,443 - INFO - Processando chamadoId: 11748
2025-05-24 22:30:08,470 - INFO - ChamadoId 11752 processado e salvo no banco de dados.
2025-05-24 22:30:08,473 - INFO - ChamadoId 11748 processado e salvo no banco de dados.
2025-05-24 22:30:08,479 - INFO - Processando chamadoId: 11750
2025-05-24 22:30:08,484 - INFO - Processando chamadoId: 11746
2025-05-24 22:30:08,510 - INFO - ChamadoId 11750 processado e salvo no banco de dados.
2025-05-24 22:30:08,514 - INFO - ChamadoId 11746 processado e salvo no banco de dados.
2025-05-24 22:30:08,514 - INFO - Enviando 10 chamados para geracao de keywords
2025-05-24 22:30:08,519 - INFO - Processando chamadoId: 11748
2025-05-24 22:30:08,540 - INFO - ChamadoId 11748 processado e salvo no banco de dados.
2025-05-24 22:30:08,551 - INFO - Processando chamadoId: 11746
2025-05-24 22:30:08,573 - INFO - ChamadoId 11746 processado e salvo no banco de dados.
2025-05-24 22:30:08,573 - INFO - Enviando 10 chamados para geracao de keywords
2025-05-24 22:30:09,164 - ERROR - Erro ao enviar lote para Flask: HTTPConnectionPool(host='localhost', port=8081): Max retries exceeded with url: /extrair-keywords (Caused by NewConnectionError('<urllib3.connection.HTTPConnection object at 0x000002327E4AC170>: Failed to establish a new connection: [WinError 10061] Nenhuma conexão pôde ser feita porque a máquina de destino as recusou ativamente'))
2025-05-24 22:30:09,165 - INFO - Enviando 10 chamados para análise de emoções no Flask.
2025-05-24 22:30:09,264 - ERROR - Erro ao enviar lote para Flask: HTTPConnectionPool(host='localhost', port=8080): Max retries exceeded with url: /prever (Caused by NewConnectionError('<urllib3.connection.HTTPConnection object at 0x000002336EE55220>: Failed to establish a new connection: [WinError 10061] Nenhuma conexão pôde ser feita porque a máquina de destino as recusou ativamente'))
2025-05-24 22:30:09,277 - INFO - Processando chamadoId: 11764
2025-05-24 22:30:09,306 - INFO - ChamadoId 11764 processado e salvo no banco de dados.
2025-05-24 22:30:09,317 - INFO - Processando chamadoId: 11762
2025-05-24 22:30:09,340 - INFO - ChamadoId 11762 processado e salvo no banco de dados.
2025-05-24 22:30:09,352 - INFO - Processando chamadoId: 11760
2025-05-24 22:30:09,376 - INFO - ChamadoId 11760 processado e salvo no banco de dados.
2025-05-24 22:30:09,388 - INFO - Processando chamadoId: 11758
2025-05-24 22:30:09,412 - INFO - ChamadoId 11758 processado e salvo no banco de dados.
2025-05-24 22:30:09,425 - INFO - Processando chamadoId: 11756
2025-05-24 22:30:09,448 - INFO - ChamadoId 11756 processado e salvo no banco de dados.
2025-05-24 22:30:09,460 - INFO - Processando chamadoId: 11754
2025-05-24 22:30:09,485 - INFO - ChamadoId 11754 processado e salvo no banco de dados.
2025-05-24 22:30:09,497 - INFO - Processando chamadoId: 11752
2025-05-24 22:30:09,521 - INFO - ChamadoId 11752 processado e salvo no banco de dados.
2025-05-24 22:30:09,532 - INFO - Processando chamadoId: 11750
2025-05-24 22:30:09,556 - INFO - ChamadoId 11750 processado e salvo no banco de dados.
2025-05-24 22:30:09,568 - INFO - Processando chamadoId: 11748
2025-05-24 22:30:09,590 - INFO - ChamadoId 11748 processado e salvo no banco de dados.
2025-05-24 22:30:09,602 - INFO - Processando chamadoId: 11746
2025-05-24 22:30:09,614 - ERROR - Erro ao enviar lote para Flask: HTTPConnectionPool(host='localhost', port=8081): Max retries exceeded with url: /extrair-keywords (Caused by NewConnectionError('<urllib3.connection.HTTPConnection object at 0x000002327E4ADB20>: Failed to establish a new connection: [WinError 10061] Nenhuma conexão pôde ser feita porque a máquina de destino as recusou ativamente'))
2025-05-24 22:30:09,614 - INFO - Enviando 10 chamados para análise de emoções no Flask.
2025-05-24 22:30:09,628 - INFO - ChamadoId 11746 processado e salvo no banco de dados.
2025-05-24 22:30:09,629 - INFO - Enviando 10 chamados para geracao de keywords
2025-05-24 22:30:10,232 - ERROR - Erro ao enviar lote para Flask: HTTPConnectionPool(host='localhost', port=8081): Max retries exceeded with url: /extrair-keywords (Caused by NewConnectionError('<urllib3.connection.HTTPConnection object at 0x000002334037A2A0>: Failed to establish a new connection: [WinError 10061] Nenhuma conexão pôde ser feita porque a máquina de destino as recusou ativamente'))
2025-05-24 22:30:10,232 - INFO - Enviando 10 chamados para análise de emoções no Flask.
2025-05-24 22:30:10,747 - ERROR - Erro ao enviar lote para Flask: HTTPConnectionPool(host='localhost', port=8081): Max retries exceeded with url: /extrair-keywords (Caused by NewConnectionError('<urllib3.connection.HTTPConnection object at 0x000002327B351970>: Failed to establish a new connection: [WinError 10061] Nenhuma conexão pôde ser feita porque a máquina de destino as recusou ativamente'))
2025-05-24 22:30:10,748 - INFO - Enviando 10 chamados para análise de emoções no Flask.
2025-05-24 22:30:11,094 - ERROR - Erro ao enviar lote para Flask: HTTPConnectionPool(host='localhost', port=8081): Max retries exceeded with url: /extrair-keywords (Caused by NewConnectionError('<urllib3.connection.HTTPConnection object at 0x0000023207792F90>: Failed to establish a new connection: [WinError 10061] Nenhuma conexão pôde ser feita porque a máquina de destino as recusou ativamente'))
2025-05-24 22:30:11,096 - INFO - Enviando 10 chamados para análise de emoções no Flask.
2025-05-24 22:30:11,844 - ERROR - Erro ao enviar lote para Flask: HTTPConnectionPool(host='localhost', port=8081): Max retries exceeded with url: /extrair-keywords (Caused by NewConnectionError('<urllib3.connection.HTTPConnection object at 0x0000023207793F80>: Failed to establish a new connection: [WinError 10061] Nenhuma conexão pôde ser feita porque a máquina de destino as recusou ativamente'))
2025-05-24 22:30:11,845 - INFO - Enviando 10 chamados para análise de emoções no Flask.
2025-05-24 22:30:11,943 - ERROR - Erro ao enviar lote para Flask: HTTPConnectionPool(host='localhost', port=8081): Max retries exceeded with url: /extrair-keywords (Caused by NewConnectionError('<urllib3.connection.HTTPConnection object at 0x00000233046F8170>: Failed to establish a new connection: [WinError 10061] Nenhuma conexão pôde ser feita porque a máquina de destino as recusou ativamente'))
2025-05-24 22:30:11,943 - INFO - Enviando 10 chamados para análise de emoções no Flask.
2025-05-24 22:30:12,544 - ERROR - Erro ao enviar lote para Flask: HTTPConnectionPool(host='localhost', port=8081): Max retries exceeded with url: /extrair-keywords (Caused by NewConnectionError('<urllib3.connection.HTTPConnection object at 0x00000233D6B31FA0>: Failed to establish a new connection: [WinError 10061] Nenhuma conexão pôde ser feita porque a máquina de destino as recusou ativamente'))
2025-05-24 22:30:12,544 - INFO - Enviando 10 chamados para análise de emoções no Flask.
2025-05-24 22:30:12,660 - ERROR - Erro ao enviar lote para Flask: HTTPConnectionPool(host='localhost', port=8081): Max retries exceeded with url: /extrair-keywords (Caused by NewConnectionError('<urllib3.connection.HTTPConnection object at 0x0000023340383D10>: Failed to establish a new connection: [WinError 10061] Nenhuma conexão pôde ser feita porque a máquina de destino as recusou ativamente'))
2025-05-24 22:30:12,662 - INFO - Enviando 10 chamados para análise de emoções no Flask.
2025-05-24 22:30:13,256 - ERROR - Erro ao enviar lote para Flask: HTTPConnectionPool(host='localhost', port=8080): Max retries exceeded with url: /prever (Caused by NewConnectionError('<urllib3.connection.HTTPConnection object at 0x0000023208704EC0>: Failed to establish a new connection: [WinError 10061] Nenhuma conexão pôde ser feita porque a máquina de destino as recusou ativamente'))
2025-05-24 22:30:13,268 - INFO - Processando chamadoId: 11744
2025-05-24 22:30:13,303 - INFO - ChamadoId 11744 processado e salvo no banco de dados.
2025-05-24 22:30:13,313 - INFO - Processando chamadoId: 11742
2025-05-24 22:30:13,339 - INFO - ChamadoId 11742 processado e salvo no banco de dados.
2025-05-24 22:30:13,349 - INFO - Processando chamadoId: 11740
2025-05-24 22:30:13,374 - INFO - ChamadoId 11740 processado e salvo no banco de dados.
2025-05-24 22:30:13,384 - INFO - Processando chamadoId: 11738
2025-05-24 22:30:13,409 - INFO - ChamadoId 11738 processado e salvo no banco de dados.
2025-05-24 22:30:13,420 - INFO - Processando chamadoId: 11736
2025-05-24 22:30:13,447 - INFO - ChamadoId 11736 processado e salvo no banco de dados.
2025-05-24 22:30:13,457 - INFO - Processando chamadoId: 11734
2025-05-24 22:30:13,486 - INFO - ChamadoId 11734 processado e salvo no banco de dados.
2025-05-24 22:30:13,497 - INFO - Processando chamadoId: 11732
2025-05-24 22:30:13,523 - INFO - ChamadoId 11732 processado e salvo no banco de dados.
2025-05-24 22:30:13,535 - INFO - Processando chamadoId: 11730
2025-05-24 22:30:13,558 - INFO - ChamadoId 11730 processado e salvo no banco de dados.
2025-05-24 22:30:13,569 - INFO - Processando chamadoId: 11729
2025-05-24 22:30:13,604 - INFO - ChamadoId 11729 processado e salvo no banco de dados.
2025-05-24 22:30:13,613 - INFO - Processando chamadoId: 11727
2025-05-24 22:30:13,639 - INFO - ChamadoId 11727 processado e salvo no banco de dados.
2025-05-24 22:30:13,640 - INFO - Enviando 10 chamados para geracao de keywords
2025-05-24 22:30:13,692 - ERROR - Erro ao enviar lote para Flask: HTTPConnectionPool(host='localhost', port=8081): Max retries exceeded with url: /extrair-keywords (Caused by NewConnectionError('<urllib3.connection.HTTPConnection object at 0x000002336EE57C50>: Failed to establish a new connection: [WinError 10061] Nenhuma conexão pôde ser feita porque a máquina de destino as recusou ativamente'))
2025-05-24 22:30:13,693 - ERROR - Erro ao enviar lote para Flask: HTTPConnectionPool(host='localhost', port=8080): Max retries exceeded with url: /prever (Caused by NewConnectionError('<urllib3.connection.HTTPConnection object at 0x000002325C107170>: Failed to establish a new connection: [WinError 10061] Nenhuma conexão pôde ser feita porque a máquina de destino as recusou ativamente'))
2025-05-24 22:30:13,694 - INFO - Enviando 10 chamados para análise de emoções no Flask.
2025-05-24 22:30:13,706 - INFO - Processando chamadoId: 11764
2025-05-24 22:30:13,733 - INFO - ChamadoId 11764 processado e salvo no banco de dados.
2025-05-24 22:30:13,746 - INFO - Processando chamadoId: 11762
2025-05-24 22:30:13,769 - INFO - ChamadoId 11762 processado e salvo no banco de dados.
2025-05-24 22:30:13,778 - INFO - Processando chamadoId: 11760
2025-05-24 22:30:13,803 - INFO - ChamadoId 11760 processado e salvo no banco de dados.
2025-05-24 22:30:13,814 - INFO - Processando chamadoId: 11758
2025-05-24 22:30:13,835 - INFO - ChamadoId 11758 processado e salvo no banco de dados.
2025-05-24 22:30:13,846 - INFO - Processando chamadoId: 11756
2025-05-24 22:30:13,866 - INFO - ChamadoId 11756 processado e salvo no banco de dados.
2025-05-24 22:30:13,878 - INFO - Processando chamadoId: 11754
2025-05-24 22:30:13,901 - INFO - ChamadoId 11754 processado e salvo no banco de dados.
2025-05-24 22:30:13,911 - INFO - Processando chamadoId: 11752
2025-05-24 22:30:13,936 - INFO - ChamadoId 11752 processado e salvo no banco de dados.
2025-05-24 22:30:13,947 - INFO - Processando chamadoId: 11750
2025-05-24 22:30:13,971 - INFO - ChamadoId 11750 processado e salvo no banco de dados.
2025-05-24 22:30:13,983 - INFO - Processando chamadoId: 11748
2025-05-24 22:30:14,009 - INFO - ChamadoId 11748 processado e salvo no banco de dados.
2025-05-24 22:30:14,020 - INFO - Processando chamadoId: 11746
2025-05-24 22:30:14,049 - INFO - ChamadoId 11746 processado e salvo no banco de dados.
2025-05-24 22:30:14,049 - INFO - Enviando 10 chamados para geracao de keywords
2025-05-24 22:30:14,322 - ERROR - Erro ao enviar lote para Flask: HTTPConnectionPool(host='localhost', port=8080): Max retries exceeded with url: /prever (Caused by NewConnectionError('<urllib3.connection.HTTPConnection object at 0x00000232077E1F40>: Failed to establish a new connection: [WinError 10061] Nenhuma conexão pôde ser feita porque a máquina de destino as recusou ativamente'))
2025-05-24 22:30:14,335 - INFO - Processando chamadoId: 11764
2025-05-24 22:30:14,362 - INFO - ChamadoId 11764 processado e salvo no banco de dados.
2025-05-24 22:30:14,373 - INFO - Processando chamadoId: 11762
2025-05-24 22:30:14,398 - INFO - ChamadoId 11762 processado e salvo no banco de dados.
2025-05-24 22:30:14,410 - INFO - Processando chamadoId: 11760
2025-05-24 22:30:14,434 - INFO - ChamadoId 11760 processado e salvo no banco de dados.
2025-05-24 22:30:14,446 - INFO - Processando chamadoId: 11758
2025-05-24 22:30:14,468 - INFO - ChamadoId 11758 processado e salvo no banco de dados.
2025-05-24 22:30:14,479 - INFO - Processando chamadoId: 11756
2025-05-24 22:30:14,501 - INFO - ChamadoId 11756 processado e salvo no banco de dados.
2025-05-24 22:30:14,513 - INFO - Processando chamadoId: 11754
2025-05-24 22:30:14,537 - INFO - ChamadoId 11754 processado e salvo no banco de dados.
2025-05-24 22:30:14,547 - INFO - Processando chamadoId: 11752
2025-05-24 22:30:14,569 - INFO - ChamadoId 11752 processado e salvo no banco de dados.
2025-05-24 22:30:14,580 - INFO - Processando chamadoId: 11750
2025-05-24 22:30:14,603 - INFO - ChamadoId 11750 processado e salvo no banco de dados.
2025-05-24 22:30:14,615 - INFO - Processando chamadoId: 11748
2025-05-24 22:30:14,637 - INFO - ChamadoId 11748 processado e salvo no banco de dados.
2025-05-24 22:30:14,647 - INFO - Processando chamadoId: 11746
2025-05-24 22:30:14,672 - INFO - ChamadoId 11746 processado e salvo no banco de dados.
2025-05-24 22:30:14,673 - INFO - Enviando 10 chamados para geracao de keywords
2025-05-24 22:30:14,840 - ERROR - Erro ao enviar lote para Flask: HTTPConnectionPool(host='localhost', port=8080): Max retries exceeded with url: /prever (Caused by NewConnectionError('<urllib3.connection.HTTPConnection object at 0x00000232077E35F0>: Failed to establish a new connection: [WinError 10061] Nenhuma conexão pôde ser feita porque a máquina de destino as recusou ativamente'))
2025-05-24 22:30:14,854 - INFO - Processando chamadoId: 11744
2025-05-24 22:30:14,885 - INFO - ChamadoId 11744 processado e salvo no banco de dados.
2025-05-24 22:30:14,899 - INFO - Processando chamadoId: 11742
2025-05-24 22:30:14,924 - INFO - ChamadoId 11742 processado e salvo no banco de dados.
2025-05-24 22:30:14,939 - INFO - Processando chamadoId: 11740
2025-05-24 22:30:14,964 - INFO - ChamadoId 11740 processado e salvo no banco de dados.
2025-05-24 22:30:14,975 - INFO - Processando chamadoId: 11738
2025-05-24 22:30:15,002 - INFO - ChamadoId 11738 processado e salvo no banco de dados.
2025-05-24 22:30:15,013 - INFO - Processando chamadoId: 11736
2025-05-24 22:30:15,035 - INFO - ChamadoId 11736 processado e salvo no banco de dados.
2025-05-24 22:30:15,047 - INFO - Processando chamadoId: 11734
2025-05-24 22:30:15,073 - INFO - ChamadoId 11734 processado e salvo no banco de dados.
2025-05-24 22:30:15,084 - INFO - Processando chamadoId: 11732
2025-05-24 22:30:15,107 - INFO - ChamadoId 11732 processado e salvo no banco de dados.
2025-05-24 22:30:15,118 - INFO - Processando chamadoId: 11730
2025-05-24 22:30:15,140 - INFO - ChamadoId 11730 processado e salvo no banco de dados.
2025-05-24 22:30:15,152 - INFO - Processando chamadoId: 11729
2025-05-24 22:30:15,176 - INFO - ChamadoId 11729 processado e salvo no banco de dados.
2025-05-24 22:30:15,183 - ERROR - Erro ao enviar lote para Flask: HTTPConnectionPool(host='localhost', port=8080): Max retries exceeded with url: /prever (Caused by NewConnectionError('<urllib3.connection.HTTPConnection object at 0x00000232077E11C0>: Failed to establish a new connection: [WinError 10061] Nenhuma conexão pôde ser feita porque a máquina de destino as recusou ativamente'))
2025-05-24 22:30:15,187 - INFO - Processando chamadoId: 11727
2025-05-24 22:30:15,196 - INFO - Processando chamadoId: 11764
2025-05-24 22:30:15,216 - INFO - ChamadoId 11727 processado e salvo no banco de dados.
2025-05-24 22:30:15,216 - INFO - Enviando 10 chamados para geracao de keywords
2025-05-24 22:30:15,226 - INFO - ChamadoId 11764 processado e salvo no banco de dados.
2025-05-24 22:30:15,241 - INFO - Processando chamadoId: 11762
2025-05-24 22:30:15,266 - INFO - ChamadoId 11762 processado e salvo no banco de dados.
2025-05-24 22:30:15,279 - INFO - Processando chamadoId: 11760
2025-05-24 22:30:15,303 - INFO - ChamadoId 11760 processado e salvo no banco de dados.
2025-05-24 22:30:15,316 - INFO - Processando chamadoId: 11758
2025-05-24 22:30:15,340 - INFO - ChamadoId 11758 processado e salvo no banco de dados.
2025-05-24 22:30:15,354 - INFO - Processando chamadoId: 11756
2025-05-24 22:30:15,378 - INFO - ChamadoId 11756 processado e salvo no banco de dados.
2025-05-24 22:30:15,389 - INFO - Processando chamadoId: 11754
2025-05-24 22:30:15,416 - INFO - ChamadoId 11754 processado e salvo no banco de dados.
2025-05-24 22:30:15,429 - INFO - Processando chamadoId: 11752
2025-05-24 22:30:15,458 - INFO - ChamadoId 11752 processado e salvo no banco de dados.
2025-05-24 22:30:15,471 - INFO - Processando chamadoId: 11750
2025-05-24 22:30:15,497 - INFO - ChamadoId 11750 processado e salvo no banco de dados.
2025-05-24 22:30:15,510 - INFO - Processando chamadoId: 11748
2025-05-24 22:30:15,533 - INFO - ChamadoId 11748 processado e salvo no banco de dados.
2025-05-24 22:30:15,546 - INFO - Processando chamadoId: 11746
2025-05-24 22:30:15,570 - INFO - ChamadoId 11746 processado e salvo no banco de dados.
2025-05-24 22:30:15,570 - INFO - Enviando 10 chamados para geracao de keywords
2025-05-24 22:30:15,919 - ERROR - Erro ao enviar lote para Flask: HTTPConnectionPool(host='localhost', port=8080): Max retries exceeded with url: /prever (Caused by NewConnectionError('<urllib3.connection.HTTPConnection object at 0x00000232077E2E70>: Failed to establish a new connection: [WinError 10061] Nenhuma conexão pôde ser feita porque a máquina de destino as recusou ativamente'))
2025-05-24 22:30:15,936 - INFO - Processando chamadoId: 11744
2025-05-24 22:30:15,966 - INFO - ChamadoId 11744 processado e salvo no banco de dados.
2025-05-24 22:30:15,978 - INFO - Processando chamadoId: 11742
2025-05-24 22:30:16,002 - INFO - ChamadoId 11742 processado e salvo no banco de dados.
2025-05-24 22:30:16,005 - ERROR - Erro ao enviar lote para Flask: HTTPConnectionPool(host='localhost', port=8080): Max retries exceeded with url: /prever (Caused by NewConnectionError('<urllib3.connection.HTTPConnection object at 0x000002320F802BA0>: Failed to establish a new connection: [WinError 10061] Nenhuma conexão pôde ser feita porque a máquina de destino as recusou ativamente'))
2025-05-24 22:30:16,015 - INFO - Processando chamadoId: 11740
2025-05-24 22:30:16,018 - INFO - Processando chamadoId: 11764
2025-05-24 22:30:16,056 - INFO - ChamadoId 11740 processado e salvo no banco de dados.
2025-05-24 22:30:16,058 - INFO - ChamadoId 11764 processado e salvo no banco de dados.
2025-05-24 22:30:16,069 - INFO - Processando chamadoId: 11738
2025-05-24 22:30:16,071 - INFO - Processando chamadoId: 11762
2025-05-24 22:30:16,101 - INFO - ChamadoId 11738 processado e salvo no banco de dados.
2025-05-24 22:30:16,104 - INFO - ChamadoId 11762 processado e salvo no banco de dados.
2025-05-24 22:30:16,115 - INFO - Processando chamadoId: 11736
2025-05-24 22:30:16,117 - INFO - Processando chamadoId: 11760
2025-05-24 22:30:16,147 - INFO - ChamadoId 11736 processado e salvo no banco de dados.
2025-05-24 22:30:16,150 - INFO - ChamadoId 11760 processado e salvo no banco de dados.
2025-05-24 22:30:16,160 - INFO - Processando chamadoId: 11734
2025-05-24 22:30:16,162 - INFO - Processando chamadoId: 11758
2025-05-24 22:30:16,195 - INFO - ChamadoId 11758 processado e salvo no banco de dados.
2025-05-24 22:30:16,195 - INFO - ChamadoId 11734 processado e salvo no banco de dados.
2025-05-24 22:30:16,208 - INFO - Processando chamadoId: 11732
2025-05-24 22:30:16,208 - INFO - Processando chamadoId: 11756
2025-05-24 22:30:16,245 - INFO - ChamadoId 11732 processado e salvo no banco de dados.
2025-05-24 22:30:16,246 - INFO - ChamadoId 11756 processado e salvo no banco de dados.
2025-05-24 22:30:16,257 - INFO - Processando chamadoId: 11730
2025-05-24 22:30:16,260 - INFO - Processando chamadoId: 11754
2025-05-24 22:30:16,285 - INFO - ChamadoId 11730 processado e salvo no banco de dados.
2025-05-24 22:30:16,296 - INFO - Processando chamadoId: 11729
2025-05-24 22:30:16,298 - INFO - ChamadoId 11754 processado e salvo no banco de dados.
2025-05-24 22:30:16,311 - INFO - Processando chamadoId: 11752
2025-05-24 22:30:16,319 - INFO - ChamadoId 11729 processado e salvo no banco de dados.
2025-05-24 22:30:16,333 - INFO - Processando chamadoId: 11727
2025-05-24 22:30:16,338 - INFO - ChamadoId 11752 processado e salvo no banco de dados.
2025-05-24 22:30:16,351 - INFO - Processando chamadoId: 11750
2025-05-24 22:30:16,357 - INFO - ChamadoId 11727 processado e salvo no banco de dados.
2025-05-24 22:30:16,357 - INFO - Enviando 10 chamados para geracao de keywords
2025-05-24 22:30:16,379 - INFO - ChamadoId 11750 processado e salvo no banco de dados.
2025-05-24 22:30:16,393 - INFO - Processando chamadoId: 11748
2025-05-24 22:30:16,417 - INFO - ChamadoId 11748 processado e salvo no banco de dados.
2025-05-24 22:30:16,431 - INFO - Processando chamadoId: 11746
2025-05-24 22:30:16,456 - INFO - ChamadoId 11746 processado e salvo no banco de dados.
2025-05-24 22:30:16,457 - INFO - Enviando 10 chamados para geracao de keywords
2025-05-24 22:30:16,622 - ERROR - Erro ao enviar lote para Flask: HTTPConnectionPool(host='localhost', port=8080): Max retries exceeded with url: /prever (Caused by NewConnectionError('<urllib3.connection.HTTPConnection object at 0x000002336EE54530>: Failed to establish a new connection: [WinError 10061] Nenhuma conexão pôde ser feita porque a máquina de destino as recusou ativamente'))
2025-05-24 22:30:16,635 - INFO - Processando chamadoId: 11744
2025-05-24 22:30:16,664 - INFO - ChamadoId 11744 processado e salvo no banco de dados.
2025-05-24 22:30:16,676 - INFO - Processando chamadoId: 11742
2025-05-24 22:30:16,698 - INFO - ChamadoId 11742 processado e salvo no banco de dados.
2025-05-24 22:30:16,709 - INFO - Processando chamadoId: 11740
2025-05-24 22:30:16,731 - INFO - ChamadoId 11740 processado e salvo no banco de dados.
2025-05-24 22:30:16,743 - INFO - Processando chamadoId: 11738
2025-05-24 22:30:16,756 - ERROR - Erro ao enviar lote para Flask: HTTPConnectionPool(host='localhost', port=8080): Max retries exceeded with url: /prever (Caused by NewConnectionError('<urllib3.connection.HTTPConnection object at 0x0000023310C7F440>: Failed to establish a new connection: [WinError 10061] Nenhuma conexão pôde ser feita porque a máquina de destino as recusou ativamente'))
2025-05-24 22:30:16,765 - INFO - Processando chamadoId: 11744
2025-05-24 22:30:16,766 - INFO - ChamadoId 11738 processado e salvo no banco de dados.
2025-05-24 22:30:16,778 - INFO - Processando chamadoId: 11736
2025-05-24 22:30:16,789 - INFO - ChamadoId 11744 processado e salvo no banco de dados.
2025-05-24 22:30:16,807 - INFO - ChamadoId 11736 processado e salvo no banco de dados.
2025-05-24 22:30:16,826 - INFO - Processando chamadoId: 11734
2025-05-24 22:30:16,826 - INFO - Processando chamadoId: 11742
2025-05-24 22:30:16,856 - INFO - ChamadoId 11734 processado e salvo no banco de dados.
2025-05-24 22:30:16,857 - INFO - ChamadoId 11742 processado e salvo no banco de dados.
2025-05-24 22:30:16,866 - INFO - Processando chamadoId: 11732
2025-05-24 22:30:16,867 - INFO - Processando chamadoId: 11740
2025-05-24 22:30:16,898 - INFO - ChamadoId 11732 processado e salvo no banco de dados.
2025-05-24 22:30:16,898 - INFO - ChamadoId 11740 processado e salvo no banco de dados.
2025-05-24 22:30:16,909 - INFO - Processando chamadoId: 11730
2025-05-24 22:30:16,909 - INFO - Processando chamadoId: 11738
2025-05-24 22:30:16,937 - INFO - ChamadoId 11730 processado e salvo no banco de dados.
2025-05-24 22:30:16,939 - INFO - ChamadoId 11738 processado e salvo no banco de dados.
2025-05-24 22:30:16,948 - INFO - Processando chamadoId: 11729
2025-05-24 22:30:16,949 - INFO - Processando chamadoId: 11736
2025-05-24 22:30:16,979 - INFO - ChamadoId 11736 processado e salvo no banco de dados.
2025-05-24 22:30:16,980 - INFO - ChamadoId 11729 processado e salvo no banco de dados.
2025-05-24 22:30:16,988 - INFO - Processando chamadoId: 11734
2025-05-24 22:30:16,990 - INFO - Processando chamadoId: 11727
2025-05-24 22:30:17,023 - INFO - ChamadoId 11727 processado e salvo no banco de dados.
2025-05-24 22:30:17,023 - INFO - Enviando 10 chamados para geracao de keywords
2025-05-24 22:30:17,025 - INFO - ChamadoId 11734 processado e salvo no banco de dados.
2025-05-24 22:30:17,036 - INFO - Processando chamadoId: 11732
2025-05-24 22:30:17,058 - INFO - ChamadoId 11732 processado e salvo no banco de dados.
2025-05-24 22:30:17,069 - INFO - Processando chamadoId: 11730
2025-05-24 22:30:17,090 - INFO - ChamadoId 11730 processado e salvo no banco de dados.
2025-05-24 22:30:17,100 - INFO - Processando chamadoId: 11729
2025-05-24 22:30:17,134 - INFO - ChamadoId 11729 processado e salvo no banco de dados.
2025-05-24 22:30:17,144 - INFO - Processando chamadoId: 11727
2025-05-24 22:30:17,175 - INFO - ChamadoId 11727 processado e salvo no banco de dados.
2025-05-24 22:30:17,175 - INFO - Enviando 10 chamados para geracao de keywords
2025-05-24 22:30:17,749 - ERROR - Erro ao enviar lote para Flask: HTTPConnectionPool(host='localhost', port=8081): Max retries exceeded with url: /extrair-keywords (Caused by NewConnectionError('<urllib3.connection.HTTPConnection object at 0x0000023255558530>: Failed to establish a new connection: [WinError 10061] Nenhuma conexão pôde ser feita porque a máquina de destino as recusou ativamente'))
2025-05-24 22:30:17,751 - INFO - Enviando 10 chamados para análise de emoções no Flask.
2025-05-24 22:30:17,788 - ERROR - Erro ao enviar lote para Flask: HTTPConnectionPool(host='localhost', port=8080): Max retries exceeded with url: /prever (Caused by NewConnectionError('<urllib3.connection.HTTPConnection object at 0x0000023207792FF0>: Failed to establish a new connection: [WinError 10061] Nenhuma conexão pôde ser feita porque a máquina de destino as recusou ativamente'))
2025-05-24 22:30:17,801 - INFO - Processando chamadoId: 11744
2025-05-24 22:30:17,827 - INFO - ChamadoId 11744 processado e salvo no banco de dados.
2025-05-24 22:30:17,839 - INFO - Processando chamadoId: 11742
2025-05-24 22:30:17,863 - INFO - ChamadoId 11742 processado e salvo no banco de dados.
2025-05-24 22:30:17,875 - INFO - Processando chamadoId: 11740
2025-05-24 22:30:17,921 - INFO - ChamadoId 11740 processado e salvo no banco de dados.
2025-05-24 22:30:17,942 - INFO - Processando chamadoId: 11738
2025-05-24 22:30:17,964 - INFO - ChamadoId 11738 processado e salvo no banco de dados.
2025-05-24 22:30:17,975 - INFO - Processando chamadoId: 11736
2025-05-24 22:30:17,998 - INFO - ChamadoId 11736 processado e salvo no banco de dados.
2025-05-24 22:30:18,009 - INFO - Processando chamadoId: 11734
2025-05-24 22:30:18,031 - INFO - ChamadoId 11734 processado e salvo no banco de dados.
2025-05-24 22:30:18,043 - INFO - Processando chamadoId: 11732
2025-05-24 22:30:18,065 - INFO - ChamadoId 11732 processado e salvo no banco de dados.
2025-05-24 22:30:18,077 - INFO - Processando chamadoId: 11730
2025-05-24 22:30:18,096 - INFO - ChamadoId 11730 processado e salvo no banco de dados.
2025-05-24 22:30:18,108 - INFO - Processando chamadoId: 11729
2025-05-24 22:30:18,130 - INFO - ChamadoId 11729 processado e salvo no banco de dados.
2025-05-24 22:30:18,136 - ERROR - Erro ao enviar lote para Flask: HTTPConnectionPool(host='localhost', port=8081): Max retries exceeded with url: /extrair-keywords (Caused by NewConnectionError('<urllib3.connection.HTTPConnection object at 0x000002327F81D250>: Failed to establish a new connection: [WinError 10061] Nenhuma conexão pôde ser feita porque a máquina de destino as recusou ativamente'))
2025-05-24 22:30:18,136 - INFO - Enviando 10 chamados para análise de emoções no Flask.
2025-05-24 22:30:18,144 - INFO - Processando chamadoId: 11727
2025-05-24 22:30:18,169 - INFO - ChamadoId 11727 processado e salvo no banco de dados.
2025-05-24 22:30:18,169 - INFO - Enviando 10 chamados para geracao de keywords
2025-05-24 22:30:18,766 - ERROR - Erro ao enviar lote para Flask: HTTPConnectionPool(host='localhost', port=8081): Max retries exceeded with url: /extrair-keywords (Caused by NewConnectionError('<urllib3.connection.HTTPConnection object at 0x000002327E4AF710>: Failed to establish a new connection: [WinError 10061] Nenhuma conexão pôde ser feita porque a máquina de destino as recusou ativamente'))
2025-05-24 22:30:18,768 - INFO - Enviando 10 chamados para análise de emoções no Flask.
2025-05-24 22:30:19,300 - ERROR - Erro ao enviar lote para Flask: HTTPConnectionPool(host='localhost', port=8081): Max retries exceeded with url: /extrair-keywords (Caused by NewConnectionError('<urllib3.connection.HTTPConnection object at 0x0000023207792930>: Failed to establish a new connection: [WinError 10061] Nenhuma conexão pôde ser feita porque a máquina de destino as recusou ativamente'))
2025-05-24 22:30:19,300 - INFO - Enviando 10 chamados para análise de emoções no Flask.
2025-05-24 22:30:19,646 - ERROR - Erro ao enviar lote para Flask: HTTPConnectionPool(host='localhost', port=8081): Max retries exceeded with url: /extrair-keywords (Caused by NewConnectionError('<urllib3.connection.HTTPConnection object at 0x00000233D6B32300>: Failed to establish a new connection: [WinError 10061] Nenhuma conexão pôde ser feita porque a máquina de destino as recusou ativamente'))
2025-05-24 22:30:19,647 - INFO - Enviando 10 chamados para análise de emoções no Flask.
2025-05-24 22:30:20,411 - ERROR - Erro ao enviar lote para Flask: HTTPConnectionPool(host='localhost', port=8081): Max retries exceeded with url: /extrair-keywords (Caused by NewConnectionError('<urllib3.connection.HTTPConnection object at 0x00000232077E28A0>: Failed to establish a new connection: [WinError 10061] Nenhuma conexão pôde ser feita porque a máquina de destino as recusou ativamente'))
2025-05-24 22:30:20,412 - INFO - Enviando 10 chamados para análise de emoções no Flask.
2025-05-24 22:30:20,503 - ERROR - Erro ao enviar lote para Flask: HTTPConnectionPool(host='localhost', port=8081): Max retries exceeded with url: /extrair-keywords (Caused by NewConnectionError('<urllib3.connection.HTTPConnection object at 0x000002327C9543E0>: Failed to establish a new connection: [WinError 10061] Nenhuma conexão pôde ser feita porque a máquina de destino as recusou ativamente'))
2025-05-24 22:30:20,504 - INFO - Enviando 10 chamados para análise de emoções no Flask.
2025-05-24 22:30:21,086 - ERROR - Erro ao enviar lote para Flask: HTTPConnectionPool(host='localhost', port=8081): Max retries exceeded with url: /extrair-keywords (Caused by NewConnectionError('<urllib3.connection.HTTPConnection object at 0x00000232555856A0>: Failed to establish a new connection: [WinError 10061] Nenhuma conexão pôde ser feita porque a máquina de destino as recusou ativamente'))
2025-05-24 22:30:21,091 - INFO - Enviando 10 chamados para análise de emoções no Flask.
2025-05-24 22:30:21,248 - ERROR - Erro ao enviar lote para Flask: HTTPConnectionPool(host='localhost', port=8081): Max retries exceeded with url: /extrair-keywords (Caused by NewConnectionError('<urllib3.connection.HTTPConnection object at 0x0000023254F72DB0>: Failed to establish a new connection: [WinError 10061] Nenhuma conexão pôde ser feita porque a máquina de destino as recusou ativamente'))
2025-05-24 22:30:21,250 - INFO - Enviando 10 chamados para análise de emoções no Flask.
2025-05-24 22:30:21,841 - ERROR - Erro ao enviar lote para Flask: HTTPConnectionPool(host='localhost', port=8080): Max retries exceeded with url: /prever (Caused by NewConnectionError('<urllib3.connection.HTTPConnection object at 0x000002327E4AF470>: Failed to establish a new connection: [WinError 10061] Nenhuma conexão pôde ser feita porque a máquina de destino as recusou ativamente'))
2025-05-24 22:30:21,854 - INFO - Processando chamadoId: 11725
2025-05-24 22:30:21,891 - INFO - ChamadoId 11725 processado e salvo no banco de dados.
2025-05-24 22:30:21,900 - INFO - Processando chamadoId: 11723
2025-05-24 22:30:21,923 - INFO - ChamadoId 11723 processado e salvo no banco de dados.
2025-05-24 22:30:21,935 - INFO - Processando chamadoId: 11722
2025-05-24 22:30:21,964 - INFO - ChamadoId 11722 processado e salvo no banco de dados.
2025-05-24 22:30:21,976 - INFO - Processando chamadoId: 11720
2025-05-24 22:30:22,007 - INFO - ChamadoId 11720 processado e salvo no banco de dados.
2025-05-24 22:30:22,017 - INFO - Processando chamadoId: 11718
2025-05-24 22:30:22,044 - INFO - ChamadoId 11718 processado e salvo no banco de dados.
2025-05-24 22:30:22,055 - INFO - Processando chamadoId: 11716
2025-05-24 22:30:22,083 - INFO - ChamadoId 11716 processado e salvo no banco de dados.
2025-05-24 22:30:22,095 - INFO - Processando chamadoId: 11714
2025-05-24 22:30:22,123 - INFO - ChamadoId 11714 processado e salvo no banco de dados.
2025-05-24 22:30:22,134 - INFO - Processando chamadoId: 11712
2025-05-24 22:30:22,159 - INFO - ChamadoId 11712 processado e salvo no banco de dados.
2025-05-24 22:30:22,169 - INFO - Processando chamadoId: 11710
2025-05-24 22:30:22,172 - ERROR - Erro ao enviar lote para Flask: HTTPConnectionPool(host='localhost', port=8080): Max retries exceeded with url: /prever (Caused by NewConnectionError('<urllib3.connection.HTTPConnection object at 0x0000023207732840>: Failed to establish a new connection: [WinError 10061] Nenhuma conexão pôde ser feita porque a máquina de destino as recusou ativamente'))
2025-05-24 22:30:22,182 - INFO - Processando chamadoId: 11744
2025-05-24 22:30:22,211 - INFO - ChamadoId 11744 processado e salvo no banco de dados.
2025-05-24 22:30:22,211 - INFO - ChamadoId 11710 processado e salvo no banco de dados.
2025-05-24 22:30:22,221 - INFO - Processando chamadoId: 11742
2025-05-24 22:30:22,221 - INFO - Processando chamadoId: 11708
2025-05-24 22:30:22,234 - ERROR - Erro ao enviar lote para Flask: HTTPConnectionPool(host='localhost', port=8081): Max retries exceeded with url: /extrair-keywords (Caused by NewConnectionError('<urllib3.connection.HTTPConnection object at 0x000002330B64AC30>: Failed to establish a new connection: [WinError 10061] Nenhuma conexão pôde ser feita porque a máquina de destino as recusou ativamente'))
2025-05-24 22:30:22,235 - INFO - Enviando 10 chamados para análise de emoções no Flask.
2025-05-24 22:30:22,255 - INFO - ChamadoId 11742 processado e salvo no banco de dados.
2025-05-24 22:30:22,255 - INFO - ChamadoId 11708 processado e salvo no banco de dados.
2025-05-24 22:30:22,256 - INFO - Enviando 10 chamados para geracao de keywords
2025-05-24 22:30:22,265 - INFO - Processando chamadoId: 11740
2025-05-24 22:30:22,288 - INFO - ChamadoId 11740 processado e salvo no banco de dados.
2025-05-24 22:30:22,299 - INFO - Processando chamadoId: 11738
2025-05-24 22:30:22,321 - INFO - ChamadoId 11738 processado e salvo no banco de dados.
2025-05-24 22:30:22,333 - INFO - Processando chamadoId: 11736
2025-05-24 22:30:22,355 - INFO - ChamadoId 11736 processado e salvo no banco de dados.
2025-05-24 22:30:22,366 - INFO - Processando chamadoId: 11734
2025-05-24 22:30:22,390 - INFO - ChamadoId 11734 processado e salvo no banco de dados.
2025-05-24 22:30:22,400 - INFO - Processando chamadoId: 11732
2025-05-24 22:30:22,424 - INFO - ChamadoId 11732 processado e salvo no banco de dados.
2025-05-24 22:30:22,436 - INFO - Processando chamadoId: 11730
2025-05-24 22:30:22,458 - INFO - ChamadoId 11730 processado e salvo no banco de dados.
2025-05-24 22:30:22,469 - INFO - Processando chamadoId: 11729
2025-05-24 22:30:22,492 - INFO - ChamadoId 11729 processado e salvo no banco de dados.
2025-05-24 22:30:22,503 - INFO - Processando chamadoId: 11727
2025-05-24 22:30:22,527 - INFO - ChamadoId 11727 processado e salvo no banco de dados.
2025-05-24 22:30:22,527 - INFO - Enviando 10 chamados para geracao de keywords
2025-05-24 22:30:22,857 - ERROR - Erro ao enviar lote para Flask: HTTPConnectionPool(host='localhost', port=8080): Max retries exceeded with url: /prever (Caused by NewConnectionError('<urllib3.connection.HTTPConnection object at 0x00000232077E2780>: Failed to establish a new connection: [WinError 10061] Nenhuma conexão pôde ser feita porque a máquina de destino as recusou ativamente'))
2025-05-24 22:30:22,870 - INFO - Processando chamadoId: 11744
2025-05-24 22:30:22,899 - INFO - ChamadoId 11744 processado e salvo no banco de dados.
2025-05-24 22:30:22,910 - INFO - Processando chamadoId: 11742
2025-05-24 22:30:22,933 - INFO - ChamadoId 11742 processado e salvo no banco de dados.
2025-05-24 22:30:22,944 - INFO - Processando chamadoId: 11740
2025-05-24 22:30:22,967 - INFO - ChamadoId 11740 processado e salvo no banco de dados.
2025-05-24 22:30:22,978 - INFO - Processando chamadoId: 11738
2025-05-24 22:30:23,000 - INFO - ChamadoId 11738 processado e salvo no banco de dados.
2025-05-24 22:30:23,012 - INFO - Processando chamadoId: 11736
2025-05-24 22:30:23,034 - INFO - ChamadoId 11736 processado e salvo no banco de dados.
2025-05-24 22:30:23,045 - INFO - Processando chamadoId: 11734
2025-05-24 22:30:23,067 - INFO - ChamadoId 11734 processado e salvo no banco de dados.
2025-05-24 22:30:23,079 - INFO - Processando chamadoId: 11732
2025-05-24 22:30:23,102 - INFO - ChamadoId 11732 processado e salvo no banco de dados.
2025-05-24 22:30:23,112 - INFO - Processando chamadoId: 11730
2025-05-24 22:30:23,131 - INFO - ChamadoId 11730 processado e salvo no banco de dados.
2025-05-24 22:30:23,142 - INFO - Processando chamadoId: 11729
2025-05-24 22:30:23,164 - INFO - ChamadoId 11729 processado e salvo no banco de dados.
2025-05-24 22:30:23,176 - INFO - Processando chamadoId: 11727
2025-05-24 22:30:23,197 - INFO - ChamadoId 11727 processado e salvo no banco de dados.
2025-05-24 22:30:23,197 - INFO - Enviando 10 chamados para geracao de keywords
2025-05-24 22:30:23,365 - ERROR - Erro ao enviar lote para Flask: HTTPConnectionPool(host='localhost', port=8080): Max retries exceeded with url: /prever (Caused by NewConnectionError('<urllib3.connection.HTTPConnection object at 0x000002336EE55D90>: Failed to establish a new connection: [WinError 10061] Nenhuma conexão pôde ser feita porque a máquina de destino as recusou ativamente'))
2025-05-24 22:30:23,378 - INFO - Processando chamadoId: 11725
2025-05-24 22:30:23,406 - INFO - ChamadoId 11725 processado e salvo no banco de dados.
2025-05-24 22:30:23,418 - INFO - Processando chamadoId: 11723
2025-05-24 22:30:23,438 - INFO - ChamadoId 11723 processado e salvo no banco de dados.
2025-05-24 22:30:23,450 - INFO - Processando chamadoId: 11722
2025-05-24 22:30:23,475 - INFO - ChamadoId 11722 processado e salvo no banco de dados.
2025-05-24 22:30:23,486 - INFO - Processando chamadoId: 11720
2025-05-24 22:30:23,510 - INFO - ChamadoId 11720 processado e salvo no banco de dados.
2025-05-24 22:30:23,524 - INFO - Processando chamadoId: 11718
2025-05-24 22:30:23,548 - INFO - ChamadoId 11718 processado e salvo no banco de dados.
2025-05-24 22:30:23,562 - INFO - Processando chamadoId: 11716
2025-05-24 22:30:23,598 - INFO - ChamadoId 11716 processado e salvo no banco de dados.
2025-05-24 22:30:23,610 - INFO - Processando chamadoId: 11714
2025-05-24 22:30:23,635 - INFO - ChamadoId 11714 processado e salvo no banco de dados.
2025-05-24 22:30:23,646 - INFO - Processando chamadoId: 11712
2025-05-24 22:30:23,671 - INFO - ChamadoId 11712 processado e salvo no banco de dados.
2025-05-24 22:30:23,682 - INFO - Processando chamadoId: 11710
2025-05-24 22:30:23,708 - INFO - ChamadoId 11710 processado e salvo no banco de dados.
2025-05-24 22:30:23,720 - INFO - Processando chamadoId: 11708
2025-05-24 22:30:23,738 - INFO - ChamadoId 11708 processado e salvo no banco de dados.
2025-05-24 22:30:23,738 - INFO - Enviando 10 chamados para geracao de keywords
2025-05-24 22:30:23,748 - ERROR - Erro ao enviar lote para Flask: HTTPConnectionPool(host='localhost', port=8080): Max retries exceeded with url: /prever (Caused by NewConnectionError('<urllib3.connection.HTTPConnection object at 0x00000232077928A0>: Failed to establish a new connection: [WinError 10061] Nenhuma conexão pôde ser feita porque a máquina de destino as recusou ativamente'))
2025-05-24 22:30:23,759 - INFO - Processando chamadoId: 11744
2025-05-24 22:30:23,787 - INFO - ChamadoId 11744 processado e salvo no banco de dados.
2025-05-24 22:30:23,799 - INFO - Processando chamadoId: 11742
2025-05-24 22:30:23,824 - INFO - ChamadoId 11742 processado e salvo no banco de dados.
2025-05-24 22:30:23,837 - INFO - Processando chamadoId: 11740
2025-05-24 22:30:23,861 - INFO - ChamadoId 11740 processado e salvo no banco de dados.
2025-05-24 22:30:23,872 - INFO - Processando chamadoId: 11738
2025-05-24 22:30:23,895 - INFO - ChamadoId 11738 processado e salvo no banco de dados.
2025-05-24 22:30:23,907 - INFO - Processando chamadoId: 11736
2025-05-24 22:30:23,928 - INFO - ChamadoId 11736 processado e salvo no banco de dados.
2025-05-24 22:30:23,939 - INFO - Processando chamadoId: 11734
2025-05-24 22:30:23,966 - INFO - ChamadoId 11734 processado e salvo no banco de dados.
2025-05-24 22:30:23,977 - INFO - Processando chamadoId: 11732
2025-05-24 22:30:24,002 - INFO - ChamadoId 11732 processado e salvo no banco de dados.
2025-05-24 22:30:24,015 - INFO - Processando chamadoId: 11730
2025-05-24 22:30:24,037 - INFO - ChamadoId 11730 processado e salvo no banco de dados.
2025-05-24 22:30:24,048 - INFO - Processando chamadoId: 11729
2025-05-24 22:30:24,073 - INFO - ChamadoId 11729 processado e salvo no banco de dados.
2025-05-24 22:30:24,084 - INFO - Processando chamadoId: 11727
2025-05-24 22:30:24,108 - INFO - ChamadoId 11727 processado e salvo no banco de dados.
2025-05-24 22:30:24,109 - INFO - Enviando 10 chamados para geracao de keywords
2025-05-24 22:30:24,473 - ERROR - Erro ao enviar lote para Flask: HTTPConnectionPool(host='localhost', port=8080): Max retries exceeded with url: /prever (Caused by NewConnectionError('<urllib3.connection.HTTPConnection object at 0x000002336EC53200>: Failed to establish a new connection: [WinError 10061] Nenhuma conexão pôde ser feita porque a máquina de destino as recusou ativamente'))
2025-05-24 22:30:24,487 - INFO - Processando chamadoId: 11725
2025-05-24 22:30:24,515 - INFO - ChamadoId 11725 processado e salvo no banco de dados.
2025-05-24 22:30:24,528 - INFO - Processando chamadoId: 11723
2025-05-24 22:30:24,548 - INFO - ChamadoId 11723 processado e salvo no banco de dados.
2025-05-24 22:30:24,562 - INFO - Processando chamadoId: 11722
2025-05-24 22:30:24,568 - ERROR - Erro ao enviar lote para Flask: HTTPConnectionPool(host='localhost', port=8080): Max retries exceeded with url: /prever (Caused by NewConnectionError('<urllib3.connection.HTTPConnection object at 0x000002336EC2D7C0>: Failed to establish a new connection: [WinError 10061] Nenhuma conexão pôde ser feita porque a máquina de destino as recusou ativamente'))
2025-05-24 22:30:24,582 - INFO - Processando chamadoId: 11744
2025-05-24 22:30:24,588 - INFO - ChamadoId 11722 processado e salvo no banco de dados.
2025-05-24 22:30:24,601 - INFO - Processando chamadoId: 11720
2025-05-24 22:30:24,609 - INFO - ChamadoId 11744 processado e salvo no banco de dados.
2025-05-24 22:30:24,622 - INFO - Processando chamadoId: 11742
2025-05-24 22:30:24,628 - INFO - ChamadoId 11720 processado e salvo no banco de dados.
2025-05-24 22:30:24,641 - INFO - Processando chamadoId: 11718
2025-05-24 22:30:24,646 - INFO - ChamadoId 11742 processado e salvo no banco de dados.
2025-05-24 22:30:24,659 - INFO - Processando chamadoId: 11740
2025-05-24 22:30:24,665 - INFO - ChamadoId 11718 processado e salvo no banco de dados.
2025-05-24 22:30:24,678 - INFO - Processando chamadoId: 11716
2025-05-24 22:30:24,686 - INFO - ChamadoId 11740 processado e salvo no banco de dados.
2025-05-24 22:30:24,699 - INFO - Processando chamadoId: 11738
2025-05-24 22:30:24,703 - INFO - ChamadoId 11716 processado e salvo no banco de dados.
2025-05-24 22:30:24,714 - INFO - Processando chamadoId: 11714
2025-05-24 22:30:24,726 - INFO - ChamadoId 11738 processado e salvo no banco de dados.
2025-05-24 22:30:24,739 - INFO - Processando chamadoId: 11736
2025-05-24 22:30:24,742 - INFO - ChamadoId 11714 processado e salvo no banco de dados.
2025-05-24 22:30:24,754 - INFO - Processando chamadoId: 11712
2025-05-24 22:30:24,764 - INFO - ChamadoId 11736 processado e salvo no banco de dados.
2025-05-24 22:30:24,776 - INFO - Processando chamadoId: 11734
2025-05-24 22:30:24,776 - INFO - ChamadoId 11712 processado e salvo no banco de dados.
2025-05-24 22:30:24,789 - INFO - Processando chamadoId: 11710
2025-05-24 22:30:24,800 - INFO - ChamadoId 11734 processado e salvo no banco de dados.
2025-05-24 22:30:24,814 - INFO - Processando chamadoId: 11732
2025-05-24 22:30:24,816 - INFO - ChamadoId 11710 processado e salvo no banco de dados.
2025-05-24 22:30:24,829 - INFO - Processando chamadoId: 11708
2025-05-24 22:30:24,838 - INFO - ChamadoId 11732 processado e salvo no banco de dados.
2025-05-24 22:30:24,847 - INFO - ChamadoId 11708 processado e salvo no banco de dados.
2025-05-24 22:30:24,848 - INFO - Enviando 10 chamados para geracao de keywords
2025-05-24 22:30:24,850 - INFO - Processando chamadoId: 11730
2025-05-24 22:30:24,872 - INFO - ChamadoId 11730 processado e salvo no banco de dados.
2025-05-24 22:30:24,885 - INFO - Processando chamadoId: 11729
2025-05-24 22:30:24,911 - INFO - ChamadoId 11729 processado e salvo no banco de dados.
2025-05-24 22:30:24,924 - INFO - Processando chamadoId: 11727
2025-05-24 22:30:24,949 - INFO - ChamadoId 11727 processado e salvo no banco de dados.
2025-05-24 22:30:24,949 - INFO - Enviando 10 chamados para geracao de keywords
2025-05-24 22:30:25,173 - ERROR - Erro ao enviar lote para Flask: HTTPConnectionPool(host='localhost', port=8080): Max retries exceeded with url: /prever (Caused by NewConnectionError('<urllib3.connection.HTTPConnection object at 0x00000232077E2A50>: Failed to establish a new connection: [WinError 10061] Nenhuma conexão pôde ser feita porque a máquina de destino as recusou ativamente'))
2025-05-24 22:30:25,188 - INFO - Processando chamadoId: 11725
2025-05-24 22:30:25,219 - INFO - ChamadoId 11725 processado e salvo no banco de dados.
2025-05-24 22:30:25,230 - INFO - Processando chamadoId: 11723
2025-05-24 22:30:25,250 - INFO - ChamadoId 11723 processado e salvo no banco de dados.
2025-05-24 22:30:25,264 - INFO - Processando chamadoId: 11722
2025-05-24 22:30:25,291 - INFO - ChamadoId 11722 processado e salvo no banco de dados.
2025-05-24 22:30:25,303 - INFO - Processando chamadoId: 11720
2025-05-24 22:30:25,319 - ERROR - Erro ao enviar lote para Flask: HTTPConnectionPool(host='localhost', port=8080): Max retries exceeded with url: /prever (Caused by NewConnectionError('<urllib3.connection.HTTPConnection object at 0x00000232087051C0>: Failed to establish a new connection: [WinError 10061] Nenhuma conexão pôde ser feita porque a máquina de destino as recusou ativamente'))
2025-05-24 22:30:25,329 - INFO - ChamadoId 11720 processado e salvo no banco de dados.
2025-05-24 22:30:25,330 - INFO - Processando chamadoId: 11725
2025-05-24 22:30:25,346 - INFO - Processando chamadoId: 11718
2025-05-24 22:30:25,358 - INFO - ChamadoId 11725 processado e salvo no banco de dados.
2025-05-24 22:30:25,377 - INFO - Processando chamadoId: 11723
2025-05-24 22:30:25,397 - INFO - ChamadoId 11718 processado e salvo no banco de dados.
2025-05-24 22:30:25,398 - INFO - ChamadoId 11723 processado e salvo no banco de dados.
2025-05-24 22:30:25,410 - INFO - Processando chamadoId: 11722
2025-05-24 22:30:25,410 - INFO - Processando chamadoId: 11716
2025-05-24 22:30:25,451 - INFO - ChamadoId 11716 processado e salvo no banco de dados.
2025-05-24 22:30:25,453 - INFO - ChamadoId 11722 processado e salvo no banco de dados.
2025-05-24 22:30:25,464 - INFO - Processando chamadoId: 11714
2025-05-24 22:30:25,464 - INFO - Processando chamadoId: 11720
2025-05-24 22:30:25,548 - INFO - ChamadoId 11714 processado e salvo no banco de dados.
2025-05-24 22:30:25,549 - INFO - ChamadoId 11720 processado e salvo no banco de dados.
2025-05-24 22:30:25,558 - INFO - Processando chamadoId: 11712
2025-05-24 22:30:25,559 - INFO - Processando chamadoId: 11718
2025-05-24 22:30:25,592 - INFO - ChamadoId 11712 processado e salvo no banco de dados.
2025-05-24 22:30:25,594 - INFO - ChamadoId 11718 processado e salvo no banco de dados.
2025-05-24 22:30:25,603 - INFO - Processando chamadoId: 11710
2025-05-24 22:30:25,604 - INFO - Processando chamadoId: 11716
2025-05-24 22:30:25,639 - INFO - ChamadoId 11716 processado e salvo no banco de dados.
2025-05-24 22:30:25,642 - INFO - ChamadoId 11710 processado e salvo no banco de dados.
2025-05-24 22:30:25,649 - INFO - Processando chamadoId: 11714
2025-05-24 22:30:25,652 - INFO - Processando chamadoId: 11708
2025-05-24 22:30:25,675 - INFO - ChamadoId 11708 processado e salvo no banco de dados.
2025-05-24 22:30:25,675 - INFO - Enviando 10 chamados para geracao de keywords
2025-05-24 22:30:25,683 - INFO - ChamadoId 11714 processado e salvo no banco de dados.
2025-05-24 22:30:25,694 - INFO - Processando chamadoId: 11712
2025-05-24 22:30:25,716 - INFO - ChamadoId 11712 processado e salvo no banco de dados.
2025-05-24 22:30:25,728 - INFO - Processando chamadoId: 11710
2025-05-24 22:30:25,754 - INFO - ChamadoId 11710 processado e salvo no banco de dados.
2025-05-24 22:30:25,765 - INFO - Processando chamadoId: 11708
2025-05-24 22:30:25,786 - INFO - ChamadoId 11708 processado e salvo no banco de dados.
2025-05-24 22:30:25,786 - INFO - Enviando 10 chamados para geracao de keywords
2025-05-24 22:30:26,300 - ERROR - Erro ao enviar lote para Flask: HTTPConnectionPool(host='localhost', port=8080): Max retries exceeded with url: /prever (Caused by NewConnectionError('<urllib3.connection.HTTPConnection object at 0x0000023207790BC0>: Failed to establish a new connection: [WinError 10061] Nenhuma conexão pôde ser feita porque a máquina de destino as recusou ativamente'))
2025-05-24 22:30:26,314 - INFO - Processando chamadoId: 11725
2025-05-24 22:30:26,318 - ERROR - Erro ao enviar lote para Flask: HTTPConnectionPool(host='localhost', port=8081): Max retries exceeded with url: /extrair-keywords (Caused by NewConnectionError('<urllib3.connection.HTTPConnection object at 0x000002325C103710>: Failed to establish a new connection: [WinError 10061] Nenhuma conexão pôde ser feita porque a máquina de destino as recusou ativamente'))
2025-05-24 22:30:26,320 - INFO - Enviando 10 chamados para análise de emoções no Flask.
2025-05-24 22:30:26,351 - INFO - ChamadoId 11725 processado e salvo no banco de dados.
2025-05-24 22:30:26,362 - INFO - Processando chamadoId: 11723
2025-05-24 22:30:26,385 - INFO - ChamadoId 11723 processado e salvo no banco de dados.
2025-05-24 22:30:26,396 - INFO - Processando chamadoId: 11722
2025-05-24 22:30:26,420 - INFO - ChamadoId 11722 processado e salvo no banco de dados.
2025-05-24 22:30:26,432 - INFO - Processando chamadoId: 11720
2025-05-24 22:30:26,459 - INFO - ChamadoId 11720 processado e salvo no banco de dados.
2025-05-24 22:30:26,471 - INFO - Processando chamadoId: 11718
2025-05-24 22:30:26,494 - INFO - ChamadoId 11718 processado e salvo no banco de dados.
2025-05-24 22:30:26,506 - INFO - Processando chamadoId: 11716
2025-05-24 22:30:26,530 - INFO - ChamadoId 11716 processado e salvo no banco de dados.
2025-05-24 22:30:26,545 - INFO - Processando chamadoId: 11714
2025-05-24 22:30:26,571 - INFO - ChamadoId 11714 processado e salvo no banco de dados.
2025-05-24 22:30:26,583 - INFO - Processando chamadoId: 11712
2025-05-24 22:30:26,589 - ERROR - Erro ao enviar lote para Flask: HTTPConnectionPool(host='localhost', port=8081): Max retries exceeded with url: /extrair-keywords (Caused by NewConnectionError('<urllib3.connection.HTTPConnection object at 0x0000023255585250>: Failed to establish a new connection: [WinError 10061] Nenhuma conexão pôde ser feita porque a máquina de destino as recusou ativamente'))
2025-05-24 22:30:26,590 - INFO - Enviando 10 chamados para análise de emoções no Flask.
2025-05-24 22:30:26,609 - INFO - ChamadoId 11712 processado e salvo no banco de dados.
2025-05-24 22:30:26,620 - INFO - Processando chamadoId: 11710
2025-05-24 22:30:26,643 - INFO - ChamadoId 11710 processado e salvo no banco de dados.
2025-05-24 22:30:26,654 - INFO - Processando chamadoId: 11708
2025-05-24 22:30:26,672 - INFO - ChamadoId 11708 processado e salvo no banco de dados.
2025-05-24 22:30:26,672 - INFO - Enviando 10 chamados para geracao de keywords
2025-05-24 22:30:27,290 - ERROR - Erro ao enviar lote para Flask: HTTPConnectionPool(host='localhost', port=8081): Max retries exceeded with url: /extrair-keywords (Caused by NewConnectionError('<urllib3.connection.HTTPConnection object at 0x00000233046F8AD0>: Failed to establish a new connection: [WinError 10061] Nenhuma conexão pôde ser feita porque a máquina de destino as recusou ativamente'))
2025-05-24 22:30:27,290 - INFO - Enviando 10 chamados para análise de emoções no Flask.
2025-05-24 22:30:27,777 - ERROR - Erro ao enviar lote para Flask: HTTPConnectionPool(host='localhost', port=8081): Max retries exceeded with url: /extrair-keywords (Caused by NewConnectionError('<urllib3.connection.HTTPConnection object at 0x00000232077E07A0>: Failed to establish a new connection: [WinError 10061] Nenhuma conexão pôde ser feita porque a máquina de destino as recusou ativamente'))
2025-05-24 22:30:27,778 - INFO - Enviando 10 chamados para análise de emoções no Flask.
2025-05-24 22:30:28,156 - ERROR - Erro ao enviar lote para Flask: HTTPConnectionPool(host='localhost', port=8081): Max retries exceeded with url: /extrair-keywords (Caused by NewConnectionError('<urllib3.connection.HTTPConnection object at 0x000002336EE56480>: Failed to establish a new connection: [WinError 10061] Nenhuma conexão pôde ser feita porque a máquina de destino as recusou ativamente'))
2025-05-24 22:30:28,156 - INFO - Enviando 10 chamados para análise de emoções no Flask.
2025-05-24 22:30:28,902 - ERROR - Erro ao enviar lote para Flask: HTTPConnectionPool(host='localhost', port=8081): Max retries exceeded with url: /extrair-keywords (Caused by NewConnectionError('<urllib3.connection.HTTPConnection object at 0x00000232077E1730>: Failed to establish a new connection: [WinError 10061] Nenhuma conexão pôde ser feita porque a máquina de destino as recusou ativamente'))
2025-05-24 22:30:28,904 - INFO - Enviando 10 chamados para análise de emoções no Flask.
2025-05-24 22:30:29,028 - ERROR - Erro ao enviar lote para Flask: HTTPConnectionPool(host='localhost', port=8081): Max retries exceeded with url: /extrair-keywords (Caused by NewConnectionError('<urllib3.connection.HTTPConnection object at 0x000002336EBFC050>: Failed to establish a new connection: [WinError 10061] Nenhuma conexão pôde ser feita porque a máquina de destino as recusou ativamente'))
2025-05-24 22:30:29,028 - INFO - Enviando 10 chamados para análise de emoções no Flask.
2025-05-24 22:30:29,767 - ERROR - Erro ao enviar lote para Flask: HTTPConnectionPool(host='localhost', port=8081): Max retries exceeded with url: /extrair-keywords (Caused by NewConnectionError('<urllib3.connection.HTTPConnection object at 0x00000233046F9A00>: Failed to establish a new connection: [WinError 10061] Nenhuma conexão pôde ser feita porque a máquina de destino as recusou ativamente'))
2025-05-24 22:30:29,768 - INFO - Enviando 10 chamados para análise de emoções no Flask.
2025-05-24 22:30:29,908 - ERROR - Erro ao enviar lote para Flask: HTTPConnectionPool(host='localhost', port=8081): Max retries exceeded with url: /extrair-keywords (Caused by NewConnectionError('<urllib3.connection.HTTPConnection object at 0x000002336EC51F10>: Failed to establish a new connection: [WinError 10061] Nenhuma conexão pôde ser feita porque a máquina de destino as recusou ativamente'))
2025-05-24 22:30:29,909 - INFO - Enviando 10 chamados para análise de emoções no Flask.
2025-05-24 22:30:30,410 - ERROR - Erro ao enviar lote para Flask: HTTPConnectionPool(host='localhost', port=8080): Max retries exceeded with url: /prever (Caused by NewConnectionError('<urllib3.connection.HTTPConnection object at 0x00000233D6B32660>: Failed to establish a new connection: [WinError 10061] Nenhuma conexão pôde ser feita porque a máquina de destino as recusou ativamente'))
2025-05-24 22:30:30,422 - INFO - Processando chamadoId: 11707
2025-05-24 22:30:30,453 - INFO - ChamadoId 11707 processado e salvo no banco de dados.
2025-05-24 22:30:30,461 - INFO - Processando chamadoId: 11706
2025-05-24 22:30:30,483 - INFO - ChamadoId 11706 processado e salvo no banco de dados.
2025-05-24 22:30:30,494 - INFO - Processando chamadoId: 11705
2025-05-24 22:30:30,519 - INFO - ChamadoId 11705 processado e salvo no banco de dados.
2025-05-24 22:30:30,530 - INFO - Processando chamadoId: 11703
2025-05-24 22:30:30,557 - INFO - ChamadoId 11703 processado e salvo no banco de dados.
2025-05-24 22:30:30,567 - INFO - Processando chamadoId: 11701
2025-05-24 22:30:30,588 - INFO - ChamadoId 11701 processado e salvo no banco de dados.
2025-05-24 22:30:30,599 - INFO - Processando chamadoId: 11700
2025-05-24 22:30:30,626 - INFO - ChamadoId 11700 processado e salvo no banco de dados.
2025-05-24 22:30:30,636 - INFO - Processando chamadoId: 11698
2025-05-24 22:30:30,639 - ERROR - Erro ao enviar lote para Flask: HTTPConnectionPool(host='localhost', port=8080): Max retries exceeded with url: /prever (Caused by NewConnectionError('<urllib3.connection.HTTPConnection object at 0x000002336EE54740>: Failed to establish a new connection: [WinError 10061] Nenhuma conexão pôde ser feita porque a máquina de destino as recusou ativamente'))
2025-05-24 22:30:30,653 - INFO - Processando chamadoId: 11725
2025-05-24 22:30:30,664 - INFO - ChamadoId 11698 processado e salvo no banco de dados.
2025-05-24 22:30:30,675 - INFO - Processando chamadoId: 11696
2025-05-24 22:30:30,681 - INFO - ChamadoId 11725 processado e salvo no banco de dados.
2025-05-24 22:30:30,692 - INFO - Processando chamadoId: 11723
2025-05-24 22:30:30,698 - INFO - ChamadoId 11696 processado e salvo no banco de dados.
2025-05-24 22:30:30,708 - INFO - Processando chamadoId: 11695
2025-05-24 22:30:30,711 - INFO - ChamadoId 11723 processado e salvo no banco de dados.
2025-05-24 22:30:30,721 - INFO - Processando chamadoId: 11722
2025-05-24 22:30:30,732 - ERROR - Erro ao enviar lote para Flask: HTTPConnectionPool(host='localhost', port=8081): Max retries exceeded with url: /extrair-keywords (Caused by NewConnectionError('<urllib3.connection.HTTPConnection object at 0x0000023404F2DAC0>: Failed to establish a new connection: [WinError 10061] Nenhuma conexão pôde ser feita porque a máquina de destino as recusou ativamente'))
2025-05-24 22:30:30,732 - INFO - Enviando 10 chamados para análise de emoções no Flask.
2025-05-24 22:30:30,735 - INFO - ChamadoId 11695 processado e salvo no banco de dados.
2025-05-24 22:30:30,750 - INFO - Processando chamadoId: 11693
2025-05-24 22:30:30,752 - INFO - ChamadoId 11722 processado e salvo no banco de dados.
2025-05-24 22:30:30,765 - INFO - Processando chamadoId: 11720
2025-05-24 22:30:30,776 - INFO - ChamadoId 11693 processado e salvo no banco de dados.
2025-05-24 22:30:30,777 - INFO - Enviando 10 chamados para geracao de keywords
2025-05-24 22:30:30,788 - INFO - ChamadoId 11720 processado e salvo no banco de dados.
2025-05-24 22:30:30,799 - INFO - Processando chamadoId: 11718
2025-05-24 22:30:30,820 - INFO - ChamadoId 11718 processado e salvo no banco de dados.
2025-05-24 22:30:30,830 - INFO - Processando chamadoId: 11716
2025-05-24 22:30:30,918 - INFO - ChamadoId 11716 processado e salvo no banco de dados.
2025-05-24 22:30:30,943 - INFO - Processando chamadoId: 11714
2025-05-24 22:30:30,970 - INFO - ChamadoId 11714 processado e salvo no banco de dados.
2025-05-24 22:30:30,981 - INFO - Processando chamadoId: 11712
2025-05-24 22:30:31,004 - INFO - ChamadoId 11712 processado e salvo no banco de dados.
2025-05-24 22:30:31,016 - INFO - Processando chamadoId: 11710
2025-05-24 22:30:31,041 - INFO - ChamadoId 11710 processado e salvo no banco de dados.
2025-05-24 22:30:31,053 - INFO - Processando chamadoId: 11708
2025-05-24 22:30:31,073 - INFO - ChamadoId 11708 processado e salvo no banco de dados.
2025-05-24 22:30:31,073 - INFO - Enviando 10 chamados para geracao de keywords
2025-05-24 22:30:31,351 - ERROR - Erro ao enviar lote para Flask: HTTPConnectionPool(host='localhost', port=8080): Max retries exceeded with url: /prever (Caused by NewConnectionError('<urllib3.connection.HTTPConnection object at 0x00000233D6B31460>: Failed to establish a new connection: [WinError 10061] Nenhuma conexão pôde ser feita porque a máquina de destino as recusou ativamente'))
2025-05-24 22:30:31,365 - INFO - Processando chamadoId: 11725
2025-05-24 22:30:31,395 - INFO - ChamadoId 11725 processado e salvo no banco de dados.
2025-05-24 22:30:31,406 - INFO - Processando chamadoId: 11723
2025-05-24 22:30:31,425 - INFO - ChamadoId 11723 processado e salvo no banco de dados.
2025-05-24 22:30:31,435 - INFO - Processando chamadoId: 11722
2025-05-24 22:30:31,461 - INFO - ChamadoId 11722 processado e salvo no banco de dados.
2025-05-24 22:30:31,472 - INFO - Processando chamadoId: 11720
2025-05-24 22:30:31,497 - INFO - ChamadoId 11720 processado e salvo no banco de dados.
2025-05-24 22:30:31,508 - INFO - Processando chamadoId: 11718
2025-05-24 22:30:31,537 - INFO - ChamadoId 11718 processado e salvo no banco de dados.
2025-05-24 22:30:31,550 - INFO - Processando chamadoId: 11716
2025-05-24 22:30:31,583 - INFO - ChamadoId 11716 processado e salvo no banco de dados.
2025-05-24 22:30:31,593 - INFO - Processando chamadoId: 11714
2025-05-24 22:30:31,616 - INFO - ChamadoId 11714 processado e salvo no banco de dados.
2025-05-24 22:30:31,627 - INFO - Processando chamadoId: 11712
2025-05-24 22:30:31,649 - INFO - ChamadoId 11712 processado e salvo no banco de dados.
2025-05-24 22:30:31,662 - INFO - Processando chamadoId: 11710
2025-05-24 22:30:31,687 - INFO - ChamadoId 11710 processado e salvo no banco de dados.
2025-05-24 22:30:31,698 - INFO - Processando chamadoId: 11708
2025-05-24 22:30:31,718 - INFO - ChamadoId 11708 processado e salvo no banco de dados.
2025-05-24 22:30:31,719 - INFO - Enviando 10 chamados para geracao de keywords
2025-05-24 22:30:31,874 - ERROR - Erro ao enviar lote para Flask: HTTPConnectionPool(host='localhost', port=8080): Max retries exceeded with url: /prever (Caused by NewConnectionError('<urllib3.connection.HTTPConnection object at 0x0000023207792810>: Failed to establish a new connection: [WinError 10061] Nenhuma conexão pôde ser feita porque a máquina de destino as recusou ativamente'))
2025-05-24 22:30:31,888 - INFO - Processando chamadoId: 11707
2025-05-24 22:30:31,916 - INFO - ChamadoId 11707 processado e salvo no banco de dados.
2025-05-24 22:30:31,928 - INFO - Processando chamadoId: 11706
2025-05-24 22:30:31,949 - INFO - ChamadoId 11706 processado e salvo no banco de dados.
2025-05-24 22:30:31,960 - INFO - Processando chamadoId: 11705
2025-05-24 22:30:31,982 - INFO - ChamadoId 11705 processado e salvo no banco de dados.
2025-05-24 22:30:31,994 - INFO - Processando chamadoId: 11703
2025-05-24 22:30:32,018 - INFO - ChamadoId 11703 processado e salvo no banco de dados.
2025-05-24 22:30:32,030 - INFO - Processando chamadoId: 11701
2025-05-24 22:30:32,048 - INFO - ChamadoId 11701 processado e salvo no banco de dados.
2025-05-24 22:30:32,059 - INFO - Processando chamadoId: 11700
2025-05-24 22:30:32,084 - INFO - ChamadoId 11700 processado e salvo no banco de dados.
2025-05-24 22:30:32,095 - INFO - Processando chamadoId: 11698
2025-05-24 22:30:32,117 - INFO - ChamadoId 11698 processado e salvo no banco de dados.
2025-05-24 22:30:32,133 - INFO - Processando chamadoId: 11696
2025-05-24 22:30:32,151 - INFO - ChamadoId 11696 processado e salvo no banco de dados.
2025-05-24 22:30:32,165 - INFO - Processando chamadoId: 11695
2025-05-24 22:30:32,195 - INFO - ChamadoId 11695 processado e salvo no banco de dados.
2025-05-24 22:30:32,208 - INFO - Processando chamadoId: 11693
2025-05-24 22:30:32,233 - INFO - ChamadoId 11693 processado e salvo no banco de dados.
2025-05-24 22:30:32,233 - INFO - Enviando 10 chamados para geracao de keywords
2025-05-24 22:30:32,244 - ERROR - Erro ao enviar lote para Flask: HTTPConnectionPool(host='localhost', port=8080): Max retries exceeded with url: /prever (Caused by NewConnectionError('<urllib3.connection.HTTPConnection object at 0x000002327F814860>: Failed to establish a new connection: [WinError 10061] Nenhuma conexão pôde ser feita porque a máquina de destino as recusou ativamente'))
2025-05-24 22:30:32,256 - INFO - Processando chamadoId: 11725
2025-05-24 22:30:32,283 - INFO - ChamadoId 11725 processado e salvo no banco de dados.
2025-05-24 22:30:32,298 - INFO - Processando chamadoId: 11723
2025-05-24 22:30:32,318 - INFO - ChamadoId 11723 processado e salvo no banco de dados.
2025-05-24 22:30:32,329 - INFO - Processando chamadoId: 11722
2025-05-24 22:30:32,353 - INFO - ChamadoId 11722 processado e salvo no banco de dados.
2025-05-24 22:30:32,365 - INFO - Processando chamadoId: 11720
2025-05-24 22:30:32,389 - INFO - ChamadoId 11720 processado e salvo no banco de dados.
2025-05-24 22:30:32,402 - INFO - Processando chamadoId: 11718
2025-05-24 22:30:32,426 - INFO - ChamadoId 11718 processado e salvo no banco de dados.
2025-05-24 22:30:32,440 - INFO - Processando chamadoId: 11716
2025-05-24 22:30:32,467 - INFO - ChamadoId 11716 processado e salvo no banco de dados.
2025-05-24 22:30:32,480 - INFO - Processando chamadoId: 11714
2025-05-24 22:30:32,504 - INFO - ChamadoId 11714 processado e salvo no banco de dados.
2025-05-24 22:30:32,517 - INFO - Processando chamadoId: 11712
2025-05-24 22:30:32,541 - INFO - ChamadoId 11712 processado e salvo no banco de dados.
2025-05-24 22:30:32,553 - INFO - Processando chamadoId: 11710
2025-05-24 22:30:32,579 - INFO - ChamadoId 11710 processado e salvo no banco de dados.
2025-05-24 22:30:32,591 - INFO - Processando chamadoId: 11708
2025-05-24 22:30:32,611 - INFO - ChamadoId 11708 processado e salvo no banco de dados.
2025-05-24 22:30:32,611 - INFO - Enviando 10 chamados para geracao de keywords
2025-05-24 22:30:32,994 - ERROR - Erro ao enviar lote para Flask: HTTPConnectionPool(host='localhost', port=8080): Max retries exceeded with url: /prever (Caused by NewConnectionError('<urllib3.connection.HTTPConnection object at 0x00000232077E34D0>: Failed to establish a new connection: [WinError 10061] Nenhuma conexão pôde ser feita porque a máquina de destino as recusou ativamente'))
2025-05-24 22:30:33,007 - INFO - Processando chamadoId: 11707
2025-05-24 22:30:33,029 - INFO - ChamadoId 11707 processado e salvo no banco de dados.
2025-05-24 22:30:33,042 - INFO - Processando chamadoId: 11706
2025-05-24 22:30:33,062 - INFO - ChamadoId 11706 processado e salvo no banco de dados.
2025-05-24 22:30:33,077 - INFO - Processando chamadoId: 11705
2025-05-24 22:30:33,100 - INFO - ChamadoId 11705 processado e salvo no banco de dados.
2025-05-24 22:30:33,110 - ERROR - Erro ao enviar lote para Flask: HTTPConnectionPool(host='localhost', port=8080): Max retries exceeded with url: /prever (Caused by NewConnectionError('<urllib3.connection.HTTPConnection object at 0x00000232077E2F00>: Failed to establish a new connection: [WinError 10061] Nenhuma conexão pôde ser feita porque a máquina de destino as recusou ativamente'))
2025-05-24 22:30:33,113 - INFO - Processando chamadoId: 11703
2025-05-24 22:30:33,125 - INFO - Processando chamadoId: 11725
2025-05-24 22:30:33,138 - INFO - ChamadoId 11703 processado e salvo no banco de dados.
2025-05-24 22:30:33,151 - INFO - Processando chamadoId: 11701
2025-05-24 22:30:33,151 - INFO - ChamadoId 11725 processado e salvo no banco de dados.
2025-05-24 22:30:33,166 - INFO - Processando chamadoId: 11723
2025-05-24 22:30:33,172 - INFO - ChamadoId 11701 processado e salvo no banco de dados.
2025-05-24 22:30:33,185 - INFO - Processando chamadoId: 11700
2025-05-24 22:30:33,188 - INFO - ChamadoId 11723 processado e salvo no banco de dados.
2025-05-24 22:30:33,201 - INFO - Processando chamadoId: 11722
2025-05-24 22:30:33,211 - INFO - ChamadoId 11700 processado e salvo no banco de dados.
2025-05-24 22:30:33,224 - INFO - Processando chamadoId: 11698
2025-05-24 22:30:33,227 - INFO - ChamadoId 11722 processado e salvo no banco de dados.
2025-05-24 22:30:33,242 - INFO - Processando chamadoId: 11720
2025-05-24 22:30:33,251 - INFO - ChamadoId 11698 processado e salvo no banco de dados.
2025-05-24 22:30:33,264 - INFO - Processando chamadoId: 11696
2025-05-24 22:30:33,272 - INFO - ChamadoId 11720 processado e salvo no banco de dados.
2025-05-24 22:30:33,284 - INFO - ChamadoId 11696 processado e salvo no banco de dados.
2025-05-24 22:30:33,284 - INFO - Processando chamadoId: 11718
2025-05-24 22:30:33,297 - INFO - Processando chamadoId: 11695
2025-05-24 22:30:33,311 - INFO - ChamadoId 11718 processado e salvo no banco de dados.
2025-05-24 22:30:33,321 - INFO - Processando chamadoId: 11716
2025-05-24 22:30:33,321 - INFO - ChamadoId 11695 processado e salvo no banco de dados.
2025-05-24 22:30:33,335 - INFO - Processando chamadoId: 11693
2025-05-24 22:30:33,349 - INFO - ChamadoId 11716 processado e salvo no banco de dados.
2025-05-24 22:30:33,360 - INFO - ChamadoId 11693 processado e salvo no banco de dados.
2025-05-24 22:30:33,360 - INFO - Processando chamadoId: 11714
2025-05-24 22:30:33,360 - INFO - Enviando 10 chamados para geracao de keywords
2025-05-24 22:30:33,388 - INFO - ChamadoId 11714 processado e salvo no banco de dados.
2025-05-24 22:30:33,401 - INFO - Processando chamadoId: 11712
2025-05-24 22:30:33,426 - INFO - ChamadoId 11712 processado e salvo no banco de dados.
2025-05-24 22:30:33,439 - INFO - Processando chamadoId: 11710
2025-05-24 22:30:33,468 - INFO - ChamadoId 11710 processado e salvo no banco de dados.
2025-05-24 22:30:33,481 - INFO - Processando chamadoId: 11708
2025-05-24 22:30:33,501 - INFO - ChamadoId 11708 processado e salvo no banco de dados.
2025-05-24 22:30:33,501 - INFO - Enviando 10 chamados para geracao de keywords
2025-05-24 22:30:33,843 - ERROR - Erro ao enviar lote para Flask: HTTPConnectionPool(host='localhost', port=8080): Max retries exceeded with url: /prever (Caused by NewConnectionError('<urllib3.connection.HTTPConnection object at 0x00000232077E3650>: Failed to establish a new connection: [WinError 10061] Nenhuma conexão pôde ser feita porque a máquina de destino as recusou ativamente'))
2025-05-24 22:30:33,855 - INFO - Processando chamadoId: 11707
2025-05-24 22:30:33,879 - INFO - ChamadoId 11707 processado e salvo no banco de dados.
2025-05-24 22:30:33,890 - INFO - Processando chamadoId: 11706
2025-05-24 22:30:33,910 - INFO - ChamadoId 11706 processado e salvo no banco de dados.
2025-05-24 22:30:33,922 - INFO - Processando chamadoId: 11705
2025-05-24 22:30:33,944 - INFO - ChamadoId 11705 processado e salvo no banco de dados.
2025-05-24 22:30:33,955 - INFO - Processando chamadoId: 11703
2025-05-24 22:30:33,980 - INFO - ChamadoId 11703 processado e salvo no banco de dados.
2025-05-24 22:30:33,991 - INFO - Processando chamadoId: 11701
2025-05-24 22:30:33,992 - ERROR - Erro ao enviar lote para Flask: HTTPConnectionPool(host='localhost', port=8080): Max retries exceeded with url: /prever (Caused by NewConnectionError('<urllib3.connection.HTTPConnection object at 0x000002327F68A6F0>: Failed to establish a new connection: [WinError 10061] Nenhuma conexão pôde ser feita porque a máquina de destino as recusou ativamente'))
2025-05-24 22:30:34,003 - INFO - Processando chamadoId: 11707
2025-05-24 22:30:34,010 - INFO - ChamadoId 11701 processado e salvo no banco de dados.
2025-05-24 22:30:34,021 - INFO - ChamadoId 11707 processado e salvo no banco de dados.
2025-05-24 22:30:34,021 - INFO - Processando chamadoId: 11700
2025-05-24 22:30:34,032 - INFO - Processando chamadoId: 11706
2025-05-24 22:30:34,051 - INFO - ChamadoId 11700 processado e salvo no banco de dados.
2025-05-24 22:30:34,051 - INFO - ChamadoId 11706 processado e salvo no banco de dados.
2025-05-24 22:30:34,062 - INFO - Processando chamadoId: 11698
2025-05-24 22:30:34,062 - INFO - Processando chamadoId: 11705
2025-05-24 22:30:34,092 - INFO - ChamadoId 11698 processado e salvo no banco de dados.
2025-05-24 22:30:34,092 - INFO - ChamadoId 11705 processado e salvo no banco de dados.
2025-05-24 22:30:34,101 - INFO - Processando chamadoId: 11703
2025-05-24 22:30:34,102 - INFO - Processando chamadoId: 11696
2025-05-24 22:30:34,124 - INFO - ChamadoId 11696 processado e salvo no banco de dados.
2025-05-24 22:30:34,132 - INFO - ChamadoId 11703 processado e salvo no banco de dados.
2025-05-24 22:30:34,132 - INFO - Processando chamadoId: 11695
2025-05-24 22:30:34,143 - INFO - Processando chamadoId: 11701
2025-05-24 22:30:34,155 - INFO - ChamadoId 11695 processado e salvo no banco de dados.
2025-05-24 22:30:34,161 - INFO - ChamadoId 11701 processado e salvo no banco de dados.
2025-05-24 22:30:34,165 - INFO - Processando chamadoId: 11693
2025-05-24 22:30:34,171 - INFO - Processando chamadoId: 11700
2025-05-24 22:30:34,192 - INFO - ChamadoId 11693 processado e salvo no banco de dados.
2025-05-24 22:30:34,192 - INFO - Enviando 10 chamados para geracao de keywords
2025-05-24 22:30:34,199 - INFO - ChamadoId 11700 processado e salvo no banco de dados.
2025-05-24 22:30:34,212 - INFO - Processando chamadoId: 11698
2025-05-24 22:30:34,233 - INFO - ChamadoId 11698 processado e salvo no banco de dados.
2025-05-24 22:30:34,244 - INFO - Processando chamadoId: 11696
2025-05-24 22:30:34,261 - INFO - ChamadoId 11696 processado e salvo no banco de dados.
2025-05-24 22:30:34,272 - INFO - Processando chamadoId: 11695
2025-05-24 22:30:34,294 - INFO - ChamadoId 11695 processado e salvo no banco de dados.
2025-05-24 22:30:34,306 - INFO - Processando chamadoId: 11693
2025-05-24 22:30:34,329 - INFO - ChamadoId 11693 processado e salvo no banco de dados.
2025-05-24 22:30:34,329 - INFO - Enviando 10 chamados para geracao de keywords
2025-05-24 22:30:34,828 - ERROR - Erro ao enviar lote para Flask: HTTPConnectionPool(host='localhost', port=8080): Max retries exceeded with url: /prever (Caused by NewConnectionError('<urllib3.connection.HTTPConnection object at 0x000002327C974E60>: Failed to establish a new connection: [WinError 10061] Nenhuma conexão pôde ser feita porque a máquina de destino as recusou ativamente'))
2025-05-24 22:30:34,844 - INFO - Processando chamadoId: 11707
2025-05-24 22:30:34,868 - ERROR - Erro ao enviar lote para Flask: HTTPConnectionPool(host='localhost', port=8081): Max retries exceeded with url: /extrair-keywords (Caused by NewConnectionError('<urllib3.connection.HTTPConnection object at 0x0000023255584D10>: Failed to establish a new connection: [WinError 10061] Nenhuma conexão pôde ser feita porque a máquina de destino as recusou ativamente'))
2025-05-24 22:30:34,868 - INFO - ChamadoId 11707 processado e salvo no banco de dados.
2025-05-24 22:30:34,868 - INFO - Enviando 10 chamados para análise de emoções no Flask.
2025-05-24 22:30:34,882 - INFO - Processando chamadoId: 11706
2025-05-24 22:30:34,901 - INFO - ChamadoId 11706 processado e salvo no banco de dados.
2025-05-24 22:30:34,915 - INFO - Processando chamadoId: 11705
2025-05-24 22:30:34,937 - INFO - ChamadoId 11705 processado e salvo no banco de dados.
2025-05-24 22:30:34,949 - INFO - Processando chamadoId: 11703
2025-05-24 22:30:34,973 - INFO - ChamadoId 11703 processado e salvo no banco de dados.
2025-05-24 22:30:34,984 - INFO - Processando chamadoId: 11701
2025-05-24 22:30:35,002 - INFO - ChamadoId 11701 processado e salvo no banco de dados.
2025-05-24 22:30:35,013 - INFO - Processando chamadoId: 11700
2025-05-24 22:30:35,038 - INFO - ChamadoId 11700 processado e salvo no banco de dados.
2025-05-24 22:30:35,049 - INFO - Processando chamadoId: 11698
2025-05-24 22:30:35,074 - INFO - ChamadoId 11698 processado e salvo no banco de dados.
2025-05-24 22:30:35,085 - INFO - Processando chamadoId: 11696
2025-05-24 22:30:35,103 - INFO - ChamadoId 11696 processado e salvo no banco de dados.
2025-05-24 22:30:35,115 - INFO - Processando chamadoId: 11695
2025-05-24 22:30:35,138 - INFO - ChamadoId 11695 processado e salvo no banco de dados.
2025-05-24 22:30:35,151 - INFO - Processando chamadoId: 11693
2025-05-24 22:30:35,186 - ERROR - Erro ao enviar lote para Flask: HTTPConnectionPool(host='localhost', port=8081): Max retries exceeded with url: /extrair-keywords (Caused by NewConnectionError('<urllib3.connection.HTTPConnection object at 0x00000232077E2C00>: Failed to establish a new connection: [WinError 10061] Nenhuma conexão pôde ser feita porque a máquina de destino as recusou ativamente'))
2025-05-24 22:30:35,186 - INFO - Enviando 10 chamados para análise de emoções no Flask.
2025-05-24 22:30:35,192 - INFO - ChamadoId 11693 processado e salvo no banco de dados.
2025-05-24 22:30:35,192 - INFO - Enviando 10 chamados para geracao de keywords
2025-05-24 22:30:35,785 - ERROR - Erro ao enviar lote para Flask: HTTPConnectionPool(host='localhost', port=8081): Max retries exceeded with url: /extrair-keywords (Caused by NewConnectionError('<urllib3.connection.HTTPConnection object at 0x000002336EF35B80>: Failed to establish a new connection: [WinError 10061] Nenhuma conexão pôde ser feita porque a máquina de destino as recusou ativamente'))
2025-05-24 22:30:35,786 - INFO - Enviando 10 chamados para análise de emoções no Flask.
2025-05-24 22:30:36,316 - ERROR - Erro ao enviar lote para Flask: HTTPConnectionPool(host='localhost', port=8081): Max retries exceeded with url: /extrair-keywords (Caused by NewConnectionError('<urllib3.connection.HTTPConnection object at 0x00000233D6B30380>: Failed to establish a new connection: [WinError 10061] Nenhuma conexão pôde ser feita porque a máquina de destino as recusou ativamente'))
2025-05-24 22:30:36,318 - INFO - Enviando 10 chamados para análise de emoções no Flask.
2025-05-24 22:30:36,678 - ERROR - Erro ao enviar lote para Flask: HTTPConnectionPool(host='localhost', port=8081): Max retries exceeded with url: /extrair-keywords (Caused by NewConnectionError('<urllib3.connection.HTTPConnection object at 0x0000023207791A60>: Failed to establish a new connection: [WinError 10061] Nenhuma conexão pôde ser feita porque a máquina de destino as recusou ativamente'))
2025-05-24 22:30:36,680 - INFO - Enviando 10 chamados para análise de emoções no Flask.
2025-05-24 22:30:37,425 - ERROR - Erro ao enviar lote para Flask: HTTPConnectionPool(host='localhost', port=8081): Max retries exceeded with url: /extrair-keywords (Caused by NewConnectionError('<urllib3.connection.HTTPConnection object at 0x000002336EE55F70>: Failed to establish a new connection: [WinError 10061] Nenhuma conexão pôde ser feita porque a máquina de destino as recusou ativamente'))
2025-05-24 22:30:37,427 - INFO - Enviando 10 chamados para análise de emoções no Flask.
2025-05-24 22:30:37,569 - ERROR - Erro ao enviar lote para Flask: HTTPConnectionPool(host='localhost', port=8081): Max retries exceeded with url: /extrair-keywords (Caused by NewConnectionError('<urllib3.connection.HTTPConnection object at 0x00000232077E2390>: Failed to establish a new connection: [WinError 10061] Nenhuma conexão pôde ser feita porque a máquina de destino as recusou ativamente'))
2025-05-24 22:30:37,570 - INFO - Enviando 10 chamados para análise de emoções no Flask.
2025-05-24 22:30:38,258 - ERROR - Erro ao enviar lote para Flask: HTTPConnectionPool(host='localhost', port=8081): Max retries exceeded with url: /extrair-keywords (Caused by NewConnectionError('<urllib3.connection.HTTPConnection object at 0x00000233D6B303E0>: Failed to establish a new connection: [WinError 10061] Nenhuma conexão pôde ser feita porque a máquina de destino as recusou ativamente'))
2025-05-24 22:30:38,259 - INFO - Enviando 10 chamados para análise de emoções no Flask.
2025-05-24 22:30:38,402 - ERROR - Erro ao enviar lote para Flask: HTTPConnectionPool(host='localhost', port=8081): Max retries exceeded with url: /extrair-keywords (Caused by NewConnectionError('<urllib3.connection.HTTPConnection object at 0x000002327E4AFCE0>: Failed to establish a new connection: [WinError 10061] Nenhuma conexão pôde ser feita porque a máquina de destino as recusou ativamente'))
2025-05-24 22:30:38,405 - INFO - Enviando 10 chamados para análise de emoções no Flask.
2025-05-24 22:30:38,948 - ERROR - Erro ao enviar lote para Flask: HTTPConnectionPool(host='localhost', port=8080): Max retries exceeded with url: /prever (Caused by NewConnectionError('<urllib3.connection.HTTPConnection object at 0x000002336EE568D0>: Failed to establish a new connection: [WinError 10061] Nenhuma conexão pôde ser feita porque a máquina de destino as recusou ativamente'))
2025-05-24 22:30:38,961 - INFO - Processando chamadoId: 11691
2025-05-24 22:30:38,995 - INFO - ChamadoId 11691 processado e salvo no banco de dados.
2025-05-24 22:30:39,006 - INFO - Processando chamadoId: 11689
2025-05-24 22:30:39,028 - INFO - ChamadoId 11689 processado e salvo no banco de dados.
2025-05-24 22:30:39,040 - INFO - Processando chamadoId: 11688
2025-05-24 22:30:39,069 - INFO - ChamadoId 11688 processado e salvo no banco de dados.
2025-05-24 22:30:39,079 - INFO - Processando chamadoId: 11686
2025-05-24 22:30:39,105 - INFO - ChamadoId 11686 processado e salvo no banco de dados.
2025-05-24 22:30:39,117 - INFO - Processando chamadoId: 11684
2025-05-24 22:30:39,147 - INFO - ChamadoId 11684 processado e salvo no banco de dados.
2025-05-24 22:30:39,159 - INFO - Processando chamadoId: 11682
2025-05-24 22:30:39,184 - INFO - ChamadoId 11682 processado e salvo no banco de dados.
2025-05-24 22:30:39,194 - INFO - Processando chamadoId: 11680
2025-05-24 22:30:39,219 - INFO - ChamadoId 11680 processado e salvo no banco de dados.
2025-05-24 22:30:39,230 - INFO - Processando chamadoId: 11678
2025-05-24 22:30:39,236 - ERROR - Erro ao enviar lote para Flask: HTTPConnectionPool(host='localhost', port=8080): Max retries exceeded with url: /prever (Caused by NewConnectionError('<urllib3.connection.HTTPConnection object at 0x000002327E4AF620>: Failed to establish a new connection: [WinError 10061] Nenhuma conexão pôde ser feita porque a máquina de destino as recusou ativamente'))
2025-05-24 22:30:39,248 - INFO - Processando chamadoId: 11707
2025-05-24 22:30:39,261 - INFO - ChamadoId 11678 processado e salvo no banco de dados.
2025-05-24 22:30:39,267 - INFO - ChamadoId 11707 processado e salvo no banco de dados.
2025-05-24 22:30:39,272 - INFO - Processando chamadoId: 11676
2025-05-24 22:30:39,277 - INFO - Processando chamadoId: 11706
2025-05-24 22:30:39,291 - ERROR - Erro ao enviar lote para Flask: HTTPConnectionPool(host='localhost', port=8081): Max retries exceeded with url: /extrair-keywords (Caused by NewConnectionError('<urllib3.connection.HTTPConnection object at 0x000002336EE548C0>: Failed to establish a new connection: [WinError 10061] Nenhuma conexão pôde ser feita porque a máquina de destino as recusou ativamente'))
2025-05-24 22:30:39,292 - INFO - Enviando 10 chamados para análise de emoções no Flask.
2025-05-24 22:30:39,302 - INFO - ChamadoId 11706 processado e salvo no banco de dados.
2025-05-24 22:30:39,307 - INFO - ChamadoId 11676 processado e salvo no banco de dados.
2025-05-24 22:30:39,313 - INFO - Processando chamadoId: 11705
2025-05-24 22:30:39,317 - INFO - Processando chamadoId: 11674
2025-05-24 22:30:39,342 - INFO - ChamadoId 11705 processado e salvo no banco de dados.
2025-05-24 22:30:39,350 - INFO - ChamadoId 11674 processado e salvo no banco de dados.
2025-05-24 22:30:39,351 - INFO - Enviando 10 chamados para geracao de keywords
2025-05-24 22:30:39,352 - INFO - Processando chamadoId: 11703
2025-05-24 22:30:39,376 - INFO - ChamadoId 11703 processado e salvo no banco de dados.
2025-05-24 22:30:39,387 - INFO - Processando chamadoId: 11701
2025-05-24 22:30:39,405 - INFO - ChamadoId 11701 processado e salvo no banco de dados.
2025-05-24 22:30:39,416 - INFO - Processando chamadoId: 11700
2025-05-24 22:30:39,441 - INFO - ChamadoId 11700 processado e salvo no banco de dados.
2025-05-24 22:30:39,454 - INFO - Processando chamadoId: 11698
2025-05-24 22:30:39,477 - INFO - ChamadoId 11698 processado e salvo no banco de dados.
2025-05-24 22:30:39,488 - INFO - Processando chamadoId: 11696
2025-05-24 22:30:39,506 - INFO - ChamadoId 11696 processado e salvo no banco de dados.
2025-05-24 22:30:39,517 - INFO - Processando chamadoId: 11695
2025-05-24 22:30:39,541 - INFO - ChamadoId 11695 processado e salvo no banco de dados.
2025-05-24 22:30:39,553 - INFO - Processando chamadoId: 11693
2025-05-24 22:30:39,578 - INFO - ChamadoId 11693 processado e salvo no banco de dados.
2025-05-24 22:30:39,578 - INFO - Enviando 10 chamados para geracao de keywords
2025-05-24 22:30:39,873 - ERROR - Erro ao enviar lote para Flask: HTTPConnectionPool(host='localhost', port=8080): Max retries exceeded with url: /prever (Caused by NewConnectionError('<urllib3.connection.HTTPConnection object at 0x00000232077E2E40>: Failed to establish a new connection: [WinError 10061] Nenhuma conexão pôde ser feita porque a máquina de destino as recusou ativamente'))
2025-05-24 22:30:39,886 - INFO - Processando chamadoId: 11707
2025-05-24 22:30:39,911 - INFO - ChamadoId 11707 processado e salvo no banco de dados.
2025-05-24 22:30:39,921 - INFO - Processando chamadoId: 11706
2025-05-24 22:30:39,940 - INFO - ChamadoId 11706 processado e salvo no banco de dados.
2025-05-24 22:30:39,951 - INFO - Processando chamadoId: 11705
2025-05-24 22:30:39,975 - INFO - ChamadoId 11705 processado e salvo no banco de dados.
2025-05-24 22:30:39,987 - INFO - Processando chamadoId: 11703
2025-05-24 22:30:40,010 - INFO - ChamadoId 11703 processado e salvo no banco de dados.
2025-05-24 22:30:40,022 - INFO - Processando chamadoId: 11701
2025-05-24 22:30:40,041 - INFO - ChamadoId 11701 processado e salvo no banco de dados.
2025-05-24 22:30:40,052 - INFO - Processando chamadoId: 11700
2025-05-24 22:30:40,076 - INFO - ChamadoId 11700 processado e salvo no banco de dados.
2025-05-24 22:30:40,087 - INFO - Processando chamadoId: 11698
2025-05-24 22:30:40,120 - INFO - ChamadoId 11698 processado e salvo no banco de dados.
2025-05-24 22:30:40,131 - INFO - Processando chamadoId: 11696
2025-05-24 22:30:40,155 - INFO - ChamadoId 11696 processado e salvo no banco de dados.
2025-05-24 22:30:40,167 - INFO - Processando chamadoId: 11695
2025-05-24 22:30:40,190 - INFO - ChamadoId 11695 processado e salvo no banco de dados.
2025-05-24 22:30:40,200 - INFO - Processando chamadoId: 11693
2025-05-24 22:30:40,224 - INFO - ChamadoId 11693 processado e salvo no banco de dados.
2025-05-24 22:30:40,224 - INFO - Enviando 10 chamados para geracao de keywords
2025-05-24 22:30:40,413 - ERROR - Erro ao enviar lote para Flask: HTTPConnectionPool(host='localhost', port=8080): Max retries exceeded with url: /prever (Caused by NewConnectionError('<urllib3.connection.HTTPConnection object at 0x0000023255585910>: Failed to establish a new connection: [WinError 10061] Nenhuma conexão pôde ser feita porque a máquina de destino as recusou ativamente'))
2025-05-24 22:30:40,429 - INFO - Processando chamadoId: 11691
2025-05-24 22:30:40,460 - INFO - ChamadoId 11691 processado e salvo no banco de dados.
2025-05-24 22:30:40,473 - INFO - Processando chamadoId: 11689
2025-05-24 22:30:40,493 - INFO - ChamadoId 11689 processado e salvo no banco de dados.
2025-05-24 22:30:40,506 - INFO - Processando chamadoId: 11688
2025-05-24 22:30:40,534 - INFO - ChamadoId 11688 processado e salvo no banco de dados.
2025-05-24 22:30:40,545 - INFO - Processando chamadoId: 11686
2025-05-24 22:30:40,598 - INFO - ChamadoId 11686 processado e salvo no banco de dados.
2025-05-24 22:30:40,609 - INFO - Processando chamadoId: 11684
2025-05-24 22:30:40,636 - INFO - ChamadoId 11684 processado e salvo no banco de dados.
2025-05-24 22:30:40,646 - INFO - Processando chamadoId: 11682
2025-05-24 22:30:40,672 - INFO - ChamadoId 11682 processado e salvo no banco de dados.
2025-05-24 22:30:40,682 - INFO - Processando chamadoId: 11680
2025-05-24 22:30:40,707 - INFO - ChamadoId 11680 processado e salvo no banco de dados.
2025-05-24 22:30:40,718 - INFO - Processando chamadoId: 11678
2025-05-24 22:30:40,744 - INFO - ChamadoId 11678 processado e salvo no banco de dados.
2025-05-24 22:30:40,758 - INFO - Processando chamadoId: 11676
2025-05-24 22:30:40,773 - ERROR - Erro ao enviar lote para Flask: HTTPConnectionPool(host='localhost', port=8080): Max retries exceeded with url: /prever (Caused by NewConnectionError('<urllib3.connection.HTTPConnection object at 0x000002327F68A660>: Failed to establish a new connection: [WinError 10061] Nenhuma conexão pôde ser feita porque a máquina de destino as recusou ativamente'))
2025-05-24 22:30:40,780 - INFO - ChamadoId 11676 processado e salvo no banco de dados.
2025-05-24 22:30:40,783 - INFO - Processando chamadoId: 11707
2025-05-24 22:30:40,792 - INFO - Processando chamadoId: 11674
2025-05-24 22:30:40,802 - INFO - ChamadoId 11707 processado e salvo no banco de dados.
2025-05-24 22:30:40,813 - INFO - Processando chamadoId: 11706
2025-05-24 22:30:40,816 - INFO - ChamadoId 11674 processado e salvo no banco de dados.
2025-05-24 22:30:40,816 - INFO - Enviando 10 chamados para geracao de keywords
2025-05-24 22:30:40,833 - INFO - ChamadoId 11706 processado e salvo no banco de dados.
2025-05-24 22:30:40,845 - INFO - Processando chamadoId: 11705
2025-05-24 22:30:40,868 - INFO - ChamadoId 11705 processado e salvo no banco de dados.
2025-05-24 22:30:40,879 - INFO - Processando chamadoId: 11703
2025-05-24 22:30:40,911 - INFO - ChamadoId 11703 processado e salvo no banco de dados.
2025-05-24 22:30:40,923 - INFO - Processando chamadoId: 11701
2025-05-24 22:30:40,948 - INFO - ChamadoId 11701 processado e salvo no banco de dados.
2025-05-24 22:30:40,960 - INFO - Processando chamadoId: 11700
2025-05-24 22:30:40,987 - INFO - ChamadoId 11700 processado e salvo no banco de dados.
2025-05-24 22:30:40,999 - INFO - Processando chamadoId: 11698
2025-05-24 22:30:41,024 - INFO - ChamadoId 11698 processado e salvo no banco de dados.
2025-05-24 22:30:41,037 - INFO - Processando chamadoId: 11696
2025-05-24 22:30:41,058 - INFO - ChamadoId 11696 processado e salvo no banco de dados.
2025-05-24 22:30:41,071 - INFO - Processando chamadoId: 11695
2025-05-24 22:30:41,095 - INFO - ChamadoId 11695 processado e salvo no banco de dados.
2025-05-24 22:30:41,107 - INFO - Processando chamadoId: 11693
2025-05-24 22:30:41,131 - INFO - ChamadoId 11693 processado e salvo no banco de dados.
2025-05-24 22:30:41,132 - INFO - Enviando 10 chamados para geracao de keywords
2025-05-24 22:30:41,487 - ERROR - Erro ao enviar lote para Flask: HTTPConnectionPool(host='localhost', port=8080): Max retries exceeded with url: /prever (Caused by NewConnectionError('<urllib3.connection.HTTPConnection object at 0x00000232077E1D00>: Failed to establish a new connection: [WinError 10061] Nenhuma conexão pôde ser feita porque a máquina de destino as recusou ativamente'))
2025-05-24 22:30:41,501 - INFO - Processando chamadoId: 11691
2025-05-24 22:30:41,529 - INFO - ChamadoId 11691 processado e salvo no banco de dados.
2025-05-24 22:30:41,541 - INFO - Processando chamadoId: 11689
2025-05-24 22:30:41,561 - INFO - ChamadoId 11689 processado e salvo no banco de dados.
2025-05-24 22:30:41,572 - INFO - Processando chamadoId: 11688
2025-05-24 22:30:41,602 - INFO - ChamadoId 11688 processado e salvo no banco de dados.
2025-05-24 22:30:41,614 - INFO - Processando chamadoId: 11686
2025-05-24 22:30:41,638 - INFO - ChamadoId 11686 processado e salvo no banco de dados.
2025-05-24 22:30:41,649 - ERROR - Erro ao enviar lote para Flask: HTTPConnectionPool(host='localhost', port=8080): Max retries exceeded with url: /prever (Caused by NewConnectionError('<urllib3.connection.HTTPConnection object at 0x00000232077E1520>: Failed to establish a new connection: [WinError 10061] Nenhuma conexão pôde ser feita porque a máquina de destino as recusou ativamente'))
2025-05-24 22:30:41,650 - INFO - Processando chamadoId: 11684
2025-05-24 22:30:41,662 - INFO - Processando chamadoId: 11707
2025-05-24 22:30:41,674 - INFO - ChamadoId 11684 processado e salvo no banco de dados.
2025-05-24 22:30:41,682 - INFO - ChamadoId 11707 processado e salvo no banco de dados.
2025-05-24 22:30:41,687 - INFO - Processando chamadoId: 11682
2025-05-24 22:30:41,696 - INFO - Processando chamadoId: 11706
2025-05-24 22:30:41,719 - INFO - ChamadoId 11682 processado e salvo no banco de dados.
2025-05-24 22:30:41,723 - INFO - ChamadoId 11706 processado e salvo no banco de dados.
2025-05-24 22:30:41,733 - INFO - Processando chamadoId: 11680
2025-05-24 22:30:41,737 - INFO - Processando chamadoId: 11705
2025-05-24 22:30:41,766 - INFO - ChamadoId 11680 processado e salvo no banco de dados.
2025-05-24 22:30:41,766 - INFO - ChamadoId 11705 processado e salvo no banco de dados.
2025-05-24 22:30:41,778 - INFO - Processando chamadoId: 11678
2025-05-24 22:30:41,778 - INFO - Processando chamadoId: 11703
2025-05-24 22:30:41,815 - INFO - ChamadoId 11678 processado e salvo no banco de dados.
2025-05-24 22:30:41,815 - INFO - ChamadoId 11703 processado e salvo no banco de dados.
2025-05-24 22:30:41,828 - INFO - Processando chamadoId: 11676
2025-05-24 22:30:41,828 - INFO - Processando chamadoId: 11701
2025-05-24 22:30:41,853 - INFO - ChamadoId 11701 processado e salvo no banco de dados.
2025-05-24 22:30:41,858 - INFO - ChamadoId 11676 processado e salvo no banco de dados.
2025-05-24 22:30:41,866 - INFO - Processando chamadoId: 11700
2025-05-24 22:30:41,871 - INFO - Processando chamadoId: 11674
2025-05-24 22:30:41,896 - INFO - ChamadoId 11700 processado e salvo no banco de dados.
2025-05-24 22:30:41,902 - INFO - ChamadoId 11674 processado e salvo no banco de dados.
2025-05-24 22:30:41,902 - INFO - Enviando 10 chamados para geracao de keywords
2025-05-24 22:30:41,910 - INFO - Processando chamadoId: 11698
2025-05-24 22:30:41,934 - INFO - ChamadoId 11698 processado e salvo no banco de dados.
2025-05-24 22:30:41,947 - INFO - Processando chamadoId: 11696
2025-05-24 22:30:41,969 - INFO - ChamadoId 11696 processado e salvo no banco de dados.
2025-05-24 22:30:41,983 - INFO - Processando chamadoId: 11695
2025-05-24 22:30:42,008 - INFO - ChamadoId 11695 processado e salvo no banco de dados.
2025-05-24 22:30:42,021 - INFO - Processando chamadoId: 11693
2025-05-24 22:30:42,045 - INFO - ChamadoId 11693 processado e salvo no banco de dados.
2025-05-24 22:30:42,045 - INFO - Enviando 10 chamados para geracao de keywords
2025-05-24 22:30:42,340 - ERROR - Erro ao enviar lote para Flask: HTTPConnectionPool(host='localhost', port=8080): Max retries exceeded with url: /prever (Caused by NewConnectionError('<urllib3.connection.HTTPConnection object at 0x00000232077E2DE0>: Failed to establish a new connection: [WinError 10061] Nenhuma conexão pôde ser feita porque a máquina de destino as recusou ativamente'))
2025-05-24 22:30:42,353 - INFO - Processando chamadoId: 11691
2025-05-24 22:30:42,380 - INFO - ChamadoId 11691 processado e salvo no banco de dados.
2025-05-24 22:30:42,390 - INFO - Processando chamadoId: 11689
2025-05-24 22:30:42,409 - INFO - ChamadoId 11689 processado e salvo no banco de dados.
2025-05-24 22:30:42,420 - INFO - Processando chamadoId: 11688
2025-05-24 22:30:42,447 - INFO - ChamadoId 11688 processado e salvo no banco de dados.
2025-05-24 22:30:42,458 - INFO - Processando chamadoId: 11686
2025-05-24 22:30:42,468 - ERROR - Erro ao enviar lote para Flask: HTTPConnectionPool(host='localhost', port=8080): Max retries exceeded with url: /prever (Caused by NewConnectionError('<urllib3.connection.HTTPConnection object at 0x000002320F801A30>: Failed to establish a new connection: [WinError 10061] Nenhuma conexão pôde ser feita porque a máquina de destino as recusou ativamente'))
2025-05-24 22:30:42,479 - INFO - Processando chamadoId: 11691
2025-05-24 22:30:42,481 - INFO - ChamadoId 11686 processado e salvo no banco de dados.
2025-05-24 22:30:42,493 - INFO - Processando chamadoId: 11684
2025-05-24 22:30:42,503 - INFO - ChamadoId 11691 processado e salvo no banco de dados.
2025-05-24 22:30:42,515 - INFO - Processando chamadoId: 11689
2025-05-24 22:30:42,518 - INFO - ChamadoId 11684 processado e salvo no banco de dados.
2025-05-24 22:30:42,529 - INFO - Processando chamadoId: 11682
2025-05-24 22:30:42,533 - INFO - ChamadoId 11689 processado e salvo no banco de dados.
2025-05-24 22:30:42,544 - INFO - Processando chamadoId: 11688
2025-05-24 22:30:42,553 - INFO - ChamadoId 11682 processado e salvo no banco de dados.
2025-05-24 22:30:42,565 - INFO - Processando chamadoId: 11680
2025-05-24 22:30:42,568 - INFO - ChamadoId 11688 processado e salvo no banco de dados.
2025-05-24 22:30:42,578 - INFO - Processando chamadoId: 11686
2025-05-24 22:30:42,587 - INFO - ChamadoId 11680 processado e salvo no banco de dados.
2025-05-24 22:30:42,599 - INFO - Processando chamadoId: 11678
2025-05-24 22:30:42,602 - INFO - ChamadoId 11686 processado e salvo no banco de dados.
2025-05-24 22:30:42,613 - INFO - Processando chamadoId: 11684
2025-05-24 22:30:42,622 - INFO - ChamadoId 11678 processado e salvo no banco de dados.
2025-05-24 22:30:42,634 - INFO - Processando chamadoId: 11676
2025-05-24 22:30:42,636 - INFO - ChamadoId 11684 processado e salvo no banco de dados.
2025-05-24 22:30:42,648 - INFO - Processando chamadoId: 11682
2025-05-24 22:30:42,658 - INFO - ChamadoId 11676 processado e salvo no banco de dados.
2025-05-24 22:30:42,669 - INFO - ChamadoId 11682 processado e salvo no banco de dados.
2025-05-24 22:30:42,670 - INFO - Processando chamadoId: 11674
2025-05-24 22:30:42,679 - INFO - Processando chamadoId: 11680
2025-05-24 22:30:42,694 - INFO - ChamadoId 11674 processado e salvo no banco de dados.
2025-05-24 22:30:42,694 - INFO - Enviando 10 chamados para geracao de keywords
2025-05-24 22:30:42,702 - INFO - ChamadoId 11680 processado e salvo no banco de dados.
2025-05-24 22:30:42,713 - INFO - Processando chamadoId: 11678
2025-05-24 22:30:42,735 - INFO - ChamadoId 11678 processado e salvo no banco de dados.
2025-05-24 22:30:42,745 - INFO - Processando chamadoId: 11676
2025-05-24 22:30:42,769 - INFO - ChamadoId 11676 processado e salvo no banco de dados.
2025-05-24 22:30:42,780 - INFO - Processando chamadoId: 11674
2025-05-24 22:30:42,803 - INFO - ChamadoId 11674 processado e salvo no banco de dados.
2025-05-24 22:30:42,803 - INFO - Enviando 10 chamados para geracao de keywords
2025-05-24 22:30:43,352 - ERROR - Erro ao enviar lote para Flask: HTTPConnectionPool(host='localhost', port=8080): Max retries exceeded with url: /prever (Caused by NewConnectionError('<urllib3.connection.HTTPConnection object at 0x00000233D6B32E70>: Failed to establish a new connection: [WinError 10061] Nenhuma conexão pôde ser feita porque a máquina de destino as recusou ativamente'))
2025-05-24 22:30:43,364 - INFO - Processando chamadoId: 11691
2025-05-24 22:30:43,392 - INFO - ChamadoId 11691 processado e salvo no banco de dados.
2025-05-24 22:30:43,404 - INFO - Processando chamadoId: 11689
2025-05-24 22:30:43,418 - ERROR - Erro ao enviar lote para Flask: HTTPConnectionPool(host='localhost', port=8081): Max retries exceeded with url: /extrair-keywords (Caused by NewConnectionError('<urllib3.connection.HTTPConnection object at 0x000002320772F7D0>: Failed to establish a new connection: [WinError 10061] Nenhuma conexão pôde ser feita porque a máquina de destino as recusou ativamente'))
2025-05-24 22:30:43,419 - INFO - Enviando 10 chamados para análise de emoções no Flask.
2025-05-24 22:30:43,422 - INFO - ChamadoId 11689 processado e salvo no banco de dados.
2025-05-24 22:30:43,433 - INFO - Processando chamadoId: 11688
2025-05-24 22:30:43,458 - INFO - ChamadoId 11688 processado e salvo no banco de dados.
2025-05-24 22:30:43,471 - INFO - Processando chamadoId: 11686
2025-05-24 22:30:43,493 - INFO - ChamadoId 11686 processado e salvo no banco de dados.
2025-05-24 22:30:43,505 - INFO - Processando chamadoId: 11684
2025-05-24 22:30:43,527 - INFO - ChamadoId 11684 processado e salvo no banco de dados.
2025-05-24 22:30:43,538 - INFO - Processando chamadoId: 11682
2025-05-24 22:30:43,560 - INFO - ChamadoId 11682 processado e salvo no banco de dados.
2025-05-24 22:30:43,572 - INFO - Processando chamadoId: 11680
2025-05-24 22:30:43,594 - INFO - ChamadoId 11680 processado e salvo no banco de dados.
2025-05-24 22:30:43,606 - INFO - Processando chamadoId: 11678
2025-05-24 22:30:43,630 - INFO - ChamadoId 11678 processado e salvo no banco de dados.
2025-05-24 22:30:43,642 - INFO - Processando chamadoId: 11676
2025-05-24 22:30:43,646 - ERROR - Erro ao enviar lote para Flask: HTTPConnectionPool(host='localhost', port=8081): Max retries exceeded with url: /extrair-keywords (Caused by NewConnectionError('<urllib3.connection.HTTPConnection object at 0x00000233D6B31580>: Failed to establish a new connection: [WinError 10061] Nenhuma conexão pôde ser feita porque a máquina de destino as recusou ativamente'))
2025-05-24 22:30:43,647 - INFO - Enviando 10 chamados para análise de emoções no Flask.
2025-05-24 22:30:43,671 - INFO - ChamadoId 11676 processado e salvo no banco de dados.
2025-05-24 22:30:43,682 - INFO - Processando chamadoId: 11674
2025-05-24 22:30:43,707 - INFO - ChamadoId 11674 processado e salvo no banco de dados.
2025-05-24 22:30:43,707 - INFO - Enviando 10 chamados para geracao de keywords
2025-05-24 22:30:44,271 - ERROR - Erro ao enviar lote para Flask: HTTPConnectionPool(host='localhost', port=8081): Max retries exceeded with url: /extrair-keywords (Caused by NewConnectionError('<urllib3.connection.HTTPConnection object at 0x0000023208705D90>: Failed to establish a new connection: [WinError 10061] Nenhuma conexão pôde ser feita porque a máquina de destino as recusou ativamente'))
2025-05-24 22:30:44,275 - INFO - Enviando 10 chamados para análise de emoções no Flask.
2025-05-24 22:30:44,884 - ERROR - Erro ao enviar lote para Flask: HTTPConnectionPool(host='localhost', port=8081): Max retries exceeded with url: /extrair-keywords (Caused by NewConnectionError('<urllib3.connection.HTTPConnection object at 0x00000232077E0EC0>: Failed to establish a new connection: [WinError 10061] Nenhuma conexão pôde ser feita porque a máquina de destino as recusou ativamente'))
2025-05-24 22:30:44,886 - INFO - Enviando 10 chamados para análise de emoções no Flask.
2025-05-24 22:30:45,185 - ERROR - Erro ao enviar lote para Flask: HTTPConnectionPool(host='localhost', port=8081): Max retries exceeded with url: /extrair-keywords (Caused by NewConnectionError('<urllib3.connection.HTTPConnection object at 0x000002330B64AC30>: Failed to establish a new connection: [WinError 10061] Nenhuma conexão pôde ser feita porque a máquina de destino as recusou ativamente'))
2025-05-24 22:30:45,187 - INFO - Enviando 10 chamados para análise de emoções no Flask.
2025-05-24 22:30:45,998 - ERROR - Erro ao enviar lote para Flask: HTTPConnectionPool(host='localhost', port=8081): Max retries exceeded with url: /extrair-keywords (Caused by NewConnectionError('<urllib3.connection.HTTPConnection object at 0x0000023208706B40>: Failed to establish a new connection: [WinError 10061] Nenhuma conexão pôde ser feita porque a máquina de destino as recusou ativamente'))
2025-05-24 22:30:46,001 - INFO - Enviando 10 chamados para análise de emoções no Flask.
2025-05-24 22:30:46,095 - ERROR - Erro ao enviar lote para Flask: HTTPConnectionPool(host='localhost', port=8081): Max retries exceeded with url: /extrair-keywords (Caused by NewConnectionError('<urllib3.connection.HTTPConnection object at 0x00000232077E3560>: Failed to establish a new connection: [WinError 10061] Nenhuma conexão pôde ser feita porque a máquina de destino as recusou ativamente'))
2025-05-24 22:30:46,096 - INFO - Enviando 10 chamados para análise de emoções no Flask.
2025-05-24 22:30:46,752 - ERROR - Erro ao enviar lote para Flask: HTTPConnectionPool(host='localhost', port=8081): Max retries exceeded with url: /extrair-keywords (Caused by NewConnectionError('<urllib3.connection.HTTPConnection object at 0x00000232077E2D20>: Failed to establish a new connection: [WinError 10061] Nenhuma conexão pôde ser feita porque a máquina de destino as recusou ativamente'))
2025-05-24 22:30:46,753 - INFO - Enviando 10 chamados para análise de emoções no Flask.
2025-05-24 22:30:46,894 - ERROR - Erro ao enviar lote para Flask: HTTPConnectionPool(host='localhost', port=8081): Max retries exceeded with url: /extrair-keywords (Caused by NewConnectionError('<urllib3.connection.HTTPConnection object at 0x000002327F81D7C0>: Failed to establish a new connection: [WinError 10061] Nenhuma conexão pôde ser feita porque a máquina de destino as recusou ativamente'))
2025-05-24 22:30:46,895 - INFO - Enviando 10 chamados para análise de emoções no Flask.
2025-05-24 22:30:47,483 - ERROR - Erro ao enviar lote para Flask: HTTPConnectionPool(host='localhost', port=8080): Max retries exceeded with url: /prever (Caused by NewConnectionError('<urllib3.connection.HTTPConnection object at 0x00000232077E2F00>: Failed to establish a new connection: [WinError 10061] Nenhuma conexão pôde ser feita porque a máquina de destino as recusou ativamente'))
2025-05-24 22:30:47,709 - ERROR - Erro ao enviar lote para Flask: HTTPConnectionPool(host='localhost', port=8080): Max retries exceeded with url: /prever (Caused by NewConnectionError('<urllib3.connection.HTTPConnection object at 0x00000232077E2F90>: Failed to establish a new connection: [WinError 10061] Nenhuma conexão pôde ser feita porque a máquina de destino as recusou ativamente'))
2025-05-24 22:30:47,721 - INFO - Processando chamadoId: 11691
2025-05-24 22:30:47,754 - INFO - ChamadoId 11691 processado e salvo no banco de dados.
2025-05-24 22:30:47,767 - INFO - Processando chamadoId: 11689
2025-05-24 22:30:47,778 - ERROR - Erro ao enviar lote para Flask: HTTPConnectionPool(host='localhost', port=8081): Max retries exceeded with url: /extrair-keywords (Caused by NewConnectionError('<urllib3.connection.HTTPConnection object at 0x000002327E4AFB60>: Failed to establish a new connection: [WinError 10061] Nenhuma conexão pôde ser feita porque a máquina de destino as recusou ativamente'))
2025-05-24 22:30:47,779 - INFO - Enviando 10 chamados para análise de emoções no Flask.
2025-05-24 22:30:47,784 - INFO - ChamadoId 11689 processado e salvo no banco de dados.
2025-05-24 22:30:47,796 - INFO - Processando chamadoId: 11688
2025-05-24 22:30:47,821 - INFO - ChamadoId 11688 processado e salvo no banco de dados.
2025-05-24 22:30:47,832 - INFO - Processando chamadoId: 11686
2025-05-24 22:30:47,854 - INFO - ChamadoId 11686 processado e salvo no banco de dados.
2025-05-24 22:30:47,866 - INFO - Processando chamadoId: 11684
2025-05-24 22:30:47,888 - INFO - ChamadoId 11684 processado e salvo no banco de dados.
2025-05-24 22:30:47,899 - INFO - Processando chamadoId: 11682
2025-05-24 22:30:47,919 - INFO - ChamadoId 11682 processado e salvo no banco de dados.
2025-05-24 22:30:47,930 - INFO - Processando chamadoId: 11680
2025-05-24 22:30:47,954 - INFO - ChamadoId 11680 processado e salvo no banco de dados.
2025-05-24 22:30:47,964 - INFO - Processando chamadoId: 11678
2025-05-24 22:30:47,987 - INFO - ChamadoId 11678 processado e salvo no banco de dados.
2025-05-24 22:30:47,998 - INFO - Processando chamadoId: 11676
2025-05-24 22:30:48,021 - INFO - ChamadoId 11676 processado e salvo no banco de dados.
2025-05-24 22:30:48,032 - INFO - Processando chamadoId: 11674
2025-05-24 22:30:48,056 - INFO - ChamadoId 11674 processado e salvo no banco de dados.
2025-05-24 22:30:48,056 - INFO - Enviando 10 chamados para geracao de keywords
2025-05-24 22:30:48,350 - ERROR - Erro ao enviar lote para Flask: HTTPConnectionPool(host='localhost', port=8080): Max retries exceeded with url: /prever (Caused by NewConnectionError('<urllib3.connection.HTTPConnection object at 0x000002327F814C20>: Failed to establish a new connection: [WinError 10061] Nenhuma conexão pôde ser feita porque a máquina de destino as recusou ativamente'))
2025-05-24 22:30:48,366 - INFO - Processando chamadoId: 11691
2025-05-24 22:30:48,397 - INFO - ChamadoId 11691 processado e salvo no banco de dados.
2025-05-24 22:30:48,408 - INFO - Processando chamadoId: 11689
2025-05-24 22:30:48,428 - INFO - ChamadoId 11689 processado e salvo no banco de dados.
2025-05-24 22:30:48,439 - INFO - Processando chamadoId: 11688
2025-05-24 22:30:48,466 - INFO - ChamadoId 11688 processado e salvo no banco de dados.
2025-05-24 22:30:48,477 - INFO - Processando chamadoId: 11686
2025-05-24 22:30:48,502 - INFO - ChamadoId 11686 processado e salvo no banco de dados.
2025-05-24 22:30:48,512 - INFO - Processando chamadoId: 11684
2025-05-24 22:30:48,536 - INFO - ChamadoId 11684 processado e salvo no banco de dados.
2025-05-24 22:30:48,546 - INFO - Processando chamadoId: 11682
2025-05-24 22:30:48,569 - INFO - ChamadoId 11682 processado e salvo no banco de dados.
2025-05-24 22:30:48,580 - INFO - Processando chamadoId: 11680
2025-05-24 22:30:48,603 - INFO - ChamadoId 11680 processado e salvo no banco de dados.
2025-05-24 22:30:48,614 - INFO - Processando chamadoId: 11678
2025-05-24 22:30:48,638 - INFO - ChamadoId 11678 processado e salvo no banco de dados.
2025-05-24 22:30:48,650 - INFO - Processando chamadoId: 11676
2025-05-24 22:30:48,672 - INFO - ChamadoId 11676 processado e salvo no banco de dados.
2025-05-24 22:30:48,683 - INFO - Processando chamadoId: 11674
2025-05-24 22:30:48,706 - INFO - ChamadoId 11674 processado e salvo no banco de dados.
2025-05-24 22:30:48,706 - INFO - Enviando 10 chamados para geracao de keywords
2025-05-24 22:30:48,954 - ERROR - Erro ao enviar lote para Flask: HTTPConnectionPool(host='localhost', port=8080): Max retries exceeded with url: /prever (Caused by NewConnectionError('<urllib3.connection.HTTPConnection object at 0x0000023207792F90>: Failed to establish a new connection: [WinError 10061] Nenhuma conexão pôde ser feita porque a máquina de destino as recusou ativamente'))
2025-05-24 22:30:49,276 - ERROR - Erro ao enviar lote para Flask: HTTPConnectionPool(host='localhost', port=8080): Max retries exceeded with url: /prever (Caused by NewConnectionError('<urllib3.connection.HTTPConnection object at 0x000002327F85B3E0>: Failed to establish a new connection: [WinError 10061] Nenhuma conexão pôde ser feita porque a máquina de destino as recusou ativamente'))
2025-05-24 22:30:49,295 - INFO - Processando chamadoId: 11691
2025-05-24 22:30:49,323 - INFO - ChamadoId 11691 processado e salvo no banco de dados.
2025-05-24 22:30:49,336 - INFO - Processando chamadoId: 11689
2025-05-24 22:30:49,356 - INFO - ChamadoId 11689 processado e salvo no banco de dados.
2025-05-24 22:30:49,368 - INFO - Processando chamadoId: 11688
2025-05-24 22:30:49,395 - INFO - ChamadoId 11688 processado e salvo no banco de dados.
2025-05-24 22:30:49,407 - INFO - Processando chamadoId: 11686
2025-05-24 22:30:49,436 - INFO - ChamadoId 11686 processado e salvo no banco de dados.
2025-05-24 22:30:49,449 - INFO - Processando chamadoId: 11684
2025-05-24 22:30:49,471 - INFO - ChamadoId 11684 processado e salvo no banco de dados.
2025-05-24 22:30:49,486 - INFO - Processando chamadoId: 11682
2025-05-24 22:30:49,510 - INFO - ChamadoId 11682 processado e salvo no banco de dados.
2025-05-24 22:30:49,521 - INFO - Processando chamadoId: 11680
2025-05-24 22:30:49,546 - INFO - ChamadoId 11680 processado e salvo no banco de dados.
2025-05-24 22:30:49,559 - INFO - Processando chamadoId: 11678
2025-05-24 22:30:49,584 - INFO - ChamadoId 11678 processado e salvo no banco de dados.
2025-05-24 22:30:49,604 - INFO - Processando chamadoId: 11676
2025-05-24 22:30:49,633 - INFO - ChamadoId 11676 processado e salvo no banco de dados.
2025-05-24 22:30:49,645 - INFO - Processando chamadoId: 11674
2025-05-24 22:30:49,671 - INFO - ChamadoId 11674 processado e salvo no banco de dados.
2025-05-24 22:30:49,671 - INFO - Enviando 10 chamados para geracao de keywords
2025-05-24 22:30:50,074 - ERROR - Erro ao enviar lote para Flask: HTTPConnectionPool(host='localhost', port=8080): Max retries exceeded with url: /prever (Caused by NewConnectionError('<urllib3.connection.HTTPConnection object at 0x0000023208707EF0>: Failed to establish a new connection: [WinError 10061] Nenhuma conexão pôde ser feita porque a máquina de destino as recusou ativamente'))
2025-05-24 22:30:50,178 - ERROR - Erro ao enviar lote para Flask: HTTPConnectionPool(host='localhost', port=8080): Max retries exceeded with url: /prever (Caused by NewConnectionError('<urllib3.connection.HTTPConnection object at 0x000002327F68A690>: Failed to establish a new connection: [WinError 10061] Nenhuma conexão pôde ser feita porque a máquina de destino as recusou ativamente'))
2025-05-24 22:30:50,195 - INFO - Processando chamadoId: 11691
2025-05-24 22:30:50,228 - INFO - ChamadoId 11691 processado e salvo no banco de dados.
2025-05-24 22:30:50,242 - INFO - Processando chamadoId: 11689
2025-05-24 22:30:50,262 - INFO - ChamadoId 11689 processado e salvo no banco de dados.
2025-05-24 22:30:50,275 - INFO - Processando chamadoId: 11688
2025-05-24 22:30:50,305 - INFO - ChamadoId 11688 processado e salvo no banco de dados.
2025-05-24 22:30:50,318 - INFO - Processando chamadoId: 11686
2025-05-24 22:30:50,343 - INFO - ChamadoId 11686 processado e salvo no banco de dados.
2025-05-24 22:30:50,356 - INFO - Processando chamadoId: 11684
2025-05-24 22:30:50,381 - INFO - ChamadoId 11684 processado e salvo no banco de dados.
2025-05-24 22:30:50,395 - INFO - Processando chamadoId: 11682
2025-05-24 22:30:50,420 - INFO - ChamadoId 11682 processado e salvo no banco de dados.
2025-05-24 22:30:50,434 - INFO - Processando chamadoId: 11680
2025-05-24 22:30:50,458 - INFO - ChamadoId 11680 processado e salvo no banco de dados.
2025-05-24 22:30:50,472 - INFO - Processando chamadoId: 11678
2025-05-24 22:30:50,496 - INFO - ChamadoId 11678 processado e salvo no banco de dados.
2025-05-24 22:30:50,509 - INFO - Processando chamadoId: 11676
2025-05-24 22:30:50,533 - INFO - ChamadoId 11676 processado e salvo no banco de dados.
2025-05-24 22:30:50,547 - INFO - Processando chamadoId: 11674
2025-05-24 22:30:50,573 - INFO - ChamadoId 11674 processado e salvo no banco de dados.
2025-05-24 22:30:50,573 - INFO - Enviando 10 chamados para geracao de keywords
2025-05-24 22:30:50,842 - ERROR - Erro ao enviar lote para Flask: HTTPConnectionPool(host='localhost', port=8080): Max retries exceeded with url: /prever (Caused by NewConnectionError('<urllib3.connection.HTTPConnection object at 0x00000233D6B325D0>: Failed to establish a new connection: [WinError 10061] Nenhuma conexão pôde ser feita porque a máquina de destino as recusou ativamente'))
2025-05-24 22:30:50,961 - ERROR - Erro ao enviar lote para Flask: HTTPConnectionPool(host='localhost', port=8080): Max retries exceeded with url: /prever (Caused by NewConnectionError('<urllib3.connection.HTTPConnection object at 0x000002320F8002C0>: Failed to establish a new connection: [WinError 10061] Nenhuma conexão pôde ser feita porque a máquina de destino as recusou ativamente'))
2025-05-24 22:30:51,838 - ERROR - Erro ao enviar lote para Flask: HTTPConnectionPool(host='localhost', port=8080): Max retries exceeded with url: /prever (Caused by NewConnectionError('<urllib3.connection.HTTPConnection object at 0x000002327C3489B0>: Failed to establish a new connection: [WinError 10061] Nenhuma conexão pôde ser feita porque a máquina de destino as recusou ativamente'))
2025-05-24 22:30:52,128 - ERROR - Erro ao enviar lote para Flask: HTTPConnectionPool(host='localhost', port=8081): Max retries exceeded with url: /extrair-keywords (Caused by NewConnectionError('<urllib3.connection.HTTPConnection object at 0x000002327C2CC950>: Failed to establish a new connection: [WinError 10061] Nenhuma conexão pôde ser feita porque a máquina de destino as recusou ativamente'))
2025-05-24 22:30:52,130 - INFO - Enviando 10 chamados para análise de emoções no Flask.
2025-05-24 22:30:52,797 - ERROR - Erro ao enviar lote para Flask: HTTPConnectionPool(host='localhost', port=8081): Max retries exceeded with url: /extrair-keywords (Caused by NewConnectionError('<urllib3.connection.HTTPConnection object at 0x000002327C2CE150>: Failed to establish a new connection: [WinError 10061] Nenhuma conexão pôde ser feita porque a máquina de destino as recusou ativamente'))
2025-05-24 22:30:52,797 - INFO - Enviando 10 chamados para análise de emoções no Flask.
2025-05-24 22:30:53,739 - ERROR - Erro ao enviar lote para Flask: HTTPConnectionPool(host='localhost', port=8081): Max retries exceeded with url: /extrair-keywords (Caused by NewConnectionError('<urllib3.connection.HTTPConnection object at 0x000002327C2CD730>: Failed to establish a new connection: [WinError 10061] Nenhuma conexão pôde ser feita porque a máquina de destino as recusou ativamente'))
2025-05-24 22:30:53,739 - INFO - Enviando 10 chamados para análise de emoções no Flask.
2025-05-24 22:30:54,618 - ERROR - Erro ao enviar lote para Flask: HTTPConnectionPool(host='localhost', port=8081): Max retries exceeded with url: /extrair-keywords (Caused by NewConnectionError('<urllib3.connection.HTTPConnection object at 0x000002327E13EF30>: Failed to establish a new connection: [WinError 10061] Nenhuma conexão pôde ser feita porque a máquina de destino as recusou ativamente'))
2025-05-24 22:30:54,619 - INFO - Enviando 10 chamados para análise de emoções no Flask.
2025-05-24 22:30:56,199 - ERROR - Erro ao enviar lote para Flask: HTTPConnectionPool(host='localhost', port=8080): Max retries exceeded with url: /prever (Caused by NewConnectionError('<urllib3.connection.HTTPConnection object at 0x000002327E13E8D0>: Failed to establish a new connection: [WinError 10061] Nenhuma conexão pôde ser feita porque a máquina de destino as recusou ativamente'))
2025-05-24 22:30:56,871 - ERROR - Erro ao enviar lote para Flask: HTTPConnectionPool(host='localhost', port=8080): Max retries exceeded with url: /prever (Caused by NewConnectionError('<urllib3.connection.HTTPConnection object at 0x000002327E13FEC0>: Failed to establish a new connection: [WinError 10061] Nenhuma conexão pôde ser feita porque a máquina de destino as recusou ativamente'))
2025-05-24 22:30:57,828 - ERROR - Erro ao enviar lote para Flask: HTTPConnectionPool(host='localhost', port=8080): Max retries exceeded with url: /prever (Caused by NewConnectionError('<urllib3.connection.HTTPConnection object at 0x000002327E3DC4A0>: Failed to establish a new connection: [WinError 10061] Nenhuma conexão pôde ser feita porque a máquina de destino as recusou ativamente'))
2025-05-24 22:30:58,684 - ERROR - Erro ao enviar lote para Flask: HTTPConnectionPool(host='localhost', port=8080): Max retries exceeded with url: /prever (Caused by NewConnectionError('<urllib3.connection.HTTPConnection object at 0x000002327E3DD220>: Failed to establish a new connection: [WinError 10061] Nenhuma conexão pôde ser feita porque a máquina de destino as recusou ativamente'))
